ISO-10303-21;
HEADER;
/* Generated by software containing ST-Developer
 * from STEP Tools, Inc. (www.steptools.com) 
 */

FILE_DESCRIPTION(
/* description */ (''),
/* implementation_level */ '2;1');

FILE_NAME(
/* name */ 'Y_Maze_Smooth (Assembly).step',
/* time_stamp */ '2026-09-23T14:39:38-04:00',
/* author */ (''),
/* organization */ (''),
/* preprocessor_version */ 'ST-DEVELOPER v20.2',
/* originating_system */ 'Autodesk Translation Framework v15.15.0.0',
/* authorisation */ '');

FILE_SCHEMA (('AUTOMOTIVE_DESIGN { 1 0 10303 214 3 1 1 }'));
ENDSEC;

DATA;
#10=MECHANICAL_DESIGN_GEOMETRIC_PRESENTATION_REPRESENTATION('',(#26,#27,
#28),#5013);
#11=CONTEXT_DEPENDENT_OVER_RIDING_STYLED_ITEM('',(#5046),#5028,#28,(#17));
#12=MAPPED_ITEM('',#13,#1480);
#13=REPRESENTATION_MAP(#1480,#5026);
#14=ITEM_DEFINED_TRANSFORMATION($,$,#1358,#1478);
#15=ITEM_DEFINED_TRANSFORMATION($,$,#1460,#1479);
#16=(
REPRESENTATION_RELATIONSHIP($,$,#5027,#5026)
REPRESENTATION_RELATIONSHIP_WITH_TRANSFORMATION(#14)
SHAPE_REPRESENTATION_RELATIONSHIP()
);
#17=(
REPRESENTATION_RELATIONSHIP($,$,#5028,#5026)
REPRESENTATION_RELATIONSHIP_WITH_TRANSFORMATION(#15)
SHAPE_REPRESENTATION_RELATIONSHIP()
);
#18=CONTEXT_DEPENDENT_SHAPE_REPRESENTATION(#16,#5024);
#19=CONTEXT_DEPENDENT_SHAPE_REPRESENTATION(#17,#5025);
#20=NEXT_ASSEMBLY_USAGE_OCCURRENCE('Y_Maze_Smooth v5:1',
'Y_Maze_Smooth v5:1','Y_Maze_Smooth v5:1',#5030,#5031,
'Y_Maze_Smooth v5:1');
#21=NEXT_ASSEMBLY_USAGE_OCCURRENCE('YMaze_LoadingCup v2:1',
'YMaze_LoadingCup v2:1','YMaze_LoadingCup v2:1',#5030,#5032,
'YMaze_LoadingCup v2:1');
#22=SHAPE_REPRESENTATION_RELATIONSHIP('SRR','None',#5027,#24);
#23=SHAPE_REPRESENTATION_RELATIONSHIP('SRR','None',#5028,#25);
#24=ADVANCED_BREP_SHAPE_REPRESENTATION('',(#29),#5011);
#25=ADVANCED_BREP_SHAPE_REPRESENTATION('',(#30),#5012);
#26=STYLED_ITEM('',(#5045),#29);
#27=STYLED_ITEM('',(#5046),#30);
#28=STYLED_ITEM('',(#5047),#12);
#29=MANIFOLD_SOLID_BREP('Body2',#1332);
#30=MANIFOLD_SOLID_BREP('Body1',#1333);
#31=SPHERICAL_SURFACE('',#1418,4.25000000000001);
#32=SPHERICAL_SURFACE('',#1424,4.25);
#33=(
BOUNDED_CURVE()
B_SPLINE_CURVE(2,(#2797,#2798,#2799),.UNSPECIFIED.,.F.,.F.)
B_SPLINE_CURVE_WITH_KNOTS((3,3),(0.478543973064378,0.49244638839367),
 .UNSPECIFIED.)
CURVE()
GEOMETRIC_REPRESENTATION_ITEM()
RATIONAL_B_SPLINE_CURVE((1.,0.999973371398185,0.999995061848005))
REPRESENTATION_ITEM('')
);
#34=(
BOUNDED_SURFACE()
B_SPLINE_SURFACE(2,2,((#2770,#2771,#2772,#2773,#2774,#2775,#2776,#2777,
#2778),(#2779,#2780,#2781,#2782,#2783,#2784,#2785,#2786,#2787),(#2788,#2789,
#2790,#2791,#2792,#2793,#2794,#2795,#2796)),.UNSPECIFIED.,.F.,.T.,.F.)
B_SPLINE_SURFACE_WITH_KNOTS((3,3),(3,2,2,2,3),(-0.493867199392101,-0.478543973064378),
(-3.14159265358979,-1.5707963267949,0.,1.5707963267949,3.14159265358979),
 .UNSPECIFIED.)
GEOMETRIC_REPRESENTATION_ITEM()
RATIONAL_B_SPLINE_SURFACE(((1.,0.707106781186548,1.,0.707106781186548,1.,
0.707106781186548,1.,0.707106781186548,1.),(0.999970649985436,0.707086027592221,
0.999970649985436,0.707086027592221,0.999970649985436,0.707086027592221,
0.999970649985436,0.707086027592221,0.999970649985436),(1.,0.707106781186548,
1.,0.707106781186548,1.,0.707106781186548,1.,0.707106781186548,1.)))
REPRESENTATION_ITEM('')
SURFACE()
);
#35=(
BOUNDED_SURFACE()
B_SPLINE_SURFACE(2,2,((#4191,#4192,#4193),(#4194,#4195,#4196),(#4197,#4198,
#4199)),.UNSPECIFIED.,.F.,.F.,.F.)
B_SPLINE_SURFACE_WITH_KNOTS((3,3),(3,3),(-0.66753623831198,1.02140518265514E-13),
(-0.22236792993485,-0.0406280714685151),.UNSPECIFIED.)
GEOMETRIC_REPRESENTATION_ITEM()
RATIONAL_B_SPLINE_SURFACE(((1.,0.995874168187502,1.),(0.944814597387059,
0.940916451264246,0.944814597387059),(1.,0.995874168187502,1.)))
REPRESENTATION_ITEM('')
SURFACE()
);
#36=(
BOUNDED_SURFACE()
B_SPLINE_SURFACE(2,2,((#4203,#4204,#4205),(#4206,#4207,#4208),(#4209,#4210,
#4211)),.UNSPECIFIED.,.F.,.F.,.F.)
B_SPLINE_SURFACE_WITH_KNOTS((3,3),(3,3),(0.,0.680327820187162),(-0.041725111416821,
0.0417251114168215),.UNSPECIFIED.)
GEOMETRIC_REPRESENTATION_ITEM()
RATIONAL_B_SPLINE_SURFACE(((1.,0.999129633824152,1.),(0.942699990963842,
0.941879496777735,0.942699990963842),(1.,0.999129633824152,1.)))
REPRESENTATION_ITEM('')
SURFACE()
);
#37=(
BOUNDED_SURFACE()
B_SPLINE_SURFACE(2,2,((#4217,#4218,#4219),(#4220,#4221,#4222),(#4223,#4224,
#4225)),.UNSPECIFIED.,.F.,.F.,.F.)
B_SPLINE_SURFACE_WITH_KNOTS((3,3),(3,3),(-0.666443776060196,1.11022302462516E-15),
(0.0428221513651254,0.22239714884089),.UNSPECIFIED.)
GEOMETRIC_REPRESENTATION_ITEM()
RATIONAL_B_SPLINE_SURFACE(((1.,0.99597180982998,1.),(0.944993404758649,
0.941186791614866,0.944993404758649),(1.,0.99597180982998,1.)))
REPRESENTATION_ITEM('')
SURFACE()
);
#38=(
BOUNDED_SURFACE()
B_SPLINE_SURFACE(2,2,((#4495,#4496,#4497),(#4498,#4499,#4500),(#4501,#4502,
#4503)),.UNSPECIFIED.,.F.,.F.,.F.)
B_SPLINE_SURFACE_WITH_KNOTS((3,3),(3,3),(-0.666443776060196,1.11022302462516E-15),
(2.9191955047489,3.09877050222467),.UNSPECIFIED.)
GEOMETRIC_REPRESENTATION_ITEM()
RATIONAL_B_SPLINE_SURFACE(((1.,0.99597180982998,1.),(0.944993404758649,
0.941186791614866,0.944993404758649),(1.,0.99597180982998,1.)))
REPRESENTATION_ITEM('')
SURFACE()
);
#39=(
BOUNDED_SURFACE()
B_SPLINE_SURFACE(2,2,((#4507,#4508,#4509),(#4510,#4511,#4512),(#4513,#4514,
#4515)),.UNSPECIFIED.,.F.,.F.,.F.)
B_SPLINE_SURFACE_WITH_KNOTS((3,3),(3,3),(0.,0.680308487719666),(-0.0406280714685163,
0.0428221513651265),.UNSPECIFIED.)
GEOMETRIC_REPRESENTATION_ITEM()
RATIONAL_B_SPLINE_SURFACE(((1.,0.999129633824152,1.),(0.942703215977641,
0.941882718984591,0.942703215977641),(1.,0.999129633824152,1.)))
REPRESENTATION_ITEM('')
SURFACE()
);
#40=(
BOUNDED_SURFACE()
B_SPLINE_SURFACE(2,2,((#4519,#4520,#4521),(#4522,#4523,#4524),(#4525,#4526,
#4527)),.UNSPECIFIED.,.F.,.F.,.F.)
B_SPLINE_SURFACE_WITH_KNOTS((3,3),(3,3),(-0.667536238311979,1.02140518265514E-13),
(-3.10096458212128,-2.91922472365494),.UNSPECIFIED.)
GEOMETRIC_REPRESENTATION_ITEM()
RATIONAL_B_SPLINE_SURFACE(((1.,0.995874168187501,1.),(0.944814597387076,
0.940916451264264,0.944814597387076),(1.,0.995874168187501,1.)))
REPRESENTATION_ITEM('')
SURFACE()
);
#41=ELLIPSE('',#1395,9.50328890437411,4.25);
#42=ELLIPSE('',#1396,9.50328890437411,4.25);
#43=ELLIPSE('',#1397,9.50328890437411,4.25);
#44=ELLIPSE('',#1401,9.50328890437411,4.25);
#45=ELLIPSE('',#1402,9.50328890437411,4.25);
#46=ELLIPSE('',#1403,9.50328890437411,4.25);
#47=ELLIPSE('',#1404,9.50328890437411,4.25);
#48=ELLIPSE('',#1453,47.4341649025257,15.);
#49=ELLIPSE('',#1454,47.4341649025257,15.);
#50=ELLIPSE('',#1455,47.4341649025257,15.);
#51=ELLIPSE('',#1456,47.4341649025257,15.);
#52=CONICAL_SURFACE('',#1380,13.25,0.785398163397449);
#53=CONICAL_SURFACE('',#1384,13.,0.785398163397447);
#54=CONICAL_SURFACE('',#1388,13.,0.78539816339745);
#55=CONICAL_SURFACE('',#1392,4.75,0.785398163397446);
#56=CONICAL_SURFACE('',#1398,4.75,0.78539816339745);
#57=CONICAL_SURFACE('',#1461,10.5,0.785398163397449);
#58=CONICAL_SURFACE('',#1467,12.375,0.436332312998583);
#59=FACE_BOUND('',#214,.T.);
#60=FACE_BOUND('',#218,.T.);
#61=FACE_BOUND('',#224,.T.);
#62=FACE_BOUND('',#227,.T.);
#63=FACE_BOUND('',#230,.T.);
#64=FACE_BOUND('',#297,.T.);
#65=FACE_BOUND('',#299,.T.);
#66=PLANE('',#1367);
#67=PLANE('',#1376);
#68=PLANE('',#1382);
#69=PLANE('',#1386);
#70=PLANE('',#1390);
#71=PLANE('',#1466);
#72=PLANE('',#1472);
#73=PLANE('',#1473);
#74=PLANE('',#1477);
#75=LINE('',#2243,#92);
#76=LINE('',#2258,#93);
#77=LINE('',#2331,#94);
#78=LINE('',#2565,#95);
#79=LINE('',#2569,#96);
#80=LINE('',#2576,#97);
#81=LINE('',#2600,#98);
#82=LINE('',#2623,#99);
#83=LINE('',#2627,#100);
#84=LINE('',#2699,#101);
#85=LINE('',#2703,#102);
#86=LINE('',#4865,#103);
#87=LINE('',#4977,#104);
#88=LINE('',#4982,#105);
#89=LINE('',#4988,#106);
#90=LINE('',#4992,#107);
#91=LINE('',#5000,#108);
#92=VECTOR('',#1501,12.75);
#93=VECTOR('',#1520,12.75);
#94=VECTOR('',#1525,10.);
#95=VECTOR('',#1530,13.);
#96=VECTOR('',#1535,13.25);
#97=VECTOR('',#1544,13.);
#98=VECTOR('',#1553,13.);
#99=VECTOR('',#1560,4.75);
#100=VECTOR('',#1565,4.25);
#101=VECTOR('',#1574,4.75);
#102=VECTOR('',#1579,4.25);
#103=VECTOR('',#1696,15.);
#104=VECTOR('',#1705,10.5);
#105=VECTOR('',#1712,11.);
#106=VECTOR('',#1719,12.375);
#107=VECTOR('',#1724,13.);
#108=VECTOR('',#1735,16.);
#109=CYLINDRICAL_SURFACE('',#1365,12.75);
#110=CYLINDRICAL_SURFACE('',#1374,12.75);
#111=CYLINDRICAL_SURFACE('',#1378,13.);
#112=CYLINDRICAL_SURFACE('',#1394,4.25);
#113=CYLINDRICAL_SURFACE('',#1400,4.25);
#114=CYLINDRICAL_SURFACE('',#1423,5.);
#115=CYLINDRICAL_SURFACE('',#1457,15.);
#116=CYLINDRICAL_SURFACE('',#1458,16.);
#117=CYLINDRICAL_SURFACE('',#1459,15.);
#118=CYLINDRICAL_SURFACE('',#1464,11.);
#119=CYLINDRICAL_SURFACE('',#1470,12.75);
#120=CYLINDRICAL_SURFACE('',#1475,16.);
#121=TOROIDAL_SURFACE('',#1361,9.75,3.);
#122=TOROIDAL_SURFACE('',#1369,9.75,3.);
#123=FACE_OUTER_BOUND('',#209,.T.);
#124=FACE_OUTER_BOUND('',#210,.T.);
#125=FACE_OUTER_BOUND('',#211,.T.);
#126=FACE_OUTER_BOUND('',#212,.T.);
#127=FACE_OUTER_BOUND('',#213,.T.);
#128=FACE_OUTER_BOUND('',#215,.T.);
#129=FACE_OUTER_BOUND('',#216,.T.);
#130=FACE_OUTER_BOUND('',#217,.T.);
#131=FACE_OUTER_BOUND('',#219,.T.);
#132=FACE_OUTER_BOUND('',#220,.T.);
#133=FACE_OUTER_BOUND('',#221,.T.);
#134=FACE_OUTER_BOUND('',#222,.T.);
#135=FACE_OUTER_BOUND('',#223,.T.);
#136=FACE_OUTER_BOUND('',#225,.T.);
#137=FACE_OUTER_BOUND('',#226,.T.);
#138=FACE_OUTER_BOUND('',#228,.T.);
#139=FACE_OUTER_BOUND('',#229,.T.);
#140=FACE_OUTER_BOUND('',#231,.T.);
#141=FACE_OUTER_BOUND('',#232,.T.);
#142=FACE_OUTER_BOUND('',#233,.T.);
#143=FACE_OUTER_BOUND('',#234,.T.);
#144=FACE_OUTER_BOUND('',#235,.T.);
#145=FACE_OUTER_BOUND('',#236,.T.);
#146=FACE_OUTER_BOUND('',#237,.T.);
#147=FACE_OUTER_BOUND('',#238,.T.);
#148=FACE_OUTER_BOUND('',#239,.T.);
#149=FACE_OUTER_BOUND('',#240,.T.);
#150=FACE_OUTER_BOUND('',#241,.T.);
#151=FACE_OUTER_BOUND('',#242,.T.);
#152=FACE_OUTER_BOUND('',#243,.T.);
#153=FACE_OUTER_BOUND('',#244,.T.);
#154=FACE_OUTER_BOUND('',#245,.T.);
#155=FACE_OUTER_BOUND('',#246,.T.);
#156=FACE_OUTER_BOUND('',#247,.T.);
#157=FACE_OUTER_BOUND('',#248,.T.);
#158=FACE_OUTER_BOUND('',#249,.T.);
#159=FACE_OUTER_BOUND('',#250,.T.);
#160=FACE_OUTER_BOUND('',#251,.T.);
#161=FACE_OUTER_BOUND('',#252,.T.);
#162=FACE_OUTER_BOUND('',#253,.T.);
#163=FACE_OUTER_BOUND('',#254,.T.);
#164=FACE_OUTER_BOUND('',#255,.T.);
#165=FACE_OUTER_BOUND('',#256,.T.);
#166=FACE_OUTER_BOUND('',#257,.T.);
#167=FACE_OUTER_BOUND('',#258,.T.);
#168=FACE_OUTER_BOUND('',#259,.T.);
#169=FACE_OUTER_BOUND('',#260,.T.);
#170=FACE_OUTER_BOUND('',#261,.T.);
#171=FACE_OUTER_BOUND('',#262,.T.);
#172=FACE_OUTER_BOUND('',#263,.T.);
#173=FACE_OUTER_BOUND('',#264,.T.);
#174=FACE_OUTER_BOUND('',#265,.T.);
#175=FACE_OUTER_BOUND('',#266,.T.);
#176=FACE_OUTER_BOUND('',#267,.T.);
#177=FACE_OUTER_BOUND('',#268,.T.);
#178=FACE_OUTER_BOUND('',#269,.T.);
#179=FACE_OUTER_BOUND('',#270,.T.);
#180=FACE_OUTER_BOUND('',#271,.T.);
#181=FACE_OUTER_BOUND('',#272,.T.);
#182=FACE_OUTER_BOUND('',#273,.T.);
#183=FACE_OUTER_BOUND('',#274,.T.);
#184=FACE_OUTER_BOUND('',#275,.T.);
#185=FACE_OUTER_BOUND('',#276,.T.);
#186=FACE_OUTER_BOUND('',#277,.T.);
#187=FACE_OUTER_BOUND('',#278,.T.);
#188=FACE_OUTER_BOUND('',#279,.T.);
#189=FACE_OUTER_BOUND('',#280,.T.);
#190=FACE_OUTER_BOUND('',#281,.T.);
#191=FACE_OUTER_BOUND('',#282,.T.);
#192=FACE_OUTER_BOUND('',#283,.T.);
#193=FACE_OUTER_BOUND('',#284,.T.);
#194=FACE_OUTER_BOUND('',#285,.T.);
#195=FACE_OUTER_BOUND('',#286,.T.);
#196=FACE_OUTER_BOUND('',#287,.T.);
#197=FACE_OUTER_BOUND('',#288,.T.);
#198=FACE_OUTER_BOUND('',#289,.T.);
#199=FACE_OUTER_BOUND('',#290,.T.);
#200=FACE_OUTER_BOUND('',#291,.T.);
#201=FACE_OUTER_BOUND('',#292,.T.);
#202=FACE_OUTER_BOUND('',#293,.T.);
#203=FACE_OUTER_BOUND('',#294,.T.);
#204=FACE_OUTER_BOUND('',#295,.T.);
#205=FACE_OUTER_BOUND('',#296,.T.);
#206=FACE_OUTER_BOUND('',#298,.T.);
#207=FACE_OUTER_BOUND('',#300,.T.);
#208=FACE_OUTER_BOUND('',#301,.T.);
#209=EDGE_LOOP('',(#797,#798,#799,#800,#801,#802,#803));
#210=EDGE_LOOP('',(#804,#805,#806,#807,#808));
#211=EDGE_LOOP('',(#809,#810,#811,#812));
#212=EDGE_LOOP('',(#813,#814,#815,#816));
#213=EDGE_LOOP('',(#817));
#214=EDGE_LOOP('',(#818));
#215=EDGE_LOOP('',(#819,#820,#821,#822,#823));
#216=EDGE_LOOP('',(#824,#825,#826,#827,#828));
#217=EDGE_LOOP('',(#829));
#218=EDGE_LOOP('',(#830));
#219=EDGE_LOOP('',(#831,#832,#833,#834,#835,#836));
#220=EDGE_LOOP('',(#837,#838,#839,#840));
#221=EDGE_LOOP('',(#841,#842,#843,#844,#845));
#222=EDGE_LOOP('',(#846,#847,#848,#849));
#223=EDGE_LOOP('',(#850));
#224=EDGE_LOOP('',(#851));
#225=EDGE_LOOP('',(#852,#853,#854,#855));
#226=EDGE_LOOP('',(#856,#857));
#227=EDGE_LOOP('',(#858));
#228=EDGE_LOOP('',(#859,#860,#861,#862));
#229=EDGE_LOOP('',(#863,#864));
#230=EDGE_LOOP('',(#865));
#231=EDGE_LOOP('',(#866,#867,#868,#869));
#232=EDGE_LOOP('',(#870,#871,#872,#873,#874,#875,#876,#877,#878,#879,#880,
#881,#882,#883,#884,#885));
#233=EDGE_LOOP('',(#886,#887,#888,#889));
#234=EDGE_LOOP('',(#890,#891,#892,#893,#894,#895,#896,#897,#898,#899,#900,
#901,#902,#903,#904,#905));
#235=EDGE_LOOP('',(#906,#907,#908,#909,#910,#911,#912));
#236=EDGE_LOOP('',(#913,#914,#915,#916,#917,#918,#919));
#237=EDGE_LOOP('',(#920,#921,#922,#923,#924,#925,#926));
#238=EDGE_LOOP('',(#927,#928,#929,#930,#931));
#239=EDGE_LOOP('',(#932,#933,#934,#935,#936));
#240=EDGE_LOOP('',(#937,#938,#939,#940,#941,#942));
#241=EDGE_LOOP('',(#943,#944,#945,#946,#947));
#242=EDGE_LOOP('',(#948,#949,#950,#951));
#243=EDGE_LOOP('',(#952,#953,#954,#955,#956,#957));
#244=EDGE_LOOP('',(#958,#959,#960,#961,#962));
#245=EDGE_LOOP('',(#963,#964,#965,#966));
#246=EDGE_LOOP('',(#967,#968,#969,#970,#971));
#247=EDGE_LOOP('',(#972,#973,#974,#975,#976));
#248=EDGE_LOOP('',(#977,#978,#979,#980));
#249=EDGE_LOOP('',(#981,#982,#983,#984));
#250=EDGE_LOOP('',(#985,#986,#987));
#251=EDGE_LOOP('',(#988,#989,#990));
#252=EDGE_LOOP('',(#991,#992,#993,#994,#995,#996));
#253=EDGE_LOOP('',(#997,#998,#999,#1000,#1001));
#254=EDGE_LOOP('',(#1002,#1003,#1004,#1005));
#255=EDGE_LOOP('',(#1006,#1007,#1008,#1009));
#256=EDGE_LOOP('',(#1010,#1011,#1012));
#257=EDGE_LOOP('',(#1013,#1014,#1015));
#258=EDGE_LOOP('',(#1016,#1017,#1018,#1019,#1020));
#259=EDGE_LOOP('',(#1021,#1022,#1023,#1024,#1025,#1026));
#260=EDGE_LOOP('',(#1027,#1028,#1029,#1030,#1031));
#261=EDGE_LOOP('',(#1032,#1033,#1034));
#262=EDGE_LOOP('',(#1035,#1036,#1037,#1038));
#263=EDGE_LOOP('',(#1039,#1040,#1041,#1042));
#264=EDGE_LOOP('',(#1043,#1044,#1045,#1046));
#265=EDGE_LOOP('',(#1047,#1048,#1049,#1050));
#266=EDGE_LOOP('',(#1051,#1052,#1053));
#267=EDGE_LOOP('',(#1054,#1055,#1056,#1057));
#268=EDGE_LOOP('',(#1058,#1059,#1060));
#269=EDGE_LOOP('',(#1061,#1062,#1063,#1064,#1065));
#270=EDGE_LOOP('',(#1066,#1067,#1068,#1069,#1070));
#271=EDGE_LOOP('',(#1071,#1072,#1073,#1074,#1075));
#272=EDGE_LOOP('',(#1076,#1077,#1078));
#273=EDGE_LOOP('',(#1079,#1080,#1081));
#274=EDGE_LOOP('',(#1082,#1083,#1084,#1085));
#275=EDGE_LOOP('',(#1086,#1087,#1088,#1089));
#276=EDGE_LOOP('',(#1090,#1091,#1092,#1093));
#277=EDGE_LOOP('',(#1094,#1095,#1096,#1097));
#278=EDGE_LOOP('',(#1098,#1099,#1100));
#279=EDGE_LOOP('',(#1101,#1102,#1103,#1104));
#280=EDGE_LOOP('',(#1105,#1106,#1107));
#281=EDGE_LOOP('',(#1108,#1109,#1110,#1111,#1112));
#282=EDGE_LOOP('',(#1113,#1114,#1115,#1116));
#283=EDGE_LOOP('',(#1117,#1118,#1119,#1120,#1121));
#284=EDGE_LOOP('',(#1122,#1123,#1124));
#285=EDGE_LOOP('',(#1125,#1126,#1127,#1128,#1129,#1130,#1131,#1132,#1133,
#1134,#1135,#1136));
#286=EDGE_LOOP('',(#1137,#1138,#1139,#1140,#1141,#1142,#1143,#1144));
#287=EDGE_LOOP('',(#1145,#1146,#1147,#1148));
#288=EDGE_LOOP('',(#1149,#1150,#1151,#1152,#1153,#1154,#1155,#1156,#1157,
#1158,#1159,#1160));
#289=EDGE_LOOP('',(#1161,#1162,#1163,#1164));
#290=EDGE_LOOP('',(#1165,#1166,#1167,#1168,#1169,#1170,#1171,#1172));
#291=EDGE_LOOP('',(#1173,#1174,#1175,#1176));
#292=EDGE_LOOP('',(#1177,#1178,#1179,#1180));
#293=EDGE_LOOP('',(#1181));
#294=EDGE_LOOP('',(#1182,#1183,#1184,#1185));
#295=EDGE_LOOP('',(#1186,#1187,#1188,#1189));
#296=EDGE_LOOP('',(#1190));
#297=EDGE_LOOP('',(#1191));
#298=EDGE_LOOP('',(#1192));
#299=EDGE_LOOP('',(#1193));
#300=EDGE_LOOP('',(#1194,#1195,#1196,#1197));
#301=EDGE_LOOP('',(#1198));
#302=CIRCLE('',#1359,17.5);
#303=CIRCLE('',#1360,40.);
#304=CIRCLE('',#1362,9.75);
#305=CIRCLE('',#1363,3.);
#306=CIRCLE('',#1364,12.75);
#307=CIRCLE('',#1366,12.75);
#308=CIRCLE('',#1368,5.25);
#309=CIRCLE('',#1370,9.75);
#310=CIRCLE('',#1371,3.);
#311=CIRCLE('',#1372,12.75);
#312=CIRCLE('',#1373,12.75);
#313=CIRCLE('',#1375,12.75);
#314=CIRCLE('',#1377,5.25);
#315=CIRCLE('',#1379,13.);
#316=CIRCLE('',#1381,13.5);
#317=CIRCLE('',#1383,16.);
#318=CIRCLE('',#1385,13.25);
#319=CIRCLE('',#1387,15.);
#320=CIRCLE('',#1389,13.25);
#321=CIRCLE('',#1391,15.);
#322=CIRCLE('',#1393,4.25);
#323=CIRCLE('',#1399,4.25);
#324=CIRCLE('',#1405,4.25);
#325=CIRCLE('',#1406,4.25);
#326=CIRCLE('',#1407,3.5);
#327=CIRCLE('',#1408,3.5);
#328=CIRCLE('',#1409,3.5);
#329=CIRCLE('',#1410,3.5);
#330=CIRCLE('',#1411,4.25);
#331=CIRCLE('',#1412,4.25);
#332=CIRCLE('',#1413,4.25);
#333=CIRCLE('',#1414,4.25);
#334=CIRCLE('',#1415,4.25);
#335=CIRCLE('',#1416,4.25);
#336=CIRCLE('',#1417,4.25);
#337=CIRCLE('',#1419,4.25000000000001);
#338=CIRCLE('',#1420,4.25);
#339=CIRCLE('',#1421,4.25);
#340=CIRCLE('',#1422,4.25);
#341=CIRCLE('',#1425,4.25);
#342=CIRCLE('',#1426,20.);
#343=CIRCLE('',#1427,20.);
#344=CIRCLE('',#1428,20.);
#345=CIRCLE('',#1429,20.);
#346=CIRCLE('',#1430,20.);
#347=CIRCLE('',#1431,20.);
#348=CIRCLE('',#1432,8.);
#349=CIRCLE('',#1433,8.);
#350=CIRCLE('',#1434,16.);
#351=CIRCLE('',#1435,8.);
#352=CIRCLE('',#1436,16.);
#353=CIRCLE('',#1437,16.);
#354=CIRCLE('',#1438,8.);
#355=CIRCLE('',#1439,16.);
#356=CIRCLE('',#1440,20.);
#357=CIRCLE('',#1441,20.);
#358=CIRCLE('',#1442,20.);
#359=CIRCLE('',#1443,20.);
#360=CIRCLE('',#1444,20.);
#361=CIRCLE('',#1445,20.);
#362=CIRCLE('',#1446,8.);
#363=CIRCLE('',#1447,8.);
#364=CIRCLE('',#1448,16.);
#365=CIRCLE('',#1449,8.);
#366=CIRCLE('',#1450,16.);
#367=CIRCLE('',#1451,8.);
#368=CIRCLE('',#1452,16.);
#369=CIRCLE('',#1462,10.);
#370=CIRCLE('',#1463,11.);
#371=CIRCLE('',#1465,11.);
#372=CIRCLE('',#1468,12.);
#373=CIRCLE('',#1469,12.75);
#374=CIRCLE('',#1471,12.75);
#375=CIRCLE('',#1474,16.);
#376=CIRCLE('',#1476,16.);
#377=B_SPLINE_CURVE_WITH_KNOTS('',3,(#1782,#1783,#1784,#1785),
 .UNSPECIFIED.,.F.,.F.,(4,4),(-0.842292782398013,0.),.UNSPECIFIED.);
#378=B_SPLINE_CURVE_WITH_KNOTS('',3,(#1787,#1788,#1789,#1790,#1791,#1792,
#1793,#1794),.UNSPECIFIED.,.F.,.F.,(4,2,2,4),(1.15920497366107,1.18273788293374,
1.37631471413661,1.38669134293923),.UNSPECIFIED.);
#379=B_SPLINE_CURVE_WITH_KNOTS('',3,(#1796,#1797,#1798,#1799,#1800,#1801,
#1802,#1803,#1804,#1805,#1806,#1807,#1808,#1809,#1810,#1811,#1812,#1813,
#1814,#1815,#1816,#1817,#1818,#1819,#1820,#1821,#1822,#1823,#1824,#1825,
#1826,#1827,#1828,#1829),.UNSPECIFIED.,.F.,.F.,(4,2,2,2,2,2,2,2,2,2,2,2,
2,2,2,2,4),(0.,0.00113638263121834,0.00258578477829112,0.00566083866118796,
0.0102408040423159,0.0208952955259586,0.0492039372974547,0.109419077734646,
0.155698188685584,0.18771766049606,0.209054501764761,0.229101756161964,
0.256846959486343,0.300669112154286,0.33948842503259,0.363299391287137,
0.387858556470987),.UNSPECIFIED.);
#380=B_SPLINE_CURVE_WITH_KNOTS('',3,(#1831,#1832,#1833,#1834,#1835,#1836),
 .UNSPECIFIED.,.F.,.F.,(4,2,4),(0.,0.00109674358827551,0.0013710758472492),
 .UNSPECIFIED.);
#381=B_SPLINE_CURVE_WITH_KNOTS('',3,(#1838,#1839,#1840,#1841),
 .UNSPECIFIED.,.F.,.F.,(4,4),(-2.20930277410381,-1.24200362373513),
 .UNSPECIFIED.);
#382=B_SPLINE_CURVE_WITH_KNOTS('',3,(#1844,#1845,#1846,#1847,#1848,#1849,
#1850,#1851,#1852,#1853,#1854,#1855,#1856,#1857,#1858,#1859,#1860,#1861,
#1862,#1863,#1864,#1865,#1866,#1867,#1868,#1869,#1870,#1871,#1872,#1873,
#1874,#1875,#1876,#1877,#1878,#1879,#1880,#1881,#1882,#1883,#1884,#1885,
#1886,#1887,#1888,#1889,#1890,#1891,#1892,#1893,#1894,#1895,#1896,#1897,
#1898,#1899,#1900,#1901,#1902,#1903,#1904,#1905,#1906,#1907,#1908,#1909,
#1910,#1911,#1912,#1913,#1914,#1915,#1916,#1917,#1918,#1919,#1920,#1921,
#1922,#1923,#1924,#1925,#1926,#1927,#1928,#1929,#1930,#1931,#1932,#1933,
#1934,#1935,#1936,#1937,#1938,#1939,#1940,#1941,#1942,#1943,#1944,#1945,
#1946,#1947,#1948,#1949,#1950,#1951,#1952,#1953,#1954,#1955,#1956,#1957,
#1958,#1959,#1960,#1961,#1962,#1963,#1964,#1965,#1966,#1967,#1968,#1969,
#1970,#1971,#1972,#1973,#1974,#1975,#1976,#1977,#1978,#1979,#1980,#1981,
#1982,#1983,#1984,#1985,#1986,#1987,#1988,#1989,#1990,#1991,#1992,#1993,
#1994,#1995,#1996,#1997,#1998,#1999,#2000),.UNSPECIFIED.,.F.,.F.,(4,3,3,
3,3,3,3,3,3,3,3,3,3,3,3,3,3,3,3,3,3,3,3,3,3,3,3,3,3,3,3,3,3,3,3,3,3,3,3,
3,3,3,3,3,3,3,3,3,3,3,3,3,4),(1.24200362373513,1.41395916744092,1.58789797391565,
1.75886581965041,1.93429010649514,2.09943536349647,2.10971439333987,2.24493396947154,
2.38696608444913,2.48331146648327,2.63934434890794,2.79740135836559,2.95735458298338,
3.11755364780666,3.27698382837697,3.32725299656528,3.482432302545,3.63787156332463,
3.79221996375428,3.94523902619936,4.09571323874891,4.17472189453902,4.25334603289719,
4.39914583257536,4.54687492858033,4.69693293973863,4.84781684842496,4.99898264583623,
5.0327269901313,5.19546257829652,5.35936231826708,5.52328964124695,5.68622986389602,
5.84675582210861,5.90528606792557,6.05338772673016,6.19964679072716,6.26090925992039,
6.40603536539064,6.55236727035366,6.69965249579094,6.79409424139076,6.95227808512894,
7.11213603586676,7.26434485344902,7.424613096656,7.58467591325144,7.67893153623904,
7.83128271419418,7.98335229620515,8.13404067781411,8.25756265095193,8.26786031774996),
 .UNSPECIFIED.);
#383=B_SPLINE_CURVE_WITH_KNOTS('',3,(#2043,#2044,#2045,#2046),
 .UNSPECIFIED.,.F.,.F.,(4,4),(-1.,-0.0969617291428668),.UNSPECIFIED.);
#384=B_SPLINE_CURVE_WITH_KNOTS('',3,(#2048,#2049,#2050,#2051,#2052,#2053,
#2054,#2055,#2056,#2057,#2058,#2059,#2060,#2061,#2062,#2063,#2064,#2065,
#2066,#2067,#2068,#2069,#2070,#2071,#2072,#2073,#2074,#2075,#2076,#2077,
#2078,#2079,#2080,#2081,#2082,#2083,#2084,#2085,#2086,#2087,#2088,#2089,
#2090,#2091,#2092,#2093,#2094,#2095,#2096,#2097,#2098,#2099,#2100,#2101,
#2102,#2103,#2104,#2105,#2106,#2107,#2108,#2109,#2110,#2111,#2112,#2113,
#2114,#2115,#2116,#2117,#2118,#2119,#2120,#2121,#2122,#2123,#2124,#2125,
#2126,#2127,#2128,#2129,#2130,#2131,#2132,#2133,#2134,#2135,#2136,#2137,
#2138,#2139,#2140,#2141,#2142,#2143,#2144,#2145,#2146,#2147,#2148,#2149,
#2150,#2151,#2152,#2153,#2154,#2155,#2156,#2157,#2158,#2159,#2160,#2161,
#2162,#2163,#2164,#2165,#2166,#2167,#2168,#2169,#2170,#2171,#2172,#2173,
#2174,#2175,#2176,#2177,#2178,#2179,#2180,#2181,#2182,#2183,#2184,#2185,
#2186,#2187,#2188,#2189,#2190,#2191,#2192,#2193,#2194,#2195,#2196,#2197,
#2198,#2199,#2200,#2201,#2202,#2203,#2204),.UNSPECIFIED.,.F.,.F.,(4,3,3,
3,3,3,3,3,3,3,3,3,3,3,3,3,3,3,3,3,3,3,3,3,3,3,3,3,3,3,3,3,3,3,3,3,3,3,3,
3,3,3,3,3,3,3,3,3,3,3,3,3,4),(0.,0.313821485088569,0.630773705725227,0.948312548066117,
1.26379311327229,1.57416431858577,1.64985560306706,1.9026780707021,2.18653534392002,
2.47357118050939,2.76121805537522,3.04799949423046,3.29971120613413,3.58958365047109,
3.80494013661418,4.09343697850433,4.38295970430214,4.67208426389727,4.94956680920119,
5.23837625583777,5.52693102444038,5.70630090742352,5.99419655907218,6.29680948567022,
6.59942241226826,6.88711340812845,7.17505998028849,7.461650641646,7.60728028338956,
7.89514999906044,8.18359223082629,8.24927801533533,8.53919641042514,8.83112114727181,
9.12283875421862,9.41252423621029,9.5091068606158,9.80162288206601,9.89913361840238,
10.1852859783519,10.4729771002015,10.7608651703438,11.0476306416061,11.3315567528258,
11.4111431106985,11.5489892214694,11.8508492683154,12.1562162826627,12.4640121882174,
12.7712247775301,13.0751831023153,13.1988448245365,13.3106142846443),
 .UNSPECIFIED.);
#385=B_SPLINE_CURVE_WITH_KNOTS('',3,(#2206,#2207,#2208,#2209),
 .UNSPECIFIED.,.F.,.F.,(4,4),(13.3106142846443,13.3140674365557),
 .UNSPECIFIED.);
#386=B_SPLINE_CURVE_WITH_KNOTS('',3,(#2212,#2213,#2214,#2215,#2216,#2217,
#2218,#2219,#2220,#2221,#2222,#2223,#2224,#2225,#2226,#2227,#2228,#2229,
#2230,#2231,#2232,#2233),.UNSPECIFIED.,.F.,.F.,(4,3,3,3,3,3,3,4),(-3.1415926535898,
-2.69267772750557,-2.24376280142134,-1.79484787533711,-1.34593294925288,
-0.897018023168647,-0.448103097084415,0.000811828999798259),
 .UNSPECIFIED.);
#387=B_SPLINE_CURVE_WITH_KNOTS('',3,(#2332,#2333,#2334,#2335,#2336,#2337,
#2338,#2339,#2340,#2341,#2342),.UNSPECIFIED.,.F.,.F.,(4,1,1,1,1,1,1,1,4),
(-6.28237347817979,-5.83357452766696,-5.38477557715413,-4.93597662664131,
-4.48717767612848,-4.18797837578659,-3.58957977510282,-3.29038047476094,
-3.1415926535898),.UNSPECIFIED.);
#388=B_SPLINE_CURVE_WITH_KNOTS('',3,(#2344,#2345,#2346,#2347,#2348,#2349,
#2350,#2351,#2352,#2353),.UNSPECIFIED.,.F.,.F.,(4,1,1,1,1,1,1,4),(-0.000811828999798259,
0.447987121513029,0.896786072025857,1.49518467270963,1.79438397305151,2.39278257373528,
2.69198187407717,3.14159265358979),.UNSPECIFIED.);
#389=B_SPLINE_CURVE_WITH_KNOTS('',3,(#2354,#2355,#2356,#2357,#2358,#2359,
#2360,#2361,#2362,#2363,#2364),.UNSPECIFIED.,.F.,.F.,(4,1,1,1,1,1,1,1,4),
(3.14159265358979,3.29038047476094,3.58957977510282,4.18797837578659,4.48717767612848,
4.93597662664131,5.38477557715413,5.83357452766696,6.28237347817979),
 .UNSPECIFIED.);
#390=B_SPLINE_CURVE_WITH_KNOTS('',3,(#2405,#2406,#2407,#2408,#2409,#2410,
#2411,#2412,#2413,#2414,#2415,#2416,#2417,#2418,#2419,#2420,#2421,#2422,
#2423,#2424,#2425,#2426,#2427,#2428,#2429,#2430,#2431,#2432,#2433,#2434,
#2435,#2436,#2437,#2438,#2439,#2440,#2441,#2442,#2443,#2444,#2445,#2446,
#2447,#2448,#2449,#2450,#2451,#2452,#2453,#2454,#2455,#2456,#2457,#2458,
#2459,#2460,#2461,#2462,#2463,#2464,#2465,#2466,#2467,#2468,#2469,#2470,
#2471,#2472,#2473,#2474,#2475,#2476,#2477,#2478,#2479,#2480,#2481,#2482,
#2483,#2484,#2485,#2486,#2487,#2488,#2489,#2490,#2491,#2492,#2493,#2494,
#2495,#2496,#2497,#2498,#2499,#2500,#2501,#2502,#2503,#2504,#2505,#2506,
#2507,#2508,#2509,#2510,#2511,#2512,#2513,#2514,#2515,#2516,#2517,#2518,
#2519,#2520,#2521,#2522,#2523,#2524,#2525,#2526,#2527,#2528,#2529,#2530,
#2531,#2532,#2533,#2534,#2535,#2536,#2537,#2538,#2539,#2540,#2541,#2542,
#2543,#2544,#2545,#2546,#2547,#2548,#2549,#2550,#2551,#2552,#2553,#2554,
#2555,#2556,#2557,#2558,#2559,#2560,#2561),.UNSPECIFIED.,.F.,.F.,(4,3,3,
3,3,3,3,3,3,3,3,3,3,3,3,3,3,3,3,3,3,3,3,3,3,3,3,3,3,3,3,3,3,3,3,3,3,3,3,
3,3,3,3,3,3,3,3,3,3,3,3,3,4),(13.3140674365557,13.6193783057892,13.9282457784493,
14.2369986514807,14.5428495395421,14.8487004276036,15.1382532970404,15.2170107248296,
15.5019993806319,15.7898381334785,16.0781354108437,16.3654661733889,16.4985560306707,
16.7871917277786,17.0756269343229,17.1188467280595,17.4065362914564,17.6951079319621,
17.9832070066896,18.1484116337377,18.4368924307936,18.7283986666433,19.019904902493,
19.3079491591648,19.5966042668508,19.7982672368048,20.0869935282853,20.3761982876507,
20.6641545575759,20.9211872708951,21.2108850490548,21.4481228398718,21.7368416758229,
22.0275537755331,22.3180273641534,22.6062384442079,22.8231695194497,23.0979784429389,
23.3919092177824,23.6883473906413,23.9860360202265,24.2828283750894,24.5764327487396,
24.7254729298798,24.747834046006,25.0360120817598,25.3260555220405,25.617294999338,
25.6879844595586,25.9816895704293,26.2753683263302,26.567360891081,26.6281348731113),
 .UNSPECIFIED.);
#391=B_SPLINE_CURVE_WITH_KNOTS('',3,(#2581,#2582,#2583,#2584,#2585,#2586,
#2587,#2588,#2589,#2590,#2591,#2592,#2593,#2594,#2595,#2596),
 .UNSPECIFIED.,.F.,.F.,(4,2,2,2,2,2,2,4),(-2.33737329798203,-1.93383386535279,
-1.64544595497441,-1.36523330482937,-1.11505599170868,-0.868491896429575,
-0.590787848718365,0.),.UNSPECIFIED.);
#392=B_SPLINE_CURVE_WITH_KNOTS('',3,(#2605,#2606,#2607,#2608,#2609,#2610,
#2611,#2612,#2613,#2614,#2615,#2616,#2617,#2618,#2619,#2620),
 .UNSPECIFIED.,.F.,.F.,(4,2,2,2,2,2,2,4),(-2.33737329798268,-1.93383386535338,
-1.64544595497496,-1.36523330482987,-1.11505599170867,-0.868491896429174,
-0.590787848718145,0.),.UNSPECIFIED.);
#393=B_SPLINE_CURVE_WITH_KNOTS('',3,(#2629,#2630,#2631,#2632,#2633,#2634,
#2635,#2636),.UNSPECIFIED.,.F.,.F.,(4,1,1,1,1,4),(4.37278634301347,4.53853166846594,
4.70427699391842,5.03576764482336,5.36725829572831,5.53322571046017),
 .UNSPECIFIED.);
#394=B_SPLINE_CURVE_WITH_KNOTS('',3,(#2638,#2639,#2640,#2641),
 .UNSPECIFIED.,.F.,.F.,(4,4),(0.373910868252794,0.79437351468454),
 .UNSPECIFIED.);
#395=B_SPLINE_CURVE_WITH_KNOTS('',3,(#2643,#2644,#2645,#2646),
 .UNSPECIFIED.,.F.,.F.,(4,4),(-0.307170815524441,-0.272789211497645),
 .UNSPECIFIED.);
#396=B_SPLINE_CURVE_WITH_KNOTS('',3,(#2648,#2649,#2650,#2651),
 .UNSPECIFIED.,.F.,.F.,(4,4),(2.9049359520052,2.98866637879125),
 .UNSPECIFIED.);
#397=B_SPLINE_CURVE_WITH_KNOTS('',3,(#2653,#2654,#2655,#2656,#2657,#2658,
#2659),.UNSPECIFIED.,.F.,.F.,(4,3,4),(2.76207164350478,2.76310129727219,
2.9049359520052),.UNSPECIFIED.);
#398=B_SPLINE_CURVE_WITH_KNOTS('',3,(#2667,#2668,#2669,#2670,#2671,#2672,
#2673),.UNSPECIFIED.,.F.,.F.,(4,3,4),(1.72402721901265,1.8643994986433,
1.86689060189408),.UNSPECIFIED.);
#399=B_SPLINE_CURVE_WITH_KNOTS('',3,(#2675,#2676,#2677,#2678),
 .UNSPECIFIED.,.F.,.F.,(4,4),(1.64029586660762,1.72402721901265),
 .UNSPECIFIED.);
#400=B_SPLINE_CURVE_WITH_KNOTS('',3,(#2680,#2681,#2682,#2683),
 .UNSPECIFIED.,.F.,.F.,(4,4),(1.59358901771552,1.62797062174232),
 .UNSPECIFIED.);
#401=B_SPLINE_CURVE_WITH_KNOTS('',3,(#2685,#2686,#2687,#2688),
 .UNSPECIFIED.,.F.,.F.,(4,4),(-1.41020012727544E-15,0.420462891528821),
 .UNSPECIFIED.);
#402=B_SPLINE_CURVE_WITH_KNOTS('',3,(#2689,#2690,#2691,#2692,#2693,#2694,
#2695,#2696),.UNSPECIFIED.,.F.,.F.,(4,1,1,1,1,4),(5.53322571046017,5.69874894663326,
6.03023959753821,6.36173024844316,6.52747557389563,6.69322089934811),
 .UNSPECIFIED.);
#403=B_SPLINE_CURVE_WITH_KNOTS('',3,(#2709,#2710,#2711,#2712,#2713,#2714,
#2715),.UNSPECIFIED.,.F.,.F.,(4,3,4),(1.71945339479821,1.86392997488008,
1.8649178862047),.UNSPECIFIED.);
#404=B_SPLINE_CURVE_WITH_KNOTS('',3,(#2717,#2718,#2719,#2720),
 .UNSPECIFIED.,.F.,.F.,(4,4),(1.63939909474643,1.71945339479821),
 .UNSPECIFIED.);
#405=B_SPLINE_CURVE_WITH_KNOTS('',3,(#2722,#2723,#2724,#2725),
 .UNSPECIFIED.,.F.,.F.,(4,4),(1.59217011851953,1.62707384988113),
 .UNSPECIFIED.);
#406=B_SPLINE_CURVE_WITH_KNOTS('',3,(#2727,#2728,#2729,#2730),
 .UNSPECIFIED.,.F.,.F.,(4,4),(0.,0.418550649525236),.UNSPECIFIED.);
#407=B_SPLINE_CURVE_WITH_KNOTS('',3,(#2732,#2733,#2734,#2735,#2736,#2737,
#2738,#2739,#2740,#2741,#2742,#2743),.UNSPECIFIED.,.F.,.F.,(4,1,1,1,1,1,
1,1,1,4),(6.18352499497766,6.34899235687195,6.51445971876625,6.84539444255483,
7.17632916634341,7.507263890132,7.83819861392058,8.16913333770917,8.33460069960346,
8.50006806149775),.UNSPECIFIED.);
#408=B_SPLINE_CURVE_WITH_KNOTS('',3,(#2745,#2746,#2747,#2748),
 .UNSPECIFIED.,.F.,.F.,(4,4),(0.376921985172222,0.79547228742526),
 .UNSPECIFIED.);
#409=B_SPLINE_CURVE_WITH_KNOTS('',3,(#2750,#2751,#2752,#2753),
 .UNSPECIFIED.,.F.,.F.,(4,4),(-0.305232378403864,-0.269950720182393),
 .UNSPECIFIED.);
#410=B_SPLINE_CURVE_WITH_KNOTS('',3,(#2755,#2756,#2757,#2758),
 .UNSPECIFIED.,.F.,.F.,(4,4),(2.90841310236251,2.99126651474958),
 .UNSPECIFIED.);
#411=B_SPLINE_CURVE_WITH_KNOTS('',3,(#2760,#2761,#2762,#2763,#2764,#2765,
#2766),.UNSPECIFIED.,.F.,.F.,(4,3,4),(2.76417631452868,2.76520910610383,
2.90841310236251),.UNSPECIFIED.);
#412=B_SPLINE_CURVE_WITH_KNOTS('',3,(#2800,#2801,#2802,#2803,#2804,#2805,
#2806,#2807,#2808,#2809,#2810,#2811,#2812,#2813,#2814,#2815,#2816,#2817,
#2818,#2819,#2820,#2821,#2822,#2823,#2824,#2825,#2826,#2827,#2828,#2829,
#2830,#2831,#2832,#2833,#2834,#2835,#2836,#2837,#2838,#2839,#2840,#2841,
#2842,#2843,#2844,#2845,#2846,#2847,#2848,#2849,#2850,#2851,#2852,#2853,
#2854,#2855,#2856,#2857,#2858,#2859,#2860,#2861,#2862,#2863,#2864,#2865,
#2866,#2867,#2868,#2869,#2870,#2871,#2872,#2873,#2874,#2875,#2876,#2877,
#2878,#2879,#2880,#2881,#2882,#2883,#2884,#2885,#2886,#2887,#2888,#2889,
#2890,#2891,#2892,#2893,#2894,#2895,#2896,#2897,#2898,#2899,#2900,#2901,
#2902,#2903,#2904,#2905,#2906,#2907,#2908,#2909,#2910,#2911,#2912,#2913,
#2914,#2915,#2916,#2917,#2918,#2919,#2920,#2921,#2922,#2923,#2924,#2925,
#2926,#2927,#2928,#2929,#2930,#2931,#2932,#2933,#2934,#2935,#2936,#2937,
#2938,#2939,#2940,#2941,#2942,#2943,#2944,#2945,#2946,#2947,#2948,#2949,
#2950,#2951,#2952,#2953),.UNSPECIFIED.,.F.,.F.,(4,3,3,3,3,3,3,3,3,3,3,3,
3,3,3,3,3,3,3,3,3,3,3,3,3,3,3,3,3,3,3,3,3,3,3,3,3,3,3,3,3,3,3,3,3,3,3,3,
3,3,3,4),(-5.78483768706843,-5.61105427250572,-5.43792079759942,-5.26731094433541,
-5.21587636368522,-5.06753142119318,-4.92094130450686,-4.78136822431601,
-4.63507444804181,-4.48302861431798,-4.33098278059415,-4.16890330113078,
-4.00498277337393,-3.83974541129108,-3.67477644710696,-3.51146951681911,
-3.44062271261115,-3.29323711470035,-3.14687768359474,-3.0017221482691,
-2.85891180832544,-2.77384878817581,-2.62766118016762,-2.56472007734276,
-2.40919830928386,-2.25170472607078,-2.09215729892971,-1.93222886676217,
-1.77294492206819,-1.698760766404,-1.54063918396643,-1.38214714461272,-1.22472399018372,
-1.06866647324402,-0.915168909560454,-0.847083123198645,-0.764917766208692,
-0.618206783803277,-0.463655087852458,-0.313395494677151,-0.156697747338576,
0.,0.159929549577168,0.238910390669529,0.375233725621715,0.532822157784167,
0.691559268453548,0.850453098975995,1.00852915726949,1.16447211304612,1.24158920315165,
1.24159855486541),.UNSPECIFIED.);
#413=B_SPLINE_CURVE_WITH_KNOTS('',3,(#2987,#2988,#2989,#2990),
 .UNSPECIFIED.,.F.,.F.,(4,4),(-15.2947016285535,-14.3264804888234),
 .UNSPECIFIED.);
#414=B_SPLINE_CURVE_WITH_KNOTS('',3,(#2992,#2993,#2994,#2995,#2996,#2997),
 .UNSPECIFIED.,.F.,.F.,(4,2,4),(-0.000278460634808137,0.,0.00111323406988589),
 .UNSPECIFIED.);
#415=B_SPLINE_CURVE_WITH_KNOTS('',3,(#2999,#3000,#3001,#3002,#3003,#3004,
#3005,#3006,#3007,#3008,#3009,#3010,#3011,#3012,#3013,#3014,#3015,#3016,
#3017,#3018,#3019,#3020,#3021,#3022,#3023,#3024,#3025,#3026,#3027,#3028,
#3029,#3030,#3031,#3032,#3033,#3034,#3035,#3036),.UNSPECIFIED.,.F.,.F.,
(4,2,2,2,2,2,2,2,2,2,2,2,2,2,2,2,2,2,4),(0.,0.00103006983998594,0.00354979296639937,
0.0141132607822151,0.0451726013072816,0.0870684201845669,0.126462360478239,
0.152810080599161,0.171539543496846,0.191199548881219,0.221203461637409,
0.255820313655094,0.282785209218941,0.292753014995579,0.303497145070622,
0.30882375478892,0.310052905628412,0.310685692339524,0.311193544332236),
 .UNSPECIFIED.);
#416=B_SPLINE_CURVE_WITH_KNOTS('',3,(#3037,#3038,#3039,#3040,#3041,#3042),
 .UNSPECIFIED.,.F.,.F.,(4,2,4),(0.931909220256504,0.986006456780183,1.15920497366107),
 .UNSPECIFIED.);
#417=B_SPLINE_CURVE_WITH_KNOTS('',3,(#3069,#3070,#3071,#3072,#3073,#3074),
 .UNSPECIFIED.,.F.,.F.,(4,1,1,4),(-0.795469717516759,-0.681831186442936,
-0.454554124295291,-0.00206589155214268),.UNSPECIFIED.);
#418=B_SPLINE_CURVE_WITH_KNOTS('',3,(#3078,#3079,#3080,#3081,#3082),
 .UNSPECIFIED.,.F.,.F.,(4,1,4),(-0.558874658749631,-0.510654974419033,-0.474490211171084),
 .UNSPECIFIED.);
#419=B_SPLINE_CURVE_WITH_KNOTS('',3,(#3085,#3086,#3087,#3088,#3089,#3090),
 .UNSPECIFIED.,.F.,.F.,(4,1,1,4),(-0.792278406017752,-0.34044579200766,
-0.113481930669219,8.88178419700125E-16),.UNSPECIFIED.);
#420=B_SPLINE_CURVE_WITH_KNOTS('',3,(#3116,#3117,#3118,#3119,#3120,#3121,
#3122,#3123,#3124,#3125,#3126,#3127,#3128,#3129,#3130,#3131,#3132,#3133,
#3134,#3135,#3136,#3137,#3138,#3139,#3140,#3141),.UNSPECIFIED.,.F.,.F.,
(4,2,2,2,2,2,2,2,2,2,2,2,4),(0.,0.00980883665257444,0.0149655707886706,
0.0191686447618398,0.0237475258646676,0.0309016645765172,0.0471408065699437,
0.103062648121215,0.163591547027628,0.223027633171168,0.291903548342736,
0.36860089912327,0.369660696557905),.UNSPECIFIED.);
#421=B_SPLINE_CURVE_WITH_KNOTS('',3,(#3191,#3192,#3193,#3194),
 .UNSPECIFIED.,.F.,.F.,(4,4),(-6.25004437272835,-6.18352499497766),
 .UNSPECIFIED.);
#422=B_SPLINE_CURVE_WITH_KNOTS('',3,(#3247,#3248,#3249,#3250),
 .UNSPECIFIED.,.F.,.F.,(4,4),(-6.69322089934811,-6.62701349823264),
 .UNSPECIFIED.);
#423=B_SPLINE_CURVE_WITH_KNOTS('',3,(#3275,#3276,#3277,#3278,#3279,#3280,
#3281,#3282,#3283,#3284,#3285,#3286,#3287,#3288,#3289,#3290,#3291,#3292,
#3293,#3294,#3295,#3296,#3297,#3298,#3299,#3300),.UNSPECIFIED.,.F.,.F.,
(4,2,2,2,2,2,2,2,2,2,2,2,4),(-0.000778109832353771,0.,0.049947027059768,
0.0936677169117782,0.130807761153111,0.169335993476976,0.206805941620727,
0.217647953289444,0.222419055627518,0.225470738985232,0.228269512597276,
0.231701874316015,0.238325354224628),.UNSPECIFIED.);
#424=B_SPLINE_CURVE_WITH_KNOTS('',3,(#3326,#3327,#3328,#3329,#3330,#3331,
#3332,#3333,#3334,#3335,#3336,#3337,#3338,#3339,#3340,#3341,#3342,#3343,
#3344,#3345,#3346,#3347,#3348,#3349,#3350,#3351),.UNSPECIFIED.,.F.,.F.,
(4,2,2,2,2,2,2,2,2,2,2,2,4),(0.,0.00963345411262574,0.0146256183548796,
0.0186962666772684,0.023134756981407,0.0300740388394519,0.0458430926726486,
0.100340866527176,0.156377894262653,0.210395896583336,0.273985056181505,
0.346630082139088,0.34776179823835),.UNSPECIFIED.);
#425=B_SPLINE_CURVE_WITH_KNOTS('',3,(#3352,#3353,#3354,#3355,#3356,#3357),
 .UNSPECIFIED.,.F.,.F.,(4,1,1,4),(-0.794371377100106,-0.68088975180009,
-0.45392650120006,1.41020012727544E-15),.UNSPECIFIED.);
#426=B_SPLINE_CURVE_WITH_KNOTS('',3,(#3386,#3387,#3388,#3389,#3390),
 .UNSPECIFIED.,.F.,.F.,(4,1,4),(-0.0150132283078953,0.0211503020499986,
0.0693683425271904),.UNSPECIFIED.);
#427=B_SPLINE_CURVE_WITH_KNOTS('',3,(#3393,#3394,#3395,#3396,#3397,#3398),
 .UNSPECIFIED.,.F.,.F.,(4,1,1,4),(-0.79547228742526,-0.340916694610827,
-0.11363889820361,-1.55431223447522E-15),.UNSPECIFIED.);
#428=B_SPLINE_CURVE_WITH_KNOTS('',3,(#3399,#3400,#3401,#3402,#3403),
 .UNSPECIFIED.,.F.,.F.,(4,1,4),(-0.0599081071088407,-0.0211503020499986,
0.00553944292367045),.UNSPECIFIED.);
#429=B_SPLINE_CURVE_WITH_KNOTS('',3,(#3461,#3462,#3463,#3464,#3465,#3466,
#3467,#3468,#3469,#3470,#3471),.UNSPECIFIED.,.F.,.F.,(4,1,1,1,1,1,1,1,4),
(-2.14325883908345,-2.04487136345249,-1.94648388782153,-1.81530058698025,
-1.74970893655961,-1.71691311134929,-1.70051519874413,-1.69231624244155,
-1.68411728613897),.UNSPECIFIED.);
#430=B_SPLINE_CURVE_WITH_KNOTS('',3,(#3496,#3497,#3498,#3499,#3500,#3501,
#3502,#3503,#3504,#3505,#3506,#3507,#3508,#3509,#3510,#3511,#3512,#3513,
#3514,#3515,#3516,#3517,#3518,#3519,#3520,#3521),.UNSPECIFIED.,.F.,.F.,
(4,2,2,2,2,2,2,2,2,2,2,2,4),(-0.000778616061841784,0.,0.0563481825829791,
0.106949861700977,0.15061637273773,0.195085674914891,0.236169980801101,
0.248100482025591,0.253356457046962,0.256720452613717,0.259808352115151,
0.263596883510645,0.27080320373581),.UNSPECIFIED.);
#431=B_SPLINE_CURVE_WITH_KNOTS('',3,(#3579,#3580,#3581,#3582,#3583,#3584,
#3585,#3586,#3587,#3588,#3589),.UNSPECIFIED.,.F.,.F.,(4,1,1,1,1,1,1,1,4),
(-2.13978792469086,-2.04153777970378,-1.94328763471669,-1.81228744140058,
-1.74678734474253,-1.7140372964135,-1.69766227224899,-1.68947476016673,
-1.68128724808447),.UNSPECIFIED.);
#432=B_SPLINE_CURVE_WITH_KNOTS('',3,(#3641,#3642,#3643,#3644,#3645,#3646,
#3647,#3648,#3649,#3650),.UNSPECIFIED.,.F.,.F.,(4,1,1,1,1,1,1,4),(-0.458504259725445,
-0.450316683658919,-0.442129107592393,-0.425753955459341,-0.360253346927135,
-0.262002434128825,-0.131001217064413,1.98879056801619E-16),
 .UNSPECIFIED.);
#433=B_SPLINE_CURVE_WITH_KNOTS('',3,(#3669,#3670,#3671,#3672),
 .UNSPECIFIED.,.F.,.F.,(4,4),(-0.0788478334172211,0.),.UNSPECIFIED.);
#434=B_SPLINE_CURVE_WITH_KNOTS('',3,(#3690,#3691,#3692,#3693),
 .UNSPECIFIED.,.F.,.F.,(4,4),(-0.196249532551002,-0.118461132760418),
 .UNSPECIFIED.);
#435=B_SPLINE_CURVE_WITH_KNOTS('',3,(#3800,#3801,#3802,#3803,#3804,#3805,
#3806,#3807,#3808,#3809,#3810),.UNSPECIFIED.,.F.,.F.,(4,1,1,1,1,1,1,1,4),
(-0.459144590961958,-0.450945580409066,-0.442746569856174,-0.42634854875039,
-0.393552506538821,-0.327960422115685,-0.196776253269411,-0.0983881266347054,
-5.91738079044427E-17),.UNSPECIFIED.);
#436=B_SPLINE_CURVE_WITH_KNOTS('',3,(#3829,#3830,#3831,#3832),
 .UNSPECIFIED.,.F.,.F.,(4,4),(-0.0777696299563169,0.),.UNSPECIFIED.);
#437=B_SPLINE_CURVE_WITH_KNOTS('',3,(#3850,#3851,#3852,#3853),
 .UNSPECIFIED.,.F.,.F.,(4,4),(-0.196159781818153,-0.117311935787007),
 .UNSPECIFIED.);
#438=B_SPLINE_CURVE_WITH_KNOTS('',3,(#3973,#3974,#3975,#3976,#3977,#3978),
 .UNSPECIFIED.,.F.,.F.,(4,2,4),(0.,0.545728890396967,0.548139783146662),
 .UNSPECIFIED.);
#439=B_SPLINE_CURVE_WITH_KNOTS('',3,(#3979,#3980,#3981,#3982,#3983,#3984),
 .UNSPECIFIED.,.F.,.F.,(4,2,4),(-0.548139783146662,-0.545728890396967,0.),
 .UNSPECIFIED.);
#440=B_SPLINE_CURVE_WITH_KNOTS('',3,(#4009,#4010,#4011,#4012,#4013),
 .UNSPECIFIED.,.F.,.F.,(4,1,4),(-0.299638497764409,-0.171221998722519,0.),
 .UNSPECIFIED.);
#441=B_SPLINE_CURVE_WITH_KNOTS('',3,(#4016,#4017,#4018,#4019,#4020),
 .UNSPECIFIED.,.F.,.F.,(4,1,4),(0.,0.171221998722519,0.299638497764409),
 .UNSPECIFIED.);
#442=B_SPLINE_CURVE_WITH_KNOTS('',3,(#4044,#4045,#4046,#4047,#4048),
 .UNSPECIFIED.,.F.,.F.,(4,1,4),(-0.262344605830258,-0.112433402498683,-1.18686823690725E-15),
 .UNSPECIFIED.);
#443=B_SPLINE_CURVE_WITH_KNOTS('',3,(#4049,#4050,#4051,#4052,#4053),
 .UNSPECIFIED.,.F.,.F.,(4,1,4),(1.18686823690725E-15,0.112433402498683,
0.262344605830258),.UNSPECIFIED.);
#444=B_SPLINE_CURVE_WITH_KNOTS('',3,(#4073,#4074,#4075,#4076),
 .UNSPECIFIED.,.F.,.F.,(4,4),(-0.294285602801429,0.),.UNSPECIFIED.);
#445=B_SPLINE_CURVE_WITH_KNOTS('',3,(#4077,#4078,#4079,#4080),
 .UNSPECIFIED.,.F.,.F.,(4,4),(0.,0.294285602801429),.UNSPECIFIED.);
#446=B_SPLINE_CURVE_WITH_KNOTS('',3,(#4097,#4098,#4099,#4100),
 .UNSPECIFIED.,.F.,.F.,(4,4),(-1.11814301045283,2.31173996533435E-15),
 .UNSPECIFIED.);
#447=B_SPLINE_CURVE_WITH_KNOTS('',3,(#4101,#4102,#4103,#4104),
 .UNSPECIFIED.,.F.,.F.,(4,4),(-2.31173996533435E-15,1.11814301045283),
 .UNSPECIFIED.);
#448=B_SPLINE_CURVE_WITH_KNOTS('',3,(#4131,#4132,#4133,#4134,#4135,#4136),
 .UNSPECIFIED.,.F.,.F.,(4,2,4),(-0.547146617029332,0.,0.00241687048300498),
 .UNSPECIFIED.);
#449=B_SPLINE_CURVE_WITH_KNOTS('',3,(#4138,#4139,#4140,#4141,#4142,#4143),
 .UNSPECIFIED.,.F.,.F.,(4,2,4),(-0.00241687048300498,0.,0.547146617029332),
 .UNSPECIFIED.);
#450=B_SPLINE_CURVE_WITH_KNOTS('',3,(#4161,#4162,#4163,#4164),
 .UNSPECIFIED.,.F.,.F.,(4,4),(-1.11483882592819,3.64514240542431E-15),
 .UNSPECIFIED.);
#451=B_SPLINE_CURVE_WITH_KNOTS('',3,(#4165,#4166,#4167,#4168),
 .UNSPECIFIED.,.F.,.F.,(4,4),(-3.64514240542431E-15,1.11483882592819),
 .UNSPECIFIED.);
#452=B_SPLINE_CURVE_WITH_KNOTS('',3,(#4187,#4188,#4189,#4190),
 .UNSPECIFIED.,.F.,.F.,(4,4),(-0.822418419926472,4.44089209850063E-15),
 .UNSPECIFIED.);
#453=B_SPLINE_CURVE_WITH_KNOTS('',3,(#4245,#4246,#4247,#4248),
 .UNSPECIFIED.,.F.,.F.,(4,4),(-0.8237615634468,0.),.UNSPECIFIED.);
#454=B_SPLINE_CURVE_WITH_KNOTS('',3,(#4277,#4278,#4279,#4280,#4281,#4282),
 .UNSPECIFIED.,.F.,.F.,(4,2,4),(0.,0.547146617028316,0.549563487512355),
 .UNSPECIFIED.);
#455=B_SPLINE_CURVE_WITH_KNOTS('',3,(#4283,#4284,#4285,#4286,#4287,#4288),
 .UNSPECIFIED.,.F.,.F.,(4,2,4),(-0.549563487512355,-0.547146617028316,0.),
 .UNSPECIFIED.);
#456=B_SPLINE_CURVE_WITH_KNOTS('',3,(#4309,#4310,#4311,#4312),
 .UNSPECIFIED.,.F.,.F.,(4,4),(-0.294285602801428,0.),.UNSPECIFIED.);
#457=B_SPLINE_CURVE_WITH_KNOTS('',3,(#4315,#4316,#4317,#4318),
 .UNSPECIFIED.,.F.,.F.,(4,4),(0.,0.294285602801428),.UNSPECIFIED.);
#458=B_SPLINE_CURVE_WITH_KNOTS('',3,(#4342,#4343,#4344,#4345,#4346),
 .UNSPECIFIED.,.F.,.F.,(4,1,4),(-0.262345044054599,-0.112433590309115,-1.61985693233814E-15),
 .UNSPECIFIED.);
#459=B_SPLINE_CURVE_WITH_KNOTS('',3,(#4347,#4348,#4349,#4350,#4351),
 .UNSPECIFIED.,.F.,.F.,(4,1,4),(1.61985693233814E-15,0.112433590309115,
0.262345044054599),.UNSPECIFIED.);
#460=B_SPLINE_CURVE_WITH_KNOTS('',3,(#4375,#4376,#4377,#4378,#4379),
 .UNSPECIFIED.,.F.,.F.,(4,1,4),(-0.299638497764411,-0.12841649904189,0.),
 .UNSPECIFIED.);
#461=B_SPLINE_CURVE_WITH_KNOTS('',3,(#4380,#4381,#4382,#4383,#4384),
 .UNSPECIFIED.,.F.,.F.,(4,1,4),(0.,0.12841649904189,0.299638497764411),
 .UNSPECIFIED.);
#462=B_SPLINE_CURVE_WITH_KNOTS('',3,(#4401,#4402,#4403,#4404),
 .UNSPECIFIED.,.F.,.F.,(4,4),(-1.11478365046456,0.),.UNSPECIFIED.);
#463=B_SPLINE_CURVE_WITH_KNOTS('',3,(#4405,#4406,#4407,#4408),
 .UNSPECIFIED.,.F.,.F.,(4,4),(0.,1.11478365046456),.UNSPECIFIED.);
#464=B_SPLINE_CURVE_WITH_KNOTS('',3,(#4435,#4436,#4437,#4438,#4439,#4440),
 .UNSPECIFIED.,.F.,.F.,(4,2,4),(-0.545728890399011,0.,0.00241089274764502),
 .UNSPECIFIED.);
#465=B_SPLINE_CURVE_WITH_KNOTS('',3,(#4442,#4443,#4444,#4445,#4446,#4447),
 .UNSPECIFIED.,.F.,.F.,(4,2,4),(-0.00241089274764502,0.,0.545728890399011),
 .UNSPECIFIED.);
#466=B_SPLINE_CURVE_WITH_KNOTS('',3,(#4465,#4466,#4467,#4468),
 .UNSPECIFIED.,.F.,.F.,(4,4),(-1.11819877998341,4.83485365465478E-15),
 .UNSPECIFIED.);
#467=B_SPLINE_CURVE_WITH_KNOTS('',3,(#4469,#4470,#4471,#4472),
 .UNSPECIFIED.,.F.,.F.,(4,4),(-4.83485365465478E-15,1.11819877998341),
 .UNSPECIFIED.);
#468=B_SPLINE_CURVE_WITH_KNOTS('',3,(#4491,#4492,#4493,#4494),
 .UNSPECIFIED.,.F.,.F.,(4,4),(-0.823761563446795,7.22071817054986E-15),
 .UNSPECIFIED.);
#469=B_SPLINE_CURVE_WITH_KNOTS('',3,(#4547,#4548,#4549,#4550),
 .UNSPECIFIED.,.F.,.F.,(4,4),(-0.822418419926476,0.),.UNSPECIFIED.);
#470=B_SPLINE_CURVE_WITH_KNOTS('',3,(#4675,#4676,#4677,#4678,#4679,#4680,
#4681,#4682,#4683,#4684,#4685,#4686,#4687,#4688,#4689,#4690,#4691,#4692,
#4693,#4694,#4695),.UNSPECIFIED.,.F.,.F.,(4,1,1,1,1,1,1,1,1,1,1,1,1,1,1,
1,1,1,4),(-19.1658841874892,-18.6882115901506,-18.4493752914812,-18.2105389928119,
-17.7328663954732,-17.2551937981346,-16.2998486034573,-15.3445034087799,
-13.4338130194253,-11.5231226300706,-9.61243224071599,-8.65708704603867,
-7.70174185136134,-7.22406925402268,-6.74639665668402,-6.50756035801469,
-6.26872405934536,-6.02988776067602,-5.79105146200669),.UNSPECIFIED.);
#471=B_SPLINE_CURVE_WITH_KNOTS('',3,(#4801,#4802,#4803,#4804,#4805,#4806,
#4807,#4808,#4809,#4810,#4811,#4812,#4813,#4814,#4815,#4816,#4817,#4818,
#4819,#4820,#4821),.UNSPECIFIED.,.F.,.F.,(4,1,1,1,1,1,1,1,1,1,1,1,1,1,1,
1,1,1,4),(-19.0881463808213,-18.6935046739367,-18.4545655571664,-18.2156264403961,
-17.7377482068554,-17.2598699733148,-16.3041135062335,-15.3483570391521,
-13.4368441049895,-11.5253311708269,-9.61381823666431,-8.65806176958301,
-7.7023053025017,-7.22442706896105,-6.7465488354204,-6.50760971865007,-6.26867060187974,
-6.02973148510942,-5.87410965813706),.UNSPECIFIED.);
#472=B_SPLINE_CURVE_WITH_KNOTS('',3,(#4822,#4823,#4824,#4825,#4826,#4827,
#4828,#4829,#4830,#4831,#4832,#4833,#4834,#4835,#4836,#4837,#4838,#4839,
#4840,#4841,#4842),.UNSPECIFIED.,.F.,.F.,(4,1,1,1,1,1,1,1,1,1,1,1,1,1,1,
1,1,1,4),(5.79079236833909,6.02973148510942,6.26867060187974,6.50760971865007,
6.7465488354204,7.22442706896105,7.7023053025017,8.65806176958301,9.61381823666431,
11.5253311708269,13.4368441049895,15.3483570391521,16.3041135062335,17.2598699733148,
17.7377482068554,18.2156264403961,18.4545655571664,18.6935046739367,19.1713829074774),
 .UNSPECIFIED.);
#473=B_SPLINE_CURVE_WITH_KNOTS('',3,(#4844,#4845,#4846,#4847,#4848,#4849,
#4850,#4851,#4852,#4853,#4854,#4855,#4856,#4857,#4858,#4859,#4860,#4861,
#4862,#4863,#4864),.UNSPECIFIED.,.F.,.F.,(4,1,1,1,1,1,1,1,1,1,1,1,1,1,1,
1,1,1,4),(5.8732473231903,6.02988776067602,6.26872405934536,6.50756035801469,
6.74639665668402,7.22406925402268,7.70174185136134,8.65708704603867,9.61243224071599,
11.5231226300706,13.4338130194253,15.3445034087799,16.2998486034573,17.2551937981346,
17.7328663954732,18.2105389928119,18.4493752914812,18.6882115901506,19.0837697739571),
 .UNSPECIFIED.);
#474=VERTEX_POINT('',#1780);
#475=VERTEX_POINT('',#1781);
#476=VERTEX_POINT('',#1786);
#477=VERTEX_POINT('',#1795);
#478=VERTEX_POINT('',#1830);
#479=VERTEX_POINT('',#1837);
#480=VERTEX_POINT('',#1842);
#481=VERTEX_POINT('',#2041);
#482=VERTEX_POINT('',#2042);
#483=VERTEX_POINT('',#2047);
#484=VERTEX_POINT('',#2205);
#485=VERTEX_POINT('',#2210);
#486=VERTEX_POINT('',#2235);
#487=VERTEX_POINT('',#2237);
#488=VERTEX_POINT('',#2241);
#489=VERTEX_POINT('',#2245);
#490=VERTEX_POINT('',#2248);
#491=VERTEX_POINT('',#2250);
#492=VERTEX_POINT('',#2252);
#493=VERTEX_POINT('',#2256);
#494=VERTEX_POINT('',#2260);
#495=VERTEX_POINT('',#2330);
#496=VERTEX_POINT('',#2343);
#497=VERTEX_POINT('',#2563);
#498=VERTEX_POINT('',#2567);
#499=VERTEX_POINT('',#2571);
#500=VERTEX_POINT('',#2574);
#501=VERTEX_POINT('',#2578);
#502=VERTEX_POINT('',#2579);
#503=VERTEX_POINT('',#2598);
#504=VERTEX_POINT('',#2602);
#505=VERTEX_POINT('',#2603);
#506=VERTEX_POINT('',#2622);
#507=VERTEX_POINT('',#2626);
#508=VERTEX_POINT('',#2628);
#509=VERTEX_POINT('',#2637);
#510=VERTEX_POINT('',#2642);
#511=VERTEX_POINT('',#2647);
#512=VERTEX_POINT('',#2652);
#513=VERTEX_POINT('',#2660);
#514=VERTEX_POINT('',#2662);
#515=VERTEX_POINT('',#2664);
#516=VERTEX_POINT('',#2666);
#517=VERTEX_POINT('',#2674);
#518=VERTEX_POINT('',#2679);
#519=VERTEX_POINT('',#2684);
#520=VERTEX_POINT('',#2698);
#521=VERTEX_POINT('',#2702);
#522=VERTEX_POINT('',#2704);
#523=VERTEX_POINT('',#2706);
#524=VERTEX_POINT('',#2708);
#525=VERTEX_POINT('',#2716);
#526=VERTEX_POINT('',#2721);
#527=VERTEX_POINT('',#2726);
#528=VERTEX_POINT('',#2731);
#529=VERTEX_POINT('',#2744);
#530=VERTEX_POINT('',#2749);
#531=VERTEX_POINT('',#2754);
#532=VERTEX_POINT('',#2759);
#533=VERTEX_POINT('',#2767);
#534=VERTEX_POINT('',#2986);
#535=VERTEX_POINT('',#2991);
#536=VERTEX_POINT('',#2998);
#537=VERTEX_POINT('',#3068);
#538=VERTEX_POINT('',#3075);
#539=VERTEX_POINT('',#3077);
#540=VERTEX_POINT('',#3083);
#541=VERTEX_POINT('',#3190);
#542=VERTEX_POINT('',#3245);
#543=VERTEX_POINT('',#3325);
#544=VERTEX_POINT('',#3383);
#545=VERTEX_POINT('',#3385);
#546=VERTEX_POINT('',#3391);
#547=VERTEX_POINT('',#3459);
#548=VERTEX_POINT('',#3577);
#549=VERTEX_POINT('',#3640);
#550=VERTEX_POINT('',#3799);
#551=VERTEX_POINT('',#3969);
#552=VERTEX_POINT('',#3970);
#553=VERTEX_POINT('',#3972);
#554=VERTEX_POINT('',#4005);
#555=VERTEX_POINT('',#4006);
#556=VERTEX_POINT('',#4008);
#557=VERTEX_POINT('',#4014);
#558=VERTEX_POINT('',#4041);
#559=VERTEX_POINT('',#4042);
#560=VERTEX_POINT('',#4070);
#561=VERTEX_POINT('',#4071);
#562=VERTEX_POINT('',#4129);
#563=VERTEX_POINT('',#4130);
#564=VERTEX_POINT('',#4137);
#565=VERTEX_POINT('',#4185);
#566=VERTEX_POINT('',#4200);
#567=VERTEX_POINT('',#4212);
#568=VERTEX_POINT('',#4214);
#569=VERTEX_POINT('',#4226);
#570=VERTEX_POINT('',#4273);
#571=VERTEX_POINT('',#4274);
#572=VERTEX_POINT('',#4276);
#573=VERTEX_POINT('',#4305);
#574=VERTEX_POINT('',#4306);
#575=VERTEX_POINT('',#4308);
#576=VERTEX_POINT('',#4313);
#577=VERTEX_POINT('',#4339);
#578=VERTEX_POINT('',#4340);
#579=VERTEX_POINT('',#4372);
#580=VERTEX_POINT('',#4373);
#581=VERTEX_POINT('',#4433);
#582=VERTEX_POINT('',#4434);
#583=VERTEX_POINT('',#4441);
#584=VERTEX_POINT('',#4489);
#585=VERTEX_POINT('',#4504);
#586=VERTEX_POINT('',#4516);
#587=VERTEX_POINT('',#4528);
#588=VERTEX_POINT('',#4974);
#589=VERTEX_POINT('',#4976);
#590=VERTEX_POINT('',#4980);
#591=VERTEX_POINT('',#4985);
#592=VERTEX_POINT('',#4987);
#593=VERTEX_POINT('',#4991);
#594=VERTEX_POINT('',#4996);
#595=VERTEX_POINT('',#4999);
#596=EDGE_CURVE('',#474,#475,#377,.T.);
#597=EDGE_CURVE('',#474,#476,#378,.T.);
#598=EDGE_CURVE('',#476,#477,#379,.T.);
#599=EDGE_CURVE('',#477,#478,#380,.T.);
#600=EDGE_CURVE('',#478,#479,#381,.T.);
#601=EDGE_CURVE('',#479,#480,#302,.T.);
#602=EDGE_CURVE('',#480,#475,#382,.T.);
#603=EDGE_CURVE('',#481,#482,#383,.T.);
#604=EDGE_CURVE('',#481,#483,#384,.T.);
#605=EDGE_CURVE('',#483,#484,#385,.T.);
#606=EDGE_CURVE('',#485,#484,#303,.T.);
#607=EDGE_CURVE('',#482,#485,#386,.T.);
#608=EDGE_CURVE('',#486,#486,#304,.T.);
#609=EDGE_CURVE('',#486,#487,#305,.T.);
#610=EDGE_CURVE('',#487,#487,#306,.T.);
#611=EDGE_CURVE('',#488,#488,#307,.T.);
#612=EDGE_CURVE('',#488,#487,#75,.T.);
#613=EDGE_CURVE('',#489,#489,#308,.T.);
#614=EDGE_CURVE('',#490,#490,#309,.T.);
#615=EDGE_CURVE('',#490,#491,#310,.T.);
#616=EDGE_CURVE('',#491,#492,#311,.T.);
#617=EDGE_CURVE('',#492,#491,#312,.T.);
#618=EDGE_CURVE('',#493,#493,#313,.T.);
#619=EDGE_CURVE('',#493,#492,#76,.T.);
#620=EDGE_CURVE('',#494,#494,#314,.T.);
#621=EDGE_CURVE('',#495,#485,#77,.T.);
#622=EDGE_CURVE('',#485,#482,#387,.T.);
#623=EDGE_CURVE('',#495,#496,#388,.T.);
#624=EDGE_CURVE('',#496,#495,#389,.T.);
#625=EDGE_CURVE('',#484,#481,#390,.T.);
#626=EDGE_CURVE('',#497,#497,#315,.T.);
#627=EDGE_CURVE('',#497,#496,#78,.T.);
#628=EDGE_CURVE('',#498,#498,#316,.T.);
#629=EDGE_CURVE('',#498,#497,#79,.T.);
#630=EDGE_CURVE('',#499,#499,#317,.T.);
#631=EDGE_CURVE('',#500,#500,#318,.T.);
#632=EDGE_CURVE('',#500,#493,#80,.T.);
#633=EDGE_CURVE('',#501,#502,#319,.T.);
#634=EDGE_CURVE('',#502,#501,#391,.T.);
#635=EDGE_CURVE('',#503,#503,#320,.T.);
#636=EDGE_CURVE('',#503,#488,#81,.T.);
#637=EDGE_CURVE('',#504,#505,#321,.T.);
#638=EDGE_CURVE('',#505,#504,#392,.T.);
#639=EDGE_CURVE('',#489,#506,#82,.T.);
#640=EDGE_CURVE('',#506,#506,#322,.T.);
#641=EDGE_CURVE('',#506,#507,#83,.T.);
#642=EDGE_CURVE('',#508,#507,#393,.T.);
#643=EDGE_CURVE('',#509,#508,#394,.T.);
#644=EDGE_CURVE('',#510,#509,#395,.T.);
#645=EDGE_CURVE('',#511,#510,#396,.T.);
#646=EDGE_CURVE('',#512,#511,#397,.T.);
#647=EDGE_CURVE('',#513,#512,#41,.T.);
#648=EDGE_CURVE('',#514,#513,#42,.T.);
#649=EDGE_CURVE('',#515,#514,#43,.T.);
#650=EDGE_CURVE('',#516,#515,#398,.T.);
#651=EDGE_CURVE('',#517,#516,#399,.T.);
#652=EDGE_CURVE('',#518,#517,#400,.T.);
#653=EDGE_CURVE('',#519,#518,#401,.T.);
#654=EDGE_CURVE('',#507,#519,#402,.T.);
#655=EDGE_CURVE('',#494,#520,#84,.T.);
#656=EDGE_CURVE('',#520,#520,#323,.T.);
#657=EDGE_CURVE('',#520,#521,#85,.T.);
#658=EDGE_CURVE('',#522,#521,#44,.T.);
#659=EDGE_CURVE('',#523,#522,#45,.T.);
#660=EDGE_CURVE('',#524,#523,#403,.T.);
#661=EDGE_CURVE('',#525,#524,#404,.T.);
#662=EDGE_CURVE('',#526,#525,#405,.T.);
#663=EDGE_CURVE('',#527,#526,#406,.T.);
#664=EDGE_CURVE('',#528,#527,#407,.T.);
#665=EDGE_CURVE('',#529,#528,#408,.T.);
#666=EDGE_CURVE('',#530,#529,#409,.T.);
#667=EDGE_CURVE('',#531,#530,#410,.T.);
#668=EDGE_CURVE('',#532,#531,#411,.T.);
#669=EDGE_CURVE('',#533,#532,#46,.T.);
#670=EDGE_CURVE('',#521,#533,#47,.T.);
#671=EDGE_CURVE('',#483,#480,#33,.T.);
#672=EDGE_CURVE('',#475,#480,#412,.T.);
#673=EDGE_CURVE('',#479,#534,#413,.T.);
#674=EDGE_CURVE('',#534,#535,#414,.T.);
#675=EDGE_CURVE('',#535,#536,#415,.T.);
#676=EDGE_CURVE('',#536,#474,#416,.T.);
#677=EDGE_CURVE('',#537,#478,#417,.T.);
#678=EDGE_CURVE('',#537,#538,#324,.T.);
#679=EDGE_CURVE('',#538,#539,#418,.T.);
#680=EDGE_CURVE('',#539,#540,#325,.T.);
#681=EDGE_CURVE('',#534,#540,#419,.T.);
#682=EDGE_CURVE('',#527,#477,#326,.T.);
#683=EDGE_CURVE('',#526,#537,#420,.T.);
#684=EDGE_CURVE('',#476,#541,#421,.T.);
#685=EDGE_CURVE('',#541,#528,#327,.T.);
#686=EDGE_CURVE('',#535,#508,#328,.T.);
#687=EDGE_CURVE('',#519,#542,#329,.T.);
#688=EDGE_CURVE('',#542,#536,#422,.T.);
#689=EDGE_CURVE('',#540,#509,#423,.T.);
#690=EDGE_CURVE('',#518,#543,#424,.T.);
#691=EDGE_CURVE('',#543,#542,#425,.T.);
#692=EDGE_CURVE('',#543,#544,#330,.T.);
#693=EDGE_CURVE('',#544,#545,#426,.T.);
#694=EDGE_CURVE('',#545,#546,#331,.T.);
#695=EDGE_CURVE('',#541,#546,#427,.T.);
#696=EDGE_CURVE('',#541,#542,#428,.T.);
#697=EDGE_CURVE('',#517,#547,#332,.T.);
#698=EDGE_CURVE('',#547,#544,#429,.T.);
#699=EDGE_CURVE('',#546,#529,#430,.T.);
#700=EDGE_CURVE('',#525,#548,#333,.T.);
#701=EDGE_CURVE('',#548,#538,#431,.T.);
#702=EDGE_CURVE('',#545,#549,#432,.T.);
#703=EDGE_CURVE('',#549,#530,#334,.T.);
#704=EDGE_CURVE('',#516,#514,#335,.T.);
#705=EDGE_CURVE('',#514,#547,#433,.T.);
#706=EDGE_CURVE('',#533,#531,#336,.T.);
#707=EDGE_CURVE('',#549,#533,#434,.T.);
#708=EDGE_CURVE('',#533,#514,#337,.F.);
#709=EDGE_CURVE('',#539,#550,#435,.T.);
#710=EDGE_CURVE('',#550,#510,#338,.T.);
#711=EDGE_CURVE('',#524,#522,#339,.T.);
#712=EDGE_CURVE('',#522,#548,#436,.T.);
#713=EDGE_CURVE('',#513,#511,#340,.T.);
#714=EDGE_CURVE('',#550,#513,#437,.T.);
#715=EDGE_CURVE('',#513,#522,#341,.F.);
#716=EDGE_CURVE('',#551,#552,#342,.T.);
#717=EDGE_CURVE('',#552,#553,#438,.T.);
#718=EDGE_CURVE('',#553,#551,#439,.T.);
#719=EDGE_CURVE('',#554,#555,#343,.T.);
#720=EDGE_CURVE('',#555,#556,#440,.T.);
#721=EDGE_CURVE('',#556,#557,#344,.T.);
#722=EDGE_CURVE('',#557,#554,#441,.T.);
#723=EDGE_CURVE('',#558,#559,#345,.T.);
#724=EDGE_CURVE('',#559,#555,#442,.T.);
#725=EDGE_CURVE('',#554,#558,#443,.T.);
#726=EDGE_CURVE('',#560,#561,#346,.T.);
#727=EDGE_CURVE('',#561,#559,#444,.T.);
#728=EDGE_CURVE('',#558,#560,#445,.T.);
#729=EDGE_CURVE('',#556,#552,#446,.T.);
#730=EDGE_CURVE('',#551,#557,#447,.T.);
#731=EDGE_CURVE('',#562,#563,#448,.T.);
#732=EDGE_CURVE('',#563,#564,#449,.T.);
#733=EDGE_CURVE('',#564,#562,#347,.T.);
#734=EDGE_CURVE('',#564,#561,#450,.T.);
#735=EDGE_CURVE('',#560,#562,#451,.T.);
#736=EDGE_CURVE('',#565,#552,#348,.T.);
#737=EDGE_CURVE('',#565,#553,#452,.T.);
#738=EDGE_CURVE('',#566,#555,#349,.T.);
#739=EDGE_CURVE('',#566,#565,#350,.T.);
#740=EDGE_CURVE('',#559,#567,#351,.T.);
#741=EDGE_CURVE('',#567,#568,#352,.T.);
#742=EDGE_CURVE('',#568,#566,#353,.T.);
#743=EDGE_CURVE('',#564,#569,#354,.T.);
#744=EDGE_CURVE('',#569,#567,#355,.T.);
#745=EDGE_CURVE('',#563,#569,#453,.T.);
#746=EDGE_CURVE('',#570,#571,#356,.T.);
#747=EDGE_CURVE('',#571,#572,#454,.T.);
#748=EDGE_CURVE('',#572,#570,#455,.T.);
#749=EDGE_CURVE('',#573,#574,#357,.T.);
#750=EDGE_CURVE('',#574,#575,#456,.T.);
#751=EDGE_CURVE('',#575,#576,#358,.T.);
#752=EDGE_CURVE('',#576,#573,#457,.T.);
#753=EDGE_CURVE('',#577,#578,#359,.T.);
#754=EDGE_CURVE('',#578,#574,#458,.T.);
#755=EDGE_CURVE('',#573,#577,#459,.T.);
#756=EDGE_CURVE('',#579,#580,#360,.T.);
#757=EDGE_CURVE('',#580,#578,#460,.T.);
#758=EDGE_CURVE('',#577,#579,#461,.T.);
#759=EDGE_CURVE('',#575,#571,#462,.T.);
#760=EDGE_CURVE('',#570,#576,#463,.T.);
#761=EDGE_CURVE('',#581,#582,#464,.T.);
#762=EDGE_CURVE('',#582,#583,#465,.T.);
#763=EDGE_CURVE('',#583,#581,#361,.T.);
#764=EDGE_CURVE('',#583,#580,#466,.T.);
#765=EDGE_CURVE('',#579,#581,#467,.T.);
#766=EDGE_CURVE('',#584,#571,#362,.T.);
#767=EDGE_CURVE('',#584,#572,#468,.T.);
#768=EDGE_CURVE('',#585,#574,#363,.T.);
#769=EDGE_CURVE('',#585,#584,#364,.T.);
#770=EDGE_CURVE('',#578,#586,#365,.T.);
#771=EDGE_CURVE('',#586,#585,#366,.T.);
#772=EDGE_CURVE('',#583,#587,#367,.T.);
#773=EDGE_CURVE('',#587,#586,#368,.T.);
#774=EDGE_CURVE('',#582,#587,#469,.T.);
#775=EDGE_CURVE('',#557,#501,#48,.T.);
#776=EDGE_CURVE('',#502,#579,#49,.T.);
#777=EDGE_CURVE('',#576,#504,#50,.T.);
#778=EDGE_CURVE('',#505,#560,#51,.T.);
#779=EDGE_CURVE('',#582,#553,#470,.T.);
#780=EDGE_CURVE('',#584,#569,#471,.T.);
#781=EDGE_CURVE('',#563,#572,#472,.T.);
#782=EDGE_CURVE('',#565,#587,#473,.T.);
#783=EDGE_CURVE('',#568,#499,#86,.T.);
#784=EDGE_CURVE('',#588,#588,#369,.T.);
#785=EDGE_CURVE('',#588,#589,#87,.T.);
#786=EDGE_CURVE('',#589,#589,#370,.T.);
#787=EDGE_CURVE('',#590,#590,#371,.T.);
#788=EDGE_CURVE('',#590,#589,#88,.T.);
#789=EDGE_CURVE('',#591,#591,#372,.T.);
#790=EDGE_CURVE('',#591,#592,#89,.T.);
#791=EDGE_CURVE('',#592,#592,#373,.T.);
#792=EDGE_CURVE('',#592,#593,#90,.T.);
#793=EDGE_CURVE('',#593,#593,#374,.T.);
#794=EDGE_CURVE('',#594,#594,#375,.T.);
#795=EDGE_CURVE('',#594,#595,#91,.T.);
#796=EDGE_CURVE('',#595,#595,#376,.T.);
#797=ORIENTED_EDGE('',*,*,#596,.F.);
#798=ORIENTED_EDGE('',*,*,#597,.T.);
#799=ORIENTED_EDGE('',*,*,#598,.T.);
#800=ORIENTED_EDGE('',*,*,#599,.T.);
#801=ORIENTED_EDGE('',*,*,#600,.T.);
#802=ORIENTED_EDGE('',*,*,#601,.T.);
#803=ORIENTED_EDGE('',*,*,#602,.T.);
#804=ORIENTED_EDGE('',*,*,#603,.F.);
#805=ORIENTED_EDGE('',*,*,#604,.T.);
#806=ORIENTED_EDGE('',*,*,#605,.T.);
#807=ORIENTED_EDGE('',*,*,#606,.F.);
#808=ORIENTED_EDGE('',*,*,#607,.F.);
#809=ORIENTED_EDGE('',*,*,#608,.T.);
#810=ORIENTED_EDGE('',*,*,#609,.T.);
#811=ORIENTED_EDGE('',*,*,#610,.T.);
#812=ORIENTED_EDGE('',*,*,#609,.F.);
#813=ORIENTED_EDGE('',*,*,#611,.F.);
#814=ORIENTED_EDGE('',*,*,#612,.T.);
#815=ORIENTED_EDGE('',*,*,#610,.F.);
#816=ORIENTED_EDGE('',*,*,#612,.F.);
#817=ORIENTED_EDGE('',*,*,#608,.F.);
#818=ORIENTED_EDGE('',*,*,#613,.F.);
#819=ORIENTED_EDGE('',*,*,#614,.T.);
#820=ORIENTED_EDGE('',*,*,#615,.T.);
#821=ORIENTED_EDGE('',*,*,#616,.T.);
#822=ORIENTED_EDGE('',*,*,#617,.T.);
#823=ORIENTED_EDGE('',*,*,#615,.F.);
#824=ORIENTED_EDGE('',*,*,#618,.F.);
#825=ORIENTED_EDGE('',*,*,#619,.T.);
#826=ORIENTED_EDGE('',*,*,#616,.F.);
#827=ORIENTED_EDGE('',*,*,#617,.F.);
#828=ORIENTED_EDGE('',*,*,#619,.F.);
#829=ORIENTED_EDGE('',*,*,#614,.F.);
#830=ORIENTED_EDGE('',*,*,#620,.F.);
#831=ORIENTED_EDGE('',*,*,#621,.T.);
#832=ORIENTED_EDGE('',*,*,#622,.T.);
#833=ORIENTED_EDGE('',*,*,#607,.T.);
#834=ORIENTED_EDGE('',*,*,#621,.F.);
#835=ORIENTED_EDGE('',*,*,#623,.T.);
#836=ORIENTED_EDGE('',*,*,#624,.T.);
#837=ORIENTED_EDGE('',*,*,#603,.T.);
#838=ORIENTED_EDGE('',*,*,#622,.F.);
#839=ORIENTED_EDGE('',*,*,#606,.T.);
#840=ORIENTED_EDGE('',*,*,#625,.T.);
#841=ORIENTED_EDGE('',*,*,#626,.F.);
#842=ORIENTED_EDGE('',*,*,#627,.T.);
#843=ORIENTED_EDGE('',*,*,#623,.F.);
#844=ORIENTED_EDGE('',*,*,#624,.F.);
#845=ORIENTED_EDGE('',*,*,#627,.F.);
#846=ORIENTED_EDGE('',*,*,#628,.T.);
#847=ORIENTED_EDGE('',*,*,#629,.T.);
#848=ORIENTED_EDGE('',*,*,#626,.T.);
#849=ORIENTED_EDGE('',*,*,#629,.F.);
#850=ORIENTED_EDGE('',*,*,#630,.F.);
#851=ORIENTED_EDGE('',*,*,#628,.F.);
#852=ORIENTED_EDGE('',*,*,#631,.T.);
#853=ORIENTED_EDGE('',*,*,#632,.T.);
#854=ORIENTED_EDGE('',*,*,#618,.T.);
#855=ORIENTED_EDGE('',*,*,#632,.F.);
#856=ORIENTED_EDGE('',*,*,#633,.T.);
#857=ORIENTED_EDGE('',*,*,#634,.T.);
#858=ORIENTED_EDGE('',*,*,#631,.F.);
#859=ORIENTED_EDGE('',*,*,#635,.T.);
#860=ORIENTED_EDGE('',*,*,#636,.T.);
#861=ORIENTED_EDGE('',*,*,#611,.T.);
#862=ORIENTED_EDGE('',*,*,#636,.F.);
#863=ORIENTED_EDGE('',*,*,#637,.T.);
#864=ORIENTED_EDGE('',*,*,#638,.T.);
#865=ORIENTED_EDGE('',*,*,#635,.F.);
#866=ORIENTED_EDGE('',*,*,#613,.T.);
#867=ORIENTED_EDGE('',*,*,#639,.T.);
#868=ORIENTED_EDGE('',*,*,#640,.T.);
#869=ORIENTED_EDGE('',*,*,#639,.F.);
#870=ORIENTED_EDGE('',*,*,#640,.F.);
#871=ORIENTED_EDGE('',*,*,#641,.T.);
#872=ORIENTED_EDGE('',*,*,#642,.F.);
#873=ORIENTED_EDGE('',*,*,#643,.F.);
#874=ORIENTED_EDGE('',*,*,#644,.F.);
#875=ORIENTED_EDGE('',*,*,#645,.F.);
#876=ORIENTED_EDGE('',*,*,#646,.F.);
#877=ORIENTED_EDGE('',*,*,#647,.F.);
#878=ORIENTED_EDGE('',*,*,#648,.F.);
#879=ORIENTED_EDGE('',*,*,#649,.F.);
#880=ORIENTED_EDGE('',*,*,#650,.F.);
#881=ORIENTED_EDGE('',*,*,#651,.F.);
#882=ORIENTED_EDGE('',*,*,#652,.F.);
#883=ORIENTED_EDGE('',*,*,#653,.F.);
#884=ORIENTED_EDGE('',*,*,#654,.F.);
#885=ORIENTED_EDGE('',*,*,#641,.F.);
#886=ORIENTED_EDGE('',*,*,#620,.T.);
#887=ORIENTED_EDGE('',*,*,#655,.T.);
#888=ORIENTED_EDGE('',*,*,#656,.T.);
#889=ORIENTED_EDGE('',*,*,#655,.F.);
#890=ORIENTED_EDGE('',*,*,#656,.F.);
#891=ORIENTED_EDGE('',*,*,#657,.T.);
#892=ORIENTED_EDGE('',*,*,#658,.F.);
#893=ORIENTED_EDGE('',*,*,#659,.F.);
#894=ORIENTED_EDGE('',*,*,#660,.F.);
#895=ORIENTED_EDGE('',*,*,#661,.F.);
#896=ORIENTED_EDGE('',*,*,#662,.F.);
#897=ORIENTED_EDGE('',*,*,#663,.F.);
#898=ORIENTED_EDGE('',*,*,#664,.F.);
#899=ORIENTED_EDGE('',*,*,#665,.F.);
#900=ORIENTED_EDGE('',*,*,#666,.F.);
#901=ORIENTED_EDGE('',*,*,#667,.F.);
#902=ORIENTED_EDGE('',*,*,#668,.F.);
#903=ORIENTED_EDGE('',*,*,#669,.F.);
#904=ORIENTED_EDGE('',*,*,#670,.F.);
#905=ORIENTED_EDGE('',*,*,#657,.F.);
#906=ORIENTED_EDGE('',*,*,#671,.F.);
#907=ORIENTED_EDGE('',*,*,#604,.F.);
#908=ORIENTED_EDGE('',*,*,#625,.F.);
#909=ORIENTED_EDGE('',*,*,#605,.F.);
#910=ORIENTED_EDGE('',*,*,#671,.T.);
#911=ORIENTED_EDGE('',*,*,#672,.F.);
#912=ORIENTED_EDGE('',*,*,#602,.F.);
#913=ORIENTED_EDGE('',*,*,#601,.F.);
#914=ORIENTED_EDGE('',*,*,#673,.T.);
#915=ORIENTED_EDGE('',*,*,#674,.T.);
#916=ORIENTED_EDGE('',*,*,#675,.T.);
#917=ORIENTED_EDGE('',*,*,#676,.T.);
#918=ORIENTED_EDGE('',*,*,#596,.T.);
#919=ORIENTED_EDGE('',*,*,#672,.T.);
#920=ORIENTED_EDGE('',*,*,#673,.F.);
#921=ORIENTED_EDGE('',*,*,#600,.F.);
#922=ORIENTED_EDGE('',*,*,#677,.F.);
#923=ORIENTED_EDGE('',*,*,#678,.T.);
#924=ORIENTED_EDGE('',*,*,#679,.T.);
#925=ORIENTED_EDGE('',*,*,#680,.T.);
#926=ORIENTED_EDGE('',*,*,#681,.F.);
#927=ORIENTED_EDGE('',*,*,#599,.F.);
#928=ORIENTED_EDGE('',*,*,#682,.F.);
#929=ORIENTED_EDGE('',*,*,#663,.T.);
#930=ORIENTED_EDGE('',*,*,#683,.T.);
#931=ORIENTED_EDGE('',*,*,#677,.T.);
#932=ORIENTED_EDGE('',*,*,#598,.F.);
#933=ORIENTED_EDGE('',*,*,#684,.T.);
#934=ORIENTED_EDGE('',*,*,#685,.T.);
#935=ORIENTED_EDGE('',*,*,#664,.T.);
#936=ORIENTED_EDGE('',*,*,#682,.T.);
#937=ORIENTED_EDGE('',*,*,#675,.F.);
#938=ORIENTED_EDGE('',*,*,#686,.T.);
#939=ORIENTED_EDGE('',*,*,#642,.T.);
#940=ORIENTED_EDGE('',*,*,#654,.T.);
#941=ORIENTED_EDGE('',*,*,#687,.T.);
#942=ORIENTED_EDGE('',*,*,#688,.T.);
#943=ORIENTED_EDGE('',*,*,#674,.F.);
#944=ORIENTED_EDGE('',*,*,#681,.T.);
#945=ORIENTED_EDGE('',*,*,#689,.T.);
#946=ORIENTED_EDGE('',*,*,#643,.T.);
#947=ORIENTED_EDGE('',*,*,#686,.F.);
#948=ORIENTED_EDGE('',*,*,#690,.T.);
#949=ORIENTED_EDGE('',*,*,#691,.T.);
#950=ORIENTED_EDGE('',*,*,#687,.F.);
#951=ORIENTED_EDGE('',*,*,#653,.T.);
#952=ORIENTED_EDGE('',*,*,#691,.F.);
#953=ORIENTED_EDGE('',*,*,#692,.T.);
#954=ORIENTED_EDGE('',*,*,#693,.T.);
#955=ORIENTED_EDGE('',*,*,#694,.T.);
#956=ORIENTED_EDGE('',*,*,#695,.F.);
#957=ORIENTED_EDGE('',*,*,#696,.T.);
#958=ORIENTED_EDGE('',*,*,#690,.F.);
#959=ORIENTED_EDGE('',*,*,#652,.T.);
#960=ORIENTED_EDGE('',*,*,#697,.T.);
#961=ORIENTED_EDGE('',*,*,#698,.T.);
#962=ORIENTED_EDGE('',*,*,#692,.F.);
#963=ORIENTED_EDGE('',*,*,#699,.T.);
#964=ORIENTED_EDGE('',*,*,#665,.T.);
#965=ORIENTED_EDGE('',*,*,#685,.F.);
#966=ORIENTED_EDGE('',*,*,#695,.T.);
#967=ORIENTED_EDGE('',*,*,#683,.F.);
#968=ORIENTED_EDGE('',*,*,#662,.T.);
#969=ORIENTED_EDGE('',*,*,#700,.T.);
#970=ORIENTED_EDGE('',*,*,#701,.T.);
#971=ORIENTED_EDGE('',*,*,#678,.F.);
#972=ORIENTED_EDGE('',*,*,#699,.F.);
#973=ORIENTED_EDGE('',*,*,#694,.F.);
#974=ORIENTED_EDGE('',*,*,#702,.T.);
#975=ORIENTED_EDGE('',*,*,#703,.T.);
#976=ORIENTED_EDGE('',*,*,#666,.T.);
#977=ORIENTED_EDGE('',*,*,#704,.T.);
#978=ORIENTED_EDGE('',*,*,#705,.T.);
#979=ORIENTED_EDGE('',*,*,#697,.F.);
#980=ORIENTED_EDGE('',*,*,#651,.T.);
#981=ORIENTED_EDGE('',*,*,#706,.T.);
#982=ORIENTED_EDGE('',*,*,#667,.T.);
#983=ORIENTED_EDGE('',*,*,#703,.F.);
#984=ORIENTED_EDGE('',*,*,#707,.T.);
#985=ORIENTED_EDGE('',*,*,#704,.F.);
#986=ORIENTED_EDGE('',*,*,#650,.T.);
#987=ORIENTED_EDGE('',*,*,#649,.T.);
#988=ORIENTED_EDGE('',*,*,#706,.F.);
#989=ORIENTED_EDGE('',*,*,#669,.T.);
#990=ORIENTED_EDGE('',*,*,#668,.T.);
#991=ORIENTED_EDGE('',*,*,#707,.F.);
#992=ORIENTED_EDGE('',*,*,#702,.F.);
#993=ORIENTED_EDGE('',*,*,#693,.F.);
#994=ORIENTED_EDGE('',*,*,#698,.F.);
#995=ORIENTED_EDGE('',*,*,#705,.F.);
#996=ORIENTED_EDGE('',*,*,#708,.F.);
#997=ORIENTED_EDGE('',*,*,#689,.F.);
#998=ORIENTED_EDGE('',*,*,#680,.F.);
#999=ORIENTED_EDGE('',*,*,#709,.T.);
#1000=ORIENTED_EDGE('',*,*,#710,.T.);
#1001=ORIENTED_EDGE('',*,*,#644,.T.);
#1002=ORIENTED_EDGE('',*,*,#711,.T.);
#1003=ORIENTED_EDGE('',*,*,#712,.T.);
#1004=ORIENTED_EDGE('',*,*,#700,.F.);
#1005=ORIENTED_EDGE('',*,*,#661,.T.);
#1006=ORIENTED_EDGE('',*,*,#713,.T.);
#1007=ORIENTED_EDGE('',*,*,#645,.T.);
#1008=ORIENTED_EDGE('',*,*,#710,.F.);
#1009=ORIENTED_EDGE('',*,*,#714,.T.);
#1010=ORIENTED_EDGE('',*,*,#711,.F.);
#1011=ORIENTED_EDGE('',*,*,#660,.T.);
#1012=ORIENTED_EDGE('',*,*,#659,.T.);
#1013=ORIENTED_EDGE('',*,*,#713,.F.);
#1014=ORIENTED_EDGE('',*,*,#647,.T.);
#1015=ORIENTED_EDGE('',*,*,#646,.T.);
#1016=ORIENTED_EDGE('',*,*,#676,.F.);
#1017=ORIENTED_EDGE('',*,*,#688,.F.);
#1018=ORIENTED_EDGE('',*,*,#696,.F.);
#1019=ORIENTED_EDGE('',*,*,#684,.F.);
#1020=ORIENTED_EDGE('',*,*,#597,.F.);
#1021=ORIENTED_EDGE('',*,*,#712,.F.);
#1022=ORIENTED_EDGE('',*,*,#715,.F.);
#1023=ORIENTED_EDGE('',*,*,#714,.F.);
#1024=ORIENTED_EDGE('',*,*,#709,.F.);
#1025=ORIENTED_EDGE('',*,*,#679,.F.);
#1026=ORIENTED_EDGE('',*,*,#701,.F.);
#1027=ORIENTED_EDGE('',*,*,#708,.T.);
#1028=ORIENTED_EDGE('',*,*,#648,.T.);
#1029=ORIENTED_EDGE('',*,*,#715,.T.);
#1030=ORIENTED_EDGE('',*,*,#658,.T.);
#1031=ORIENTED_EDGE('',*,*,#670,.T.);
#1032=ORIENTED_EDGE('',*,*,#716,.T.);
#1033=ORIENTED_EDGE('',*,*,#717,.T.);
#1034=ORIENTED_EDGE('',*,*,#718,.T.);
#1035=ORIENTED_EDGE('',*,*,#719,.T.);
#1036=ORIENTED_EDGE('',*,*,#720,.T.);
#1037=ORIENTED_EDGE('',*,*,#721,.T.);
#1038=ORIENTED_EDGE('',*,*,#722,.T.);
#1039=ORIENTED_EDGE('',*,*,#723,.T.);
#1040=ORIENTED_EDGE('',*,*,#724,.T.);
#1041=ORIENTED_EDGE('',*,*,#719,.F.);
#1042=ORIENTED_EDGE('',*,*,#725,.T.);
#1043=ORIENTED_EDGE('',*,*,#726,.T.);
#1044=ORIENTED_EDGE('',*,*,#727,.T.);
#1045=ORIENTED_EDGE('',*,*,#723,.F.);
#1046=ORIENTED_EDGE('',*,*,#728,.T.);
#1047=ORIENTED_EDGE('',*,*,#721,.F.);
#1048=ORIENTED_EDGE('',*,*,#729,.T.);
#1049=ORIENTED_EDGE('',*,*,#716,.F.);
#1050=ORIENTED_EDGE('',*,*,#730,.T.);
#1051=ORIENTED_EDGE('',*,*,#731,.T.);
#1052=ORIENTED_EDGE('',*,*,#732,.T.);
#1053=ORIENTED_EDGE('',*,*,#733,.T.);
#1054=ORIENTED_EDGE('',*,*,#733,.F.);
#1055=ORIENTED_EDGE('',*,*,#734,.T.);
#1056=ORIENTED_EDGE('',*,*,#726,.F.);
#1057=ORIENTED_EDGE('',*,*,#735,.T.);
#1058=ORIENTED_EDGE('',*,*,#717,.F.);
#1059=ORIENTED_EDGE('',*,*,#736,.F.);
#1060=ORIENTED_EDGE('',*,*,#737,.T.);
#1061=ORIENTED_EDGE('',*,*,#729,.F.);
#1062=ORIENTED_EDGE('',*,*,#720,.F.);
#1063=ORIENTED_EDGE('',*,*,#738,.F.);
#1064=ORIENTED_EDGE('',*,*,#739,.T.);
#1065=ORIENTED_EDGE('',*,*,#736,.T.);
#1066=ORIENTED_EDGE('',*,*,#724,.F.);
#1067=ORIENTED_EDGE('',*,*,#740,.T.);
#1068=ORIENTED_EDGE('',*,*,#741,.T.);
#1069=ORIENTED_EDGE('',*,*,#742,.T.);
#1070=ORIENTED_EDGE('',*,*,#738,.T.);
#1071=ORIENTED_EDGE('',*,*,#727,.F.);
#1072=ORIENTED_EDGE('',*,*,#734,.F.);
#1073=ORIENTED_EDGE('',*,*,#743,.T.);
#1074=ORIENTED_EDGE('',*,*,#744,.T.);
#1075=ORIENTED_EDGE('',*,*,#740,.F.);
#1076=ORIENTED_EDGE('',*,*,#732,.F.);
#1077=ORIENTED_EDGE('',*,*,#745,.T.);
#1078=ORIENTED_EDGE('',*,*,#743,.F.);
#1079=ORIENTED_EDGE('',*,*,#746,.T.);
#1080=ORIENTED_EDGE('',*,*,#747,.T.);
#1081=ORIENTED_EDGE('',*,*,#748,.T.);
#1082=ORIENTED_EDGE('',*,*,#749,.T.);
#1083=ORIENTED_EDGE('',*,*,#750,.T.);
#1084=ORIENTED_EDGE('',*,*,#751,.T.);
#1085=ORIENTED_EDGE('',*,*,#752,.T.);
#1086=ORIENTED_EDGE('',*,*,#753,.T.);
#1087=ORIENTED_EDGE('',*,*,#754,.T.);
#1088=ORIENTED_EDGE('',*,*,#749,.F.);
#1089=ORIENTED_EDGE('',*,*,#755,.T.);
#1090=ORIENTED_EDGE('',*,*,#756,.T.);
#1091=ORIENTED_EDGE('',*,*,#757,.T.);
#1092=ORIENTED_EDGE('',*,*,#753,.F.);
#1093=ORIENTED_EDGE('',*,*,#758,.T.);
#1094=ORIENTED_EDGE('',*,*,#751,.F.);
#1095=ORIENTED_EDGE('',*,*,#759,.T.);
#1096=ORIENTED_EDGE('',*,*,#746,.F.);
#1097=ORIENTED_EDGE('',*,*,#760,.T.);
#1098=ORIENTED_EDGE('',*,*,#761,.T.);
#1099=ORIENTED_EDGE('',*,*,#762,.T.);
#1100=ORIENTED_EDGE('',*,*,#763,.T.);
#1101=ORIENTED_EDGE('',*,*,#763,.F.);
#1102=ORIENTED_EDGE('',*,*,#764,.T.);
#1103=ORIENTED_EDGE('',*,*,#756,.F.);
#1104=ORIENTED_EDGE('',*,*,#765,.T.);
#1105=ORIENTED_EDGE('',*,*,#747,.F.);
#1106=ORIENTED_EDGE('',*,*,#766,.F.);
#1107=ORIENTED_EDGE('',*,*,#767,.T.);
#1108=ORIENTED_EDGE('',*,*,#759,.F.);
#1109=ORIENTED_EDGE('',*,*,#750,.F.);
#1110=ORIENTED_EDGE('',*,*,#768,.F.);
#1111=ORIENTED_EDGE('',*,*,#769,.T.);
#1112=ORIENTED_EDGE('',*,*,#766,.T.);
#1113=ORIENTED_EDGE('',*,*,#754,.F.);
#1114=ORIENTED_EDGE('',*,*,#770,.T.);
#1115=ORIENTED_EDGE('',*,*,#771,.T.);
#1116=ORIENTED_EDGE('',*,*,#768,.T.);
#1117=ORIENTED_EDGE('',*,*,#757,.F.);
#1118=ORIENTED_EDGE('',*,*,#764,.F.);
#1119=ORIENTED_EDGE('',*,*,#772,.T.);
#1120=ORIENTED_EDGE('',*,*,#773,.T.);
#1121=ORIENTED_EDGE('',*,*,#770,.F.);
#1122=ORIENTED_EDGE('',*,*,#762,.F.);
#1123=ORIENTED_EDGE('',*,*,#774,.T.);
#1124=ORIENTED_EDGE('',*,*,#772,.F.);
#1125=ORIENTED_EDGE('',*,*,#722,.F.);
#1126=ORIENTED_EDGE('',*,*,#775,.T.);
#1127=ORIENTED_EDGE('',*,*,#634,.F.);
#1128=ORIENTED_EDGE('',*,*,#776,.T.);
#1129=ORIENTED_EDGE('',*,*,#758,.F.);
#1130=ORIENTED_EDGE('',*,*,#755,.F.);
#1131=ORIENTED_EDGE('',*,*,#752,.F.);
#1132=ORIENTED_EDGE('',*,*,#777,.T.);
#1133=ORIENTED_EDGE('',*,*,#638,.F.);
#1134=ORIENTED_EDGE('',*,*,#778,.T.);
#1135=ORIENTED_EDGE('',*,*,#728,.F.);
#1136=ORIENTED_EDGE('',*,*,#725,.F.);
#1137=ORIENTED_EDGE('',*,*,#718,.F.);
#1138=ORIENTED_EDGE('',*,*,#779,.F.);
#1139=ORIENTED_EDGE('',*,*,#761,.F.);
#1140=ORIENTED_EDGE('',*,*,#765,.F.);
#1141=ORIENTED_EDGE('',*,*,#776,.F.);
#1142=ORIENTED_EDGE('',*,*,#633,.F.);
#1143=ORIENTED_EDGE('',*,*,#775,.F.);
#1144=ORIENTED_EDGE('',*,*,#730,.F.);
#1145=ORIENTED_EDGE('',*,*,#767,.F.);
#1146=ORIENTED_EDGE('',*,*,#780,.T.);
#1147=ORIENTED_EDGE('',*,*,#745,.F.);
#1148=ORIENTED_EDGE('',*,*,#781,.T.);
#1149=ORIENTED_EDGE('',*,*,#769,.F.);
#1150=ORIENTED_EDGE('',*,*,#771,.F.);
#1151=ORIENTED_EDGE('',*,*,#773,.F.);
#1152=ORIENTED_EDGE('',*,*,#782,.F.);
#1153=ORIENTED_EDGE('',*,*,#739,.F.);
#1154=ORIENTED_EDGE('',*,*,#742,.F.);
#1155=ORIENTED_EDGE('',*,*,#783,.T.);
#1156=ORIENTED_EDGE('',*,*,#630,.T.);
#1157=ORIENTED_EDGE('',*,*,#783,.F.);
#1158=ORIENTED_EDGE('',*,*,#741,.F.);
#1159=ORIENTED_EDGE('',*,*,#744,.F.);
#1160=ORIENTED_EDGE('',*,*,#780,.F.);
#1161=ORIENTED_EDGE('',*,*,#774,.F.);
#1162=ORIENTED_EDGE('',*,*,#779,.T.);
#1163=ORIENTED_EDGE('',*,*,#737,.F.);
#1164=ORIENTED_EDGE('',*,*,#782,.T.);
#1165=ORIENTED_EDGE('',*,*,#735,.F.);
#1166=ORIENTED_EDGE('',*,*,#778,.F.);
#1167=ORIENTED_EDGE('',*,*,#637,.F.);
#1168=ORIENTED_EDGE('',*,*,#777,.F.);
#1169=ORIENTED_EDGE('',*,*,#760,.F.);
#1170=ORIENTED_EDGE('',*,*,#748,.F.);
#1171=ORIENTED_EDGE('',*,*,#781,.F.);
#1172=ORIENTED_EDGE('',*,*,#731,.F.);
#1173=ORIENTED_EDGE('',*,*,#784,.T.);
#1174=ORIENTED_EDGE('',*,*,#785,.T.);
#1175=ORIENTED_EDGE('',*,*,#786,.T.);
#1176=ORIENTED_EDGE('',*,*,#785,.F.);
#1177=ORIENTED_EDGE('',*,*,#787,.F.);
#1178=ORIENTED_EDGE('',*,*,#788,.T.);
#1179=ORIENTED_EDGE('',*,*,#786,.F.);
#1180=ORIENTED_EDGE('',*,*,#788,.F.);
#1181=ORIENTED_EDGE('',*,*,#784,.F.);
#1182=ORIENTED_EDGE('',*,*,#789,.T.);
#1183=ORIENTED_EDGE('',*,*,#790,.T.);
#1184=ORIENTED_EDGE('',*,*,#791,.T.);
#1185=ORIENTED_EDGE('',*,*,#790,.F.);
#1186=ORIENTED_EDGE('',*,*,#791,.F.);
#1187=ORIENTED_EDGE('',*,*,#792,.T.);
#1188=ORIENTED_EDGE('',*,*,#793,.F.);
#1189=ORIENTED_EDGE('',*,*,#792,.F.);
#1190=ORIENTED_EDGE('',*,*,#789,.F.);
#1191=ORIENTED_EDGE('',*,*,#787,.T.);
#1192=ORIENTED_EDGE('',*,*,#794,.T.);
#1193=ORIENTED_EDGE('',*,*,#793,.T.);
#1194=ORIENTED_EDGE('',*,*,#794,.F.);
#1195=ORIENTED_EDGE('',*,*,#795,.T.);
#1196=ORIENTED_EDGE('',*,*,#796,.T.);
#1197=ORIENTED_EDGE('',*,*,#795,.F.);
#1198=ORIENTED_EDGE('',*,*,#796,.F.);
#1199=B_SPLINE_SURFACE_WITH_KNOTS('',3,3,((#1748,#1749,#1750,#1751,#1752,
#1753,#1754,#1755),(#1756,#1757,#1758,#1759,#1760,#1761,#1762,#1763),(#1764,
#1765,#1766,#1767,#1768,#1769,#1770,#1771),(#1772,#1773,#1774,#1775,#1776,
#1777,#1778,#1779)),.UNSPECIFIED.,.F.,.F.,.F.,(4,4),(4,1,1,1,1,4),(0.,1.),
(-12.8106943810833,-11.8070005676526,-9.79961294079119,-7.79222531392981,
-6.78853150049912,-5.78483768706843),.UNSPECIFIED.);
#1200=B_SPLINE_SURFACE_WITH_KNOTS('',3,3,((#2001,#2002,#2003,#2004,#2005,
#2006,#2007,#2008,#2009,#2010),(#2011,#2012,#2013,#2014,#2015,#2016,#2017,
#2018,#2019,#2020),(#2021,#2022,#2023,#2024,#2025,#2026,#2027,#2028,#2029,
#2030),(#2031,#2032,#2033,#2034,#2035,#2036,#2037,#2038,#2039,#2040)),
 .UNSPECIFIED.,.F.,.F.,.F.,(4,4),(4,1,1,1,1,1,1,4),(0.0969617291428668,
1.),(-39.9422023096671,-38.0401926758734,-36.1381830420797,-34.236173408286,
-32.3341637744924,-30.4321541406987,-28.530144506905,-26.6281348731113),
 .UNSPECIFIED.);
#1201=B_SPLINE_SURFACE_WITH_KNOTS('',3,3,((#2262,#2263,#2264,#2265,#2266,
#2267,#2268,#2269,#2270,#2271,#2272,#2273,#2274,#2275,#2276,#2277,#2278),
(#2279,#2280,#2281,#2282,#2283,#2284,#2285,#2286,#2287,#2288,#2289,#2290,
#2291,#2292,#2293,#2294,#2295),(#2296,#2297,#2298,#2299,#2300,#2301,#2302,
#2303,#2304,#2305,#2306,#2307,#2308,#2309,#2310,#2311,#2312),(#2313,#2314,
#2315,#2316,#2317,#2318,#2319,#2320,#2321,#2322,#2323,#2324,#2325,#2326,
#2327,#2328,#2329)),.UNSPECIFIED.,.F.,.T.,.F.,(4,4),(4,1,1,1,1,1,1,1,1,
1,1,1,1,1,4),(0.,1.),(-6.28237347817979,-5.83357452766696,-5.38477557715413,
-4.93597662664131,-4.48717767612848,-4.18797837578659,-3.58957977510282,
-3.29038047476094,-2.69198187407717,-2.39278257373528,-1.79438397305151,
-1.49518467270963,-0.896786072025857,-0.447987121513029,0.000811828999798259),
 .UNSPECIFIED.);
#1202=B_SPLINE_SURFACE_WITH_KNOTS('',3,3,((#2365,#2366,#2367,#2368,#2369,
#2370,#2371,#2372,#2373,#2374),(#2375,#2376,#2377,#2378,#2379,#2380,#2381,
#2382,#2383,#2384),(#2385,#2386,#2387,#2388,#2389,#2390,#2391,#2392,#2393,
#2394),(#2395,#2396,#2397,#2398,#2399,#2400,#2401,#2402,#2403,#2404)),
 .UNSPECIFIED.,.F.,.F.,.F.,(4,4),(4,1,1,1,1,1,1,4),(0.0969617291428677,
1.),(-26.6281348731114,-24.7261252393177,-22.824115605524,-20.9221059717303,
-19.0200963379367,-17.118086704143,-15.2160770703493,-13.3140674365557),
 .UNSPECIFIED.);
#1203=B_SPLINE_SURFACE_WITH_KNOTS('',3,3,((#2954,#2955,#2956,#2957,#2958,
#2959,#2960,#2961),(#2962,#2963,#2964,#2965,#2966,#2967,#2968,#2969),(#2970,
#2971,#2972,#2973,#2974,#2975,#2976,#2977),(#2978,#2979,#2980,#2981,#2982,
#2983,#2984,#2985)),.UNSPECIFIED.,.F.,.F.,.F.,(4,4),(4,1,1,1,1,4),(0.,1.),
(8.26786031774996,9.2716947907219,11.2793637366658,13.2870326826096,14.2908671555816,
15.2947016285535),.UNSPECIFIED.);
#1204=B_SPLINE_SURFACE_WITH_KNOTS('',3,3,((#3043,#3044,#3045,#3046,#3047),
(#3048,#3049,#3050,#3051,#3052),(#3053,#3054,#3055,#3056,#3057),(#3058,
#3059,#3060,#3061,#3062),(#3063,#3064,#3065,#3066,#3067)),.UNSPECIFIED.,
 .F.,.F.,.F.,(4,1,4),(4,1,4),(0.,0.427560989364089,0.997642308516207),(0.474490211171084,
0.510654974419033,0.558874658749631),.UNSPECIFIED.);
#1205=B_SPLINE_SURFACE_WITH_KNOTS('',3,3,((#3091,#3092,#3093,#3094,#3095,
#3096),(#3097,#3098,#3099,#3100,#3101,#3102),(#3103,#3104,#3105,#3106,#3107,
#3108),(#3109,#3110,#3111,#3112,#3113,#3114)),.UNSPECIFIED.,.F.,.F.,.F.,
(4,4),(4,1,1,4),(0.,1.),(-0.795469717516759,-0.681831186442936,-0.454554124295291,
0.),.UNSPECIFIED.);
#1206=B_SPLINE_SURFACE_WITH_KNOTS('',3,3,((#3142,#3143,#3144,#3145,#3146,
#3147,#3148,#3149,#3150,#3151,#3152,#3153),(#3154,#3155,#3156,#3157,#3158,
#3159,#3160,#3161,#3162,#3163,#3164,#3165),(#3166,#3167,#3168,#3169,#3170,
#3171,#3172,#3173,#3174,#3175,#3176,#3177),(#3178,#3179,#3180,#3181,#3182,
#3183,#3184,#3185,#3186,#3187,#3188,#3189)),.UNSPECIFIED.,.F.,.F.,.F.,(4,
4),(4,1,1,1,1,1,1,1,1,4),(0.,1.),(6.18352499497766,6.34899235687195,6.51445971876625,
6.84539444255483,7.17632916634341,7.507263890132,7.83819861392058,8.16913333770917,
8.33460069960346,8.50006806149775),.UNSPECIFIED.);
#1207=B_SPLINE_SURFACE_WITH_KNOTS('',3,3,((#3196,#3197,#3198,#3199,#3200,
#3201,#3202,#3203,#3204,#3205,#3206,#3207),(#3208,#3209,#3210,#3211,#3212,
#3213,#3214,#3215,#3216,#3217,#3218,#3219),(#3220,#3221,#3222,#3223,#3224,
#3225,#3226,#3227,#3228,#3229,#3230,#3231),(#3232,#3233,#3234,#3235,#3236,
#3237,#3238,#3239,#3240,#3241,#3242,#3243)),.UNSPECIFIED.,.F.,.F.,.F.,(4,
4),(4,1,1,1,1,1,1,1,1,4),(0.,1.),(4.37278634301347,4.53853166846594,4.70427699391842,
5.03576764482336,5.36725829572831,5.69874894663326,6.03023959753821,6.36173024844316,
6.52747557389563,6.69322089934811),.UNSPECIFIED.);
#1208=B_SPLINE_SURFACE_WITH_KNOTS('',3,3,((#3251,#3252,#3253,#3254,#3255,
#3256),(#3257,#3258,#3259,#3260,#3261,#3262),(#3263,#3264,#3265,#3266,#3267,
#3268),(#3269,#3270,#3271,#3272,#3273,#3274)),.UNSPECIFIED.,.F.,.F.,.F.,
(4,4),(4,1,1,4),(0.,1.),(-8.88178419700125E-16,0.113481930669219,0.34044579200766,
0.79437351468454),.UNSPECIFIED.);
#1209=B_SPLINE_SURFACE_WITH_KNOTS('',3,3,((#3301,#3302,#3303,#3304,#3305,
#3306),(#3307,#3308,#3309,#3310,#3311,#3312),(#3313,#3314,#3315,#3316,#3317,
#3318),(#3319,#3320,#3321,#3322,#3323,#3324)),.UNSPECIFIED.,.F.,.F.,.F.,
(4,4),(4,1,1,4),(0.,1.),(-0.794371377100106,-0.68088975180009,-0.45392650120006,
1.41020012727544E-15),.UNSPECIFIED.);
#1210=B_SPLINE_SURFACE_WITH_KNOTS('',3,3,((#3358,#3359,#3360,#3361,#3362),
(#3363,#3364,#3365,#3366,#3367),(#3368,#3369,#3370,#3371,#3372),(#3373,
#3374,#3375,#3376,#3377),(#3378,#3379,#3380,#3381,#3382)),.UNSPECIFIED.,
 .F.,.F.,.F.,(4,1,4),(4,1,4),(0.,0.571428571428571,1.),(-0.0150132283078953,
0.0211503020499986,0.0693683425271904),.UNSPECIFIED.);
#1211=B_SPLINE_SURFACE_WITH_KNOTS('',3,3,((#3404,#3405,#3406,#3407,#3408,
#3409,#3410,#3411,#3412,#3413,#3414),(#3415,#3416,#3417,#3418,#3419,#3420,
#3421,#3422,#3423,#3424,#3425),(#3426,#3427,#3428,#3429,#3430,#3431,#3432,
#3433,#3434,#3435,#3436),(#3437,#3438,#3439,#3440,#3441,#3442,#3443,#3444,
#3445,#3446,#3447),(#3448,#3449,#3450,#3451,#3452,#3453,#3454,#3455,#3456,
#3457,#3458)),.UNSPECIFIED.,.F.,.F.,.F.,(4,1,4),(4,1,1,1,1,1,1,1,4),(0.,
0.571428571428571,1.),(-2.14325883908345,-2.04487136345249,-1.94648388782153,
-1.81530058698025,-1.74970893655961,-1.71691311134929,-1.70051519874413,
-1.69231624244155,-1.68411728613897),.UNSPECIFIED.);
#1212=B_SPLINE_SURFACE_WITH_KNOTS('',3,3,((#3472,#3473,#3474,#3475,#3476,
#3477),(#3478,#3479,#3480,#3481,#3482,#3483),(#3484,#3485,#3486,#3487,#3488,
#3489),(#3490,#3491,#3492,#3493,#3494,#3495)),.UNSPECIFIED.,.F.,.F.,.F.,
(4,4),(4,1,1,4),(0.,1.),(1.55431223447522E-15,0.11363889820361,0.340916694610827,
0.79547228742526),.UNSPECIFIED.);
#1213=B_SPLINE_SURFACE_WITH_KNOTS('',3,3,((#3522,#3523,#3524,#3525,#3526,
#3527,#3528,#3529,#3530,#3531,#3532),(#3533,#3534,#3535,#3536,#3537,#3538,
#3539,#3540,#3541,#3542,#3543),(#3544,#3545,#3546,#3547,#3548,#3549,#3550,
#3551,#3552,#3553,#3554),(#3555,#3556,#3557,#3558,#3559,#3560,#3561,#3562,
#3563,#3564,#3565),(#3566,#3567,#3568,#3569,#3570,#3571,#3572,#3573,#3574,
#3575,#3576)),.UNSPECIFIED.,.F.,.F.,.F.,(4,1,4),(4,1,1,1,1,1,1,1,4),(0.,
0.571428571428571,1.),(-2.13978792469086,-2.04153777970378,-1.94328763471669,
-1.81228744140058,-1.74678734474253,-1.7140372964135,-1.69766227224899,
-1.68947476016673,-1.68128724808447),.UNSPECIFIED.);
#1214=B_SPLINE_SURFACE_WITH_KNOTS('',3,3,((#3590,#3591,#3592,#3593,#3594,
#3595,#3596,#3597,#3598,#3599),(#3600,#3601,#3602,#3603,#3604,#3605,#3606,
#3607,#3608,#3609),(#3610,#3611,#3612,#3613,#3614,#3615,#3616,#3617,#3618,
#3619),(#3620,#3621,#3622,#3623,#3624,#3625,#3626,#3627,#3628,#3629),(#3630,
#3631,#3632,#3633,#3634,#3635,#3636,#3637,#3638,#3639)),.UNSPECIFIED.,.F.,
 .F.,.F.,(4,1,4),(4,1,1,1,1,1,1,4),(0.,0.571428571428571,1.),(-0.458504259725445,
-0.450316683658919,-0.442129107592393,-0.425753955459341,-0.360253346927135,
-0.262002434128825,-0.131001217064413,1.98879056801619E-16),
 .UNSPECIFIED.);
#1215=B_SPLINE_SURFACE_WITH_KNOTS('',3,3,((#3652,#3653,#3654,#3655),(#3656,
#3657,#3658,#3659),(#3660,#3661,#3662,#3663),(#3664,#3665,#3666,#3667)),
 .UNSPECIFIED.,.F.,.F.,.F.,(4,4),(4,4),(0.,1.),(-0.0788478334172211,0.),
 .UNSPECIFIED.);
#1216=B_SPLINE_SURFACE_WITH_KNOTS('',3,3,((#3673,#3674,#3675,#3676),(#3677,
#3678,#3679,#3680),(#3681,#3682,#3683,#3684),(#3685,#3686,#3687,#3688)),
 .UNSPECIFIED.,.F.,.F.,.F.,(4,4),(4,4),(0.,1.),(-0.196249532551002,-0.118461132760418),
 .UNSPECIFIED.);
#1217=B_SPLINE_SURFACE_WITH_KNOTS('',3,3,((#3694,#3695,#3696,#3697,#3698,
#3699),(#3700,#3701,#3702,#3703,#3704,#3705),(#3706,#3707,#3708,#3709,#3710,
#3711),(#3712,#3713,#3714,#3715,#3716,#3717)),.UNSPECIFIED.,.F.,.F.,.F.,
(4,4),(4,2,4),(0.,1.),(-0.00229036660732618,0.,0.129060881662997),
 .UNSPECIFIED.);
#1218=B_SPLINE_SURFACE_WITH_KNOTS('',3,3,((#3718,#3719,#3720,#3721,#3722,
#3723),(#3724,#3725,#3726,#3727,#3728,#3729),(#3730,#3731,#3732,#3733,#3734,
#3735),(#3736,#3737,#3738,#3739,#3740,#3741)),.UNSPECIFIED.,.F.,.F.,.F.,
(4,4),(4,2,4),(0.,1.),(-0.131673534669033,0.,0.000949633535575704),
 .UNSPECIFIED.);
#1219=B_SPLINE_SURFACE_WITH_KNOTS('',3,3,((#3744,#3745,#3746,#3747,#3748,
#3749,#3750,#3751,#3752,#3753,#3754),(#3755,#3756,#3757,#3758,#3759,#3760,
#3761,#3762,#3763,#3764,#3765),(#3766,#3767,#3768,#3769,#3770,#3771,#3772,
#3773,#3774,#3775,#3776),(#3777,#3778,#3779,#3780,#3781,#3782,#3783,#3784,
#3785,#3786,#3787),(#3788,#3789,#3790,#3791,#3792,#3793,#3794,#3795,#3796,
#3797,#3798)),.UNSPECIFIED.,.F.,.F.,.F.,(4,1,4),(4,1,1,1,1,1,1,1,4),(0.,
0.571428571428571,1.),(-0.459144590961958,-0.450945580409066,-0.442746569856174,
-0.42634854875039,-0.393552506538821,-0.327960422115685,-0.196776253269411,
-0.0983881266347054,-5.91738079044427E-17),.UNSPECIFIED.);
#1220=B_SPLINE_SURFACE_WITH_KNOTS('',3,3,((#3812,#3813,#3814,#3815),(#3816,
#3817,#3818,#3819),(#3820,#3821,#3822,#3823),(#3824,#3825,#3826,#3827)),
 .UNSPECIFIED.,.F.,.F.,.F.,(4,4),(4,4),(0.,1.),(-0.0777696299563169,0.),
 .UNSPECIFIED.);
#1221=B_SPLINE_SURFACE_WITH_KNOTS('',3,3,((#3833,#3834,#3835,#3836),(#3837,
#3838,#3839,#3840),(#3841,#3842,#3843,#3844),(#3845,#3846,#3847,#3848)),
 .UNSPECIFIED.,.F.,.F.,.F.,(4,4),(4,4),(0.,1.),(-0.196159781818153,-0.117311935787007),
 .UNSPECIFIED.);
#1222=B_SPLINE_SURFACE_WITH_KNOTS('',3,3,((#3854,#3855,#3856,#3857,#3858,
#3859),(#3860,#3861,#3862,#3863,#3864,#3865),(#3866,#3867,#3868,#3869,#3870,
#3871),(#3872,#3873,#3874,#3875,#3876,#3877)),.UNSPECIFIED.,.F.,.F.,.F.,
(4,4),(4,2,4),(0.,1.),(-0.132623168204613,-0.131722467775877,0.),
 .UNSPECIFIED.);
#1223=B_SPLINE_SURFACE_WITH_KNOTS('',3,3,((#3878,#3879,#3880,#3881,#3882,
#3883),(#3884,#3885,#3886,#3887,#3888,#3889),(#3890,#3891,#3892,#3893,#3894,
#3895),(#3896,#3897,#3898,#3899,#3900,#3901)),.UNSPECIFIED.,.F.,.F.,.F.,
(4,4),(4,2,4),(0.,1.),(-0.130404571601711,0.,0.000946676668612332),
 .UNSPECIFIED.);
#1224=B_SPLINE_SURFACE_WITH_KNOTS('',3,3,((#3905,#3906,#3907,#3908,#3909,
#3910,#3911,#3912),(#3913,#3914,#3915,#3916,#3917,#3918,#3919,#3920),(#3921,
#3922,#3923,#3924,#3925,#3926,#3927,#3928),(#3929,#3930,#3931,#3932,#3933,
#3934,#3935,#3936),(#3937,#3938,#3939,#3940,#3941,#3942,#3943,#3944)),
 .UNSPECIFIED.,.F.,.F.,.F.,(4,1,4),(4,1,1,1,1,4),(0.,0.571428571428571,
1.),(-0.583133482633447,-0.249914349700048,-0.0833047832333492,0.08330478323335,
0.416523916166748,0.583133482633448),.UNSPECIFIED.);
#1225=B_SPLINE_SURFACE_WITH_KNOTS('',3,3,((#3945,#3946,#3947,#3948,#3949,
#3950),(#3951,#3952,#3953,#3954,#3955,#3956),(#3957,#3958,#3959,#3960,#3961,
#3962),(#3963,#3964,#3965,#3966,#3967,#3968)),.UNSPECIFIED.,.F.,.F.,.F.,
(4,4),(4,2,4),(0.,1.),(-0.548139783146662,-0.545728890396967,0.),
 .UNSPECIFIED.);
#1226=B_SPLINE_SURFACE_WITH_KNOTS('',3,3,((#3985,#3986,#3987,#3988,#3989),
(#3990,#3991,#3992,#3993,#3994),(#3995,#3996,#3997,#3998,#3999),(#4000,
#4001,#4002,#4003,#4004)),.UNSPECIFIED.,.F.,.F.,.F.,(4,4),(4,1,4),(0.,1.),
(0.,0.171221998722519,0.299638497764409),.UNSPECIFIED.);
#1227=B_SPLINE_SURFACE_WITH_KNOTS('',3,3,((#4021,#4022,#4023,#4024,#4025),
(#4026,#4027,#4028,#4029,#4030),(#4031,#4032,#4033,#4034,#4035),(#4036,
#4037,#4038,#4039,#4040)),.UNSPECIFIED.,.F.,.F.,.F.,(4,4),(4,1,4),(0.,1.),
(1.18686823690725E-15,0.112433402498683,0.262344605830258),
 .UNSPECIFIED.);
#1228=B_SPLINE_SURFACE_WITH_KNOTS('',3,3,((#4054,#4055,#4056,#4057),(#4058,
#4059,#4060,#4061),(#4062,#4063,#4064,#4065),(#4066,#4067,#4068,#4069)),
 .UNSPECIFIED.,.F.,.F.,.F.,(4,4),(4,4),(0.,1.),(0.,0.294285602801429),
 .UNSPECIFIED.);
#1229=B_SPLINE_SURFACE_WITH_KNOTS('',3,3,((#4081,#4082,#4083,#4084),(#4085,
#4086,#4087,#4088),(#4089,#4090,#4091,#4092),(#4093,#4094,#4095,#4096)),
 .UNSPECIFIED.,.F.,.F.,.F.,(4,4),(4,4),(0.,1.),(-2.31173996533435E-15,1.11814301045283),
 .UNSPECIFIED.);
#1230=B_SPLINE_SURFACE_WITH_KNOTS('',3,3,((#4105,#4106,#4107,#4108,#4109,
#4110),(#4111,#4112,#4113,#4114,#4115,#4116),(#4117,#4118,#4119,#4120,#4121,
#4122),(#4123,#4124,#4125,#4126,#4127,#4128)),.UNSPECIFIED.,.F.,.F.,.F.,
(4,4),(4,2,4),(0.,1.),(-0.547146617029332,0.,0.00241687048300498),
 .UNSPECIFIED.);
#1231=B_SPLINE_SURFACE_WITH_KNOTS('',3,3,((#4145,#4146,#4147,#4148),(#4149,
#4150,#4151,#4152),(#4153,#4154,#4155,#4156),(#4157,#4158,#4159,#4160)),
 .UNSPECIFIED.,.F.,.F.,.F.,(4,4),(4,4),(0.,1.),(-3.64514240542431E-15,1.11483882592819),
 .UNSPECIFIED.);
#1232=B_SPLINE_SURFACE_WITH_KNOTS('',3,3,((#4169,#4170,#4171,#4172),(#4173,
#4174,#4175,#4176),(#4177,#4178,#4179,#4180),(#4181,#4182,#4183,#4184)),
 .UNSPECIFIED.,.F.,.F.,.F.,(4,4),(4,4),(0.86345511770871,1.),(-4.44089209850063E-15,
0.822418419926472),.UNSPECIFIED.);
#1233=B_SPLINE_SURFACE_WITH_KNOTS('',3,3,((#4229,#4230,#4231,#4232),(#4233,
#4234,#4235,#4236),(#4237,#4238,#4239,#4240),(#4241,#4242,#4243,#4244)),
 .UNSPECIFIED.,.F.,.F.,.F.,(4,4),(4,4),(0.862936812921738,1.),(0.,0.8237615634468),
 .UNSPECIFIED.);
#1234=B_SPLINE_SURFACE_WITH_KNOTS('',3,3,((#4249,#4250,#4251,#4252,#4253,
#4254),(#4255,#4256,#4257,#4258,#4259,#4260),(#4261,#4262,#4263,#4264,#4265,
#4266),(#4267,#4268,#4269,#4270,#4271,#4272)),.UNSPECIFIED.,.F.,.F.,.F.,
(4,4),(4,2,4),(0.,1.),(-0.549563487512355,-0.547146617028316,0.),
 .UNSPECIFIED.);
#1235=B_SPLINE_SURFACE_WITH_KNOTS('',3,3,((#4289,#4290,#4291,#4292),(#4293,
#4294,#4295,#4296),(#4297,#4298,#4299,#4300),(#4301,#4302,#4303,#4304)),
 .UNSPECIFIED.,.F.,.F.,.F.,(4,4),(4,4),(0.,1.),(0.,0.294285602801428),
 .UNSPECIFIED.);
#1236=B_SPLINE_SURFACE_WITH_KNOTS('',3,3,((#4319,#4320,#4321,#4322,#4323),
(#4324,#4325,#4326,#4327,#4328),(#4329,#4330,#4331,#4332,#4333),(#4334,
#4335,#4336,#4337,#4338)),.UNSPECIFIED.,.F.,.F.,.F.,(4,4),(4,1,4),(0.,1.),
(1.61985693233814E-15,0.112433590309115,0.262345044054599),
 .UNSPECIFIED.);
#1237=B_SPLINE_SURFACE_WITH_KNOTS('',3,3,((#4352,#4353,#4354,#4355,#4356),
(#4357,#4358,#4359,#4360,#4361),(#4362,#4363,#4364,#4365,#4366),(#4367,
#4368,#4369,#4370,#4371)),.UNSPECIFIED.,.F.,.F.,.F.,(4,4),(4,1,4),(0.,1.),
(0.,0.12841649904189,0.299638497764411),.UNSPECIFIED.);
#1238=B_SPLINE_SURFACE_WITH_KNOTS('',3,3,((#4385,#4386,#4387,#4388),(#4389,
#4390,#4391,#4392),(#4393,#4394,#4395,#4396),(#4397,#4398,#4399,#4400)),
 .UNSPECIFIED.,.F.,.F.,.F.,(4,4),(4,4),(0.,1.),(0.,1.11478365046456),
 .UNSPECIFIED.);
#1239=B_SPLINE_SURFACE_WITH_KNOTS('',3,3,((#4409,#4410,#4411,#4412,#4413,
#4414),(#4415,#4416,#4417,#4418,#4419,#4420),(#4421,#4422,#4423,#4424,#4425,
#4426),(#4427,#4428,#4429,#4430,#4431,#4432)),.UNSPECIFIED.,.F.,.F.,.F.,
(4,4),(4,2,4),(0.,1.),(-0.545728890399011,0.,0.00241089274764502),
 .UNSPECIFIED.);
#1240=B_SPLINE_SURFACE_WITH_KNOTS('',3,3,((#4449,#4450,#4451,#4452),(#4453,
#4454,#4455,#4456),(#4457,#4458,#4459,#4460),(#4461,#4462,#4463,#4464)),
 .UNSPECIFIED.,.F.,.F.,.F.,(4,4),(4,4),(0.,1.),(-4.83485365465478E-15,1.11819877998341),
 .UNSPECIFIED.);
#1241=B_SPLINE_SURFACE_WITH_KNOTS('',3,3,((#4473,#4474,#4475,#4476),(#4477,
#4478,#4479,#4480),(#4481,#4482,#4483,#4484),(#4485,#4486,#4487,#4488)),
 .UNSPECIFIED.,.F.,.F.,.F.,(4,4),(4,4),(0.862936812921735,1.),(-7.22071817054986E-15,
0.823761563446795),.UNSPECIFIED.);
#1242=B_SPLINE_SURFACE_WITH_KNOTS('',3,3,((#4531,#4532,#4533,#4534),(#4535,
#4536,#4537,#4538),(#4539,#4540,#4541,#4542),(#4543,#4544,#4545,#4546)),
 .UNSPECIFIED.,.F.,.F.,.F.,(4,4),(4,4),(0.863455117708711,1.),(0.,0.822418419926476),
 .UNSPECIFIED.);
#1243=B_SPLINE_SURFACE_WITH_KNOTS('',3,3,((#4551,#4552,#4553,#4554,#4555,
#4556,#4557,#4558,#4559,#4560,#4561,#4562,#4563,#4564,#4565,#4566,#4567),
(#4568,#4569,#4570,#4571,#4572,#4573,#4574,#4575,#4576,#4577,#4578,#4579,
#4580,#4581,#4582,#4583,#4584),(#4585,#4586,#4587,#4588,#4589,#4590,#4591,
#4592,#4593,#4594,#4595,#4596,#4597,#4598,#4599,#4600,#4601),(#4602,#4603,
#4604,#4605,#4606,#4607,#4608,#4609,#4610,#4611,#4612,#4613,#4614,#4615,
#4616,#4617,#4618),(#4619,#4620,#4621,#4622,#4623,#4624,#4625,#4626,#4627,
#4628,#4629,#4630,#4631,#4632,#4633,#4634,#4635),(#4636,#4637,#4638,#4639,
#4640,#4641,#4642,#4643,#4644,#4645,#4646,#4647,#4648,#4649,#4650,#4651,
#4652),(#4653,#4654,#4655,#4656,#4657,#4658,#4659,#4660,#4661,#4662,#4663,
#4664,#4665,#4666,#4667,#4668,#4669)),.UNSPECIFIED.,.F.,.F.,.F.,(4,1,1,
1,4),(4,1,1,1,1,1,1,1,1,1,1,1,1,1,4),(0.,0.285714285714286,0.571428571428571,
0.857142857142857,1.),(-1.09760366118509,-0.862402876645427,-0.784002615132206,
-0.627202092105765,-0.470401569079324,-0.313601046052882,-0.156800523026441,
-1.11022302462516E-16,0.156800523026441,0.313601046052882,0.470401569079324,
0.627202092105765,0.784002615132206,0.940803138158647,1.09760366118509),
 .UNSPECIFIED.);
#1244=B_SPLINE_SURFACE_WITH_KNOTS('',3,3,((#4696,#4697,#4698,#4699,#4700,
#4701,#4702,#4703,#4704,#4705,#4706,#4707,#4708,#4709,#4710,#4711,#4712,
#4713,#4714,#4715,#4716),(#4717,#4718,#4719,#4720,#4721,#4722,#4723,#4724,
#4725,#4726,#4727,#4728,#4729,#4730,#4731,#4732,#4733,#4734,#4735,#4736,
#4737),(#4738,#4739,#4740,#4741,#4742,#4743,#4744,#4745,#4746,#4747,#4748,
#4749,#4750,#4751,#4752,#4753,#4754,#4755,#4756,#4757,#4758),(#4759,#4760,
#4761,#4762,#4763,#4764,#4765,#4766,#4767,#4768,#4769,#4770,#4771,#4772,
#4773,#4774,#4775,#4776,#4777,#4778,#4779),(#4780,#4781,#4782,#4783,#4784,
#4785,#4786,#4787,#4788,#4789,#4790,#4791,#4792,#4793,#4794,#4795,#4796,
#4797,#4798,#4799,#4800)),.UNSPECIFIED.,.F.,.F.,.F.,(4,1,4),(4,1,1,1,1,
1,1,1,1,1,1,1,1,1,1,1,1,1,4),(0.,0.571428571428571,1.),(5.79079236833909,
6.02973148510942,6.26867060187974,6.50760971865007,6.7465488354204,7.22442706896105,
7.7023053025017,8.65806176958301,9.61381823666431,11.5253311708269,13.4368441049895,
15.3483570391521,16.3041135062335,17.2598699733148,17.7377482068554,18.2156264403961,
18.4545655571664,18.6935046739367,19.1713829074774),.UNSPECIFIED.);
#1245=B_SPLINE_SURFACE_WITH_KNOTS('',3,3,((#4866,#4867,#4868,#4869,#4870,
#4871,#4872,#4873,#4874,#4875,#4876,#4877,#4878,#4879,#4880,#4881,#4882,
#4883,#4884,#4885,#4886),(#4887,#4888,#4889,#4890,#4891,#4892,#4893,#4894,
#4895,#4896,#4897,#4898,#4899,#4900,#4901,#4902,#4903,#4904,#4905,#4906,
#4907),(#4908,#4909,#4910,#4911,#4912,#4913,#4914,#4915,#4916,#4917,#4918,
#4919,#4920,#4921,#4922,#4923,#4924,#4925,#4926,#4927,#4928),(#4929,#4930,
#4931,#4932,#4933,#4934,#4935,#4936,#4937,#4938,#4939,#4940,#4941,#4942,
#4943,#4944,#4945,#4946,#4947,#4948,#4949),(#4950,#4951,#4952,#4953,#4954,
#4955,#4956,#4957,#4958,#4959,#4960,#4961,#4962,#4963,#4964,#4965,#4966,
#4967,#4968,#4969,#4970)),.UNSPECIFIED.,.F.,.F.,.F.,(4,1,4),(4,1,1,1,1,
1,1,1,1,1,1,1,1,1,1,1,1,1,4),(0.,0.571428571428571,1.),(5.79105146200669,
6.02988776067602,6.26872405934536,6.50756035801469,6.74639665668402,7.22406925402268,
7.70174185136134,8.65708704603867,9.61243224071599,11.5231226300706,13.4338130194253,
15.3445034087799,16.2998486034573,17.2551937981346,17.7328663954732,18.2105389928119,
18.4493752914812,18.6882115901506,19.1658841874892),.UNSPECIFIED.);
#1246=ADVANCED_FACE('',(#123),#1199,.F.);
#1247=ADVANCED_FACE('',(#124),#1200,.F.);
#1248=ADVANCED_FACE('',(#125),#121,.F.);
#1249=ADVANCED_FACE('',(#126),#109,.F.);
#1250=ADVANCED_FACE('',(#127,#59),#66,.T.);
#1251=ADVANCED_FACE('',(#128),#122,.F.);
#1252=ADVANCED_FACE('',(#129),#110,.F.);
#1253=ADVANCED_FACE('',(#130,#60),#67,.T.);
#1254=ADVANCED_FACE('',(#131),#1201,.T.);
#1255=ADVANCED_FACE('',(#132),#1202,.F.);
#1256=ADVANCED_FACE('',(#133),#111,.F.);
#1257=ADVANCED_FACE('',(#134),#52,.F.);
#1258=ADVANCED_FACE('',(#135,#61),#68,.F.);
#1259=ADVANCED_FACE('',(#136),#53,.F.);
#1260=ADVANCED_FACE('',(#137,#62),#69,.T.);
#1261=ADVANCED_FACE('',(#138),#54,.F.);
#1262=ADVANCED_FACE('',(#139,#63),#70,.T.);
#1263=ADVANCED_FACE('',(#140),#55,.F.);
#1264=ADVANCED_FACE('',(#141),#112,.F.);
#1265=ADVANCED_FACE('',(#142),#56,.F.);
#1266=ADVANCED_FACE('',(#143),#113,.F.);
#1267=ADVANCED_FACE('',(#144),#34,.T.);
#1268=ADVANCED_FACE('',(#145),#1203,.F.);
#1269=ADVANCED_FACE('',(#146),#1204,.T.);
#1270=ADVANCED_FACE('',(#147),#1205,.F.);
#1271=ADVANCED_FACE('',(#148),#1206,.F.);
#1272=ADVANCED_FACE('',(#149),#1207,.F.);
#1273=ADVANCED_FACE('',(#150),#1208,.F.);
#1274=ADVANCED_FACE('',(#151),#1209,.F.);
#1275=ADVANCED_FACE('',(#152),#1210,.T.);
#1276=ADVANCED_FACE('',(#153),#1211,.T.);
#1277=ADVANCED_FACE('',(#154),#1212,.F.);
#1278=ADVANCED_FACE('',(#155),#1213,.T.);
#1279=ADVANCED_FACE('',(#156),#1214,.T.);
#1280=ADVANCED_FACE('',(#157),#1215,.T.);
#1281=ADVANCED_FACE('',(#158),#1216,.T.);
#1282=ADVANCED_FACE('',(#159),#1217,.T.);
#1283=ADVANCED_FACE('',(#160),#1218,.T.);
#1284=ADVANCED_FACE('',(#161),#31,.T.);
#1285=ADVANCED_FACE('',(#162),#1219,.T.);
#1286=ADVANCED_FACE('',(#163),#1220,.T.);
#1287=ADVANCED_FACE('',(#164),#1221,.T.);
#1288=ADVANCED_FACE('',(#165),#1222,.T.);
#1289=ADVANCED_FACE('',(#166),#1223,.T.);
#1290=ADVANCED_FACE('',(#167),#114,.F.);
#1291=ADVANCED_FACE('',(#168),#32,.T.);
#1292=ADVANCED_FACE('',(#169),#1224,.F.);
#1293=ADVANCED_FACE('',(#170),#1225,.T.);
#1294=ADVANCED_FACE('',(#171),#1226,.T.);
#1295=ADVANCED_FACE('',(#172),#1227,.T.);
#1296=ADVANCED_FACE('',(#173),#1228,.T.);
#1297=ADVANCED_FACE('',(#174),#1229,.T.);
#1298=ADVANCED_FACE('',(#175),#1230,.T.);
#1299=ADVANCED_FACE('',(#176),#1231,.T.);
#1300=ADVANCED_FACE('',(#177),#1232,.F.);
#1301=ADVANCED_FACE('',(#178),#35,.F.);
#1302=ADVANCED_FACE('',(#179),#36,.F.);
#1303=ADVANCED_FACE('',(#180),#37,.F.);
#1304=ADVANCED_FACE('',(#181),#1233,.F.);
#1305=ADVANCED_FACE('',(#182),#1234,.T.);
#1306=ADVANCED_FACE('',(#183),#1235,.T.);
#1307=ADVANCED_FACE('',(#184),#1236,.T.);
#1308=ADVANCED_FACE('',(#185),#1237,.T.);
#1309=ADVANCED_FACE('',(#186),#1238,.T.);
#1310=ADVANCED_FACE('',(#187),#1239,.T.);
#1311=ADVANCED_FACE('',(#188),#1240,.T.);
#1312=ADVANCED_FACE('',(#189),#1241,.F.);
#1313=ADVANCED_FACE('',(#190),#38,.F.);
#1314=ADVANCED_FACE('',(#191),#39,.F.);
#1315=ADVANCED_FACE('',(#192),#40,.F.);
#1316=ADVANCED_FACE('',(#193),#1242,.F.);
#1317=ADVANCED_FACE('',(#194),#1243,.T.);
#1318=ADVANCED_FACE('',(#195),#115,.T.);
#1319=ADVANCED_FACE('',(#196),#1244,.T.);
#1320=ADVANCED_FACE('',(#197),#116,.T.);
#1321=ADVANCED_FACE('',(#198),#1245,.T.);
#1322=ADVANCED_FACE('',(#199),#117,.T.);
#1323=ADVANCED_FACE('',(#200),#57,.F.);
#1324=ADVANCED_FACE('',(#201),#118,.F.);
#1325=ADVANCED_FACE('',(#202),#71,.T.);
#1326=ADVANCED_FACE('',(#203),#58,.T.);
#1327=ADVANCED_FACE('',(#204),#119,.T.);
#1328=ADVANCED_FACE('',(#205,#64),#72,.T.);
#1329=ADVANCED_FACE('',(#206,#65),#73,.T.);
#1330=ADVANCED_FACE('',(#207),#120,.T.);
#1331=ADVANCED_FACE('',(#208),#74,.F.);
#1332=CLOSED_SHELL('',(#1246,#1247,#1248,#1249,#1250,#1251,#1252,#1253,
#1254,#1255,#1256,#1257,#1258,#1259,#1260,#1261,#1262,#1263,#1264,#1265,
#1266,#1267,#1268,#1269,#1270,#1271,#1272,#1273,#1274,#1275,#1276,#1277,
#1278,#1279,#1280,#1281,#1282,#1283,#1284,#1285,#1286,#1287,#1288,#1289,
#1290,#1291,#1292,#1293,#1294,#1295,#1296,#1297,#1298,#1299,#1300,#1301,
#1302,#1303,#1304,#1305,#1306,#1307,#1308,#1309,#1310,#1311,#1312,#1313,
#1314,#1315,#1316,#1317,#1318,#1319,#1320,#1321,#1322));
#1333=CLOSED_SHELL('',(#1323,#1324,#1325,#1326,#1327,#1328,#1329,#1330,
#1331));
#1334=DERIVED_UNIT_ELEMENT(#1338,1.);
#1335=DERIVED_UNIT_ELEMENT(#5015,-3.);
#1336=DERIVED_UNIT_ELEMENT(#1338,1.);
#1337=DERIVED_UNIT_ELEMENT(#5015,-3.);
#1338=(
MASS_UNIT()
NAMED_UNIT(*)
SI_UNIT(.KILO.,.GRAM.)
);
#1339=DERIVED_UNIT((#1334,#1335));
#1340=DERIVED_UNIT((#1336,#1337));
#1341=MEASURE_REPRESENTATION_ITEM('density measure',
POSITIVE_RATIO_MEASURE(1060.),#1339);
#1342=MEASURE_REPRESENTATION_ITEM('density measure',
POSITIVE_RATIO_MEASURE(1060.),#1340);
#1343=PROPERTY_DEFINITION_REPRESENTATION(#1353,#1347);
#1344=PROPERTY_DEFINITION_REPRESENTATION(#1354,#1348);
#1345=PROPERTY_DEFINITION_REPRESENTATION(#1355,#1349);
#1346=PROPERTY_DEFINITION_REPRESENTATION(#1356,#1350);
#1347=REPRESENTATION('material name',(#1351),#5011);
#1348=REPRESENTATION('density',(#1341),#5011);
#1349=REPRESENTATION('material name',(#1352),#5012);
#1350=REPRESENTATION('density',(#1342),#5012);
#1351=DESCRIPTIVE_REPRESENTATION_ITEM('ABS Plastic','ABS Plastic');
#1352=DESCRIPTIVE_REPRESENTATION_ITEM('ABS Plastic','ABS Plastic');
#1353=PROPERTY_DEFINITION('material property','material name',#5031);
#1354=PROPERTY_DEFINITION('material property','density of part',#5031);
#1355=PROPERTY_DEFINITION('material property','material name',#5032);
#1356=PROPERTY_DEFINITION('material property','density of part',#5032);
#1357=AXIS2_PLACEMENT_3D('',#1746,#1481,#1482);
#1358=AXIS2_PLACEMENT_3D('',#1747,#1483,#1484);
#1359=AXIS2_PLACEMENT_3D('',#1843,#1485,#1486);
#1360=AXIS2_PLACEMENT_3D('',#2211,#1487,#1488);
#1361=AXIS2_PLACEMENT_3D('',#2234,#1489,#1490);
#1362=AXIS2_PLACEMENT_3D('',#2236,#1491,#1492);
#1363=AXIS2_PLACEMENT_3D('',#2238,#1493,#1494);
#1364=AXIS2_PLACEMENT_3D('',#2239,#1495,#1496);
#1365=AXIS2_PLACEMENT_3D('',#2240,#1497,#1498);
#1366=AXIS2_PLACEMENT_3D('',#2242,#1499,#1500);
#1367=AXIS2_PLACEMENT_3D('',#2244,#1502,#1503);
#1368=AXIS2_PLACEMENT_3D('',#2246,#1504,#1505);
#1369=AXIS2_PLACEMENT_3D('',#2247,#1506,#1507);
#1370=AXIS2_PLACEMENT_3D('',#2249,#1508,#1509);
#1371=AXIS2_PLACEMENT_3D('',#2251,#1510,#1511);
#1372=AXIS2_PLACEMENT_3D('',#2253,#1512,#1513);
#1373=AXIS2_PLACEMENT_3D('',#2254,#1514,#1515);
#1374=AXIS2_PLACEMENT_3D('',#2255,#1516,#1517);
#1375=AXIS2_PLACEMENT_3D('',#2257,#1518,#1519);
#1376=AXIS2_PLACEMENT_3D('',#2259,#1521,#1522);
#1377=AXIS2_PLACEMENT_3D('',#2261,#1523,#1524);
#1378=AXIS2_PLACEMENT_3D('',#2562,#1526,#1527);
#1379=AXIS2_PLACEMENT_3D('',#2564,#1528,#1529);
#1380=AXIS2_PLACEMENT_3D('',#2566,#1531,#1532);
#1381=AXIS2_PLACEMENT_3D('',#2568,#1533,#1534);
#1382=AXIS2_PLACEMENT_3D('',#2570,#1536,#1537);
#1383=AXIS2_PLACEMENT_3D('',#2572,#1538,#1539);
#1384=AXIS2_PLACEMENT_3D('',#2573,#1540,#1541);
#1385=AXIS2_PLACEMENT_3D('',#2575,#1542,#1543);
#1386=AXIS2_PLACEMENT_3D('',#2577,#1545,#1546);
#1387=AXIS2_PLACEMENT_3D('',#2580,#1547,#1548);
#1388=AXIS2_PLACEMENT_3D('',#2597,#1549,#1550);
#1389=AXIS2_PLACEMENT_3D('',#2599,#1551,#1552);
#1390=AXIS2_PLACEMENT_3D('',#2601,#1554,#1555);
#1391=AXIS2_PLACEMENT_3D('',#2604,#1556,#1557);
#1392=AXIS2_PLACEMENT_3D('',#2621,#1558,#1559);
#1393=AXIS2_PLACEMENT_3D('',#2624,#1561,#1562);
#1394=AXIS2_PLACEMENT_3D('',#2625,#1563,#1564);
#1395=AXIS2_PLACEMENT_3D('',#2661,#1566,#1567);
#1396=AXIS2_PLACEMENT_3D('',#2663,#1568,#1569);
#1397=AXIS2_PLACEMENT_3D('',#2665,#1570,#1571);
#1398=AXIS2_PLACEMENT_3D('',#2697,#1572,#1573);
#1399=AXIS2_PLACEMENT_3D('',#2700,#1575,#1576);
#1400=AXIS2_PLACEMENT_3D('',#2701,#1577,#1578);
#1401=AXIS2_PLACEMENT_3D('',#2705,#1580,#1581);
#1402=AXIS2_PLACEMENT_3D('',#2707,#1582,#1583);
#1403=AXIS2_PLACEMENT_3D('',#2768,#1584,#1585);
#1404=AXIS2_PLACEMENT_3D('',#2769,#1586,#1587);
#1405=AXIS2_PLACEMENT_3D('',#3076,#1588,#1589);
#1406=AXIS2_PLACEMENT_3D('',#3084,#1590,#1591);
#1407=AXIS2_PLACEMENT_3D('',#3115,#1592,#1593);
#1408=AXIS2_PLACEMENT_3D('',#3195,#1594,#1595);
#1409=AXIS2_PLACEMENT_3D('',#3244,#1596,#1597);
#1410=AXIS2_PLACEMENT_3D('',#3246,#1598,#1599);
#1411=AXIS2_PLACEMENT_3D('',#3384,#1600,#1601);
#1412=AXIS2_PLACEMENT_3D('',#3392,#1602,#1603);
#1413=AXIS2_PLACEMENT_3D('',#3460,#1604,#1605);
#1414=AXIS2_PLACEMENT_3D('',#3578,#1606,#1607);
#1415=AXIS2_PLACEMENT_3D('',#3651,#1608,#1609);
#1416=AXIS2_PLACEMENT_3D('',#3668,#1610,#1611);
#1417=AXIS2_PLACEMENT_3D('',#3689,#1612,#1613);
#1418=AXIS2_PLACEMENT_3D('',#3742,#1614,#1615);
#1419=AXIS2_PLACEMENT_3D('',#3743,#1616,#1617);
#1420=AXIS2_PLACEMENT_3D('',#3811,#1618,#1619);
#1421=AXIS2_PLACEMENT_3D('',#3828,#1620,#1621);
#1422=AXIS2_PLACEMENT_3D('',#3849,#1622,#1623);
#1423=AXIS2_PLACEMENT_3D('',#3902,#1624,#1625);
#1424=AXIS2_PLACEMENT_3D('',#3903,#1626,#1627);
#1425=AXIS2_PLACEMENT_3D('',#3904,#1628,#1629);
#1426=AXIS2_PLACEMENT_3D('',#3971,#1630,#1631);
#1427=AXIS2_PLACEMENT_3D('',#4007,#1632,#1633);
#1428=AXIS2_PLACEMENT_3D('',#4015,#1634,#1635);
#1429=AXIS2_PLACEMENT_3D('',#4043,#1636,#1637);
#1430=AXIS2_PLACEMENT_3D('',#4072,#1638,#1639);
#1431=AXIS2_PLACEMENT_3D('',#4144,#1640,#1641);
#1432=AXIS2_PLACEMENT_3D('',#4186,#1642,#1643);
#1433=AXIS2_PLACEMENT_3D('',#4201,#1644,#1645);
#1434=AXIS2_PLACEMENT_3D('',#4202,#1646,#1647);
#1435=AXIS2_PLACEMENT_3D('',#4213,#1648,#1649);
#1436=AXIS2_PLACEMENT_3D('',#4215,#1650,#1651);
#1437=AXIS2_PLACEMENT_3D('',#4216,#1652,#1653);
#1438=AXIS2_PLACEMENT_3D('',#4227,#1654,#1655);
#1439=AXIS2_PLACEMENT_3D('',#4228,#1656,#1657);
#1440=AXIS2_PLACEMENT_3D('',#4275,#1658,#1659);
#1441=AXIS2_PLACEMENT_3D('',#4307,#1660,#1661);
#1442=AXIS2_PLACEMENT_3D('',#4314,#1662,#1663);
#1443=AXIS2_PLACEMENT_3D('',#4341,#1664,#1665);
#1444=AXIS2_PLACEMENT_3D('',#4374,#1666,#1667);
#1445=AXIS2_PLACEMENT_3D('',#4448,#1668,#1669);
#1446=AXIS2_PLACEMENT_3D('',#4490,#1670,#1671);
#1447=AXIS2_PLACEMENT_3D('',#4505,#1672,#1673);
#1448=AXIS2_PLACEMENT_3D('',#4506,#1674,#1675);
#1449=AXIS2_PLACEMENT_3D('',#4517,#1676,#1677);
#1450=AXIS2_PLACEMENT_3D('',#4518,#1678,#1679);
#1451=AXIS2_PLACEMENT_3D('',#4529,#1680,#1681);
#1452=AXIS2_PLACEMENT_3D('',#4530,#1682,#1683);
#1453=AXIS2_PLACEMENT_3D('',#4670,#1684,#1685);
#1454=AXIS2_PLACEMENT_3D('',#4671,#1686,#1687);
#1455=AXIS2_PLACEMENT_3D('',#4672,#1688,#1689);
#1456=AXIS2_PLACEMENT_3D('',#4673,#1690,#1691);
#1457=AXIS2_PLACEMENT_3D('',#4674,#1692,#1693);
#1458=AXIS2_PLACEMENT_3D('',#4843,#1694,#1695);
#1459=AXIS2_PLACEMENT_3D('',#4971,#1697,#1698);
#1460=AXIS2_PLACEMENT_3D('',#4972,#1699,#1700);
#1461=AXIS2_PLACEMENT_3D('',#4973,#1701,#1702);
#1462=AXIS2_PLACEMENT_3D('',#4975,#1703,#1704);
#1463=AXIS2_PLACEMENT_3D('',#4978,#1706,#1707);
#1464=AXIS2_PLACEMENT_3D('',#4979,#1708,#1709);
#1465=AXIS2_PLACEMENT_3D('',#4981,#1710,#1711);
#1466=AXIS2_PLACEMENT_3D('',#4983,#1713,#1714);
#1467=AXIS2_PLACEMENT_3D('',#4984,#1715,#1716);
#1468=AXIS2_PLACEMENT_3D('',#4986,#1717,#1718);
#1469=AXIS2_PLACEMENT_3D('',#4989,#1720,#1721);
#1470=AXIS2_PLACEMENT_3D('',#4990,#1722,#1723);
#1471=AXIS2_PLACEMENT_3D('',#4993,#1725,#1726);
#1472=AXIS2_PLACEMENT_3D('',#4994,#1727,#1728);
#1473=AXIS2_PLACEMENT_3D('',#4995,#1729,#1730);
#1474=AXIS2_PLACEMENT_3D('',#4997,#1731,#1732);
#1475=AXIS2_PLACEMENT_3D('',#4998,#1733,#1734);
#1476=AXIS2_PLACEMENT_3D('',#5001,#1736,#1737);
#1477=AXIS2_PLACEMENT_3D('',#5002,#1738,#1739);
#1478=AXIS2_PLACEMENT_3D('',#5003,#1740,#1741);
#1479=AXIS2_PLACEMENT_3D('',#5004,#1742,#1743);
#1480=AXIS2_PLACEMENT_3D('',#5005,#1744,#1745);
#1481=DIRECTION('axis',(0.,0.,1.));
#1482=DIRECTION('refdir',(1.,0.,0.));
#1483=DIRECTION('axis',(0.,0.,1.));
#1484=DIRECTION('refdir',(1.,0.,0.));
#1485=DIRECTION('center_axis',(-0.000179828190348043,-0.999999983830837,
-3.83706435150771E-7));
#1486=DIRECTION('ref_axis',(-0.999989262181955,0.000179828039114435,-0.00463067842389009));
#1487=DIRECTION('center_axis',(-0.000811828910623143,0.999999670466856,
6.462874265315E-17));
#1488=DIRECTION('ref_axis',(-0.740901455477098,-0.000601485419688412,-0.67161348369967));
#1489=DIRECTION('center_axis',(0.,-0.707106781186548,-0.707106781186547));
#1490=DIRECTION('ref_axis',(-1.,0.,0.));
#1491=DIRECTION('center_axis',(0.,-0.707106781186548,-0.707106781186547));
#1492=DIRECTION('ref_axis',(-1.,-3.37420723170391E-16,3.37420723170391E-16));
#1493=DIRECTION('center_axis',(0.,-0.707106781186547,0.707106781186548));
#1494=DIRECTION('ref_axis',(1.,0.,0.));
#1495=DIRECTION('center_axis',(0.,0.707106781186548,0.707106781186547));
#1496=DIRECTION('ref_axis',(-1.,-3.26536183713281E-16,3.483052626275E-16));
#1497=DIRECTION('center_axis',(0.,-0.707106781186548,-0.707106781186547));
#1498=DIRECTION('ref_axis',(-1.,0.,0.));
#1499=DIRECTION('center_axis',(0.,-0.707106781186548,-0.707106781186547));
#1500=DIRECTION('ref_axis',(-1.,0.,0.));
#1501=DIRECTION('',(0.,-0.707106781186548,-0.707106781186547));
#1502=DIRECTION('center_axis',(0.,0.707106781186548,0.707106781186547));
#1503=DIRECTION('ref_axis',(-1.,0.,0.));
#1504=DIRECTION('center_axis',(0.,0.707106781186548,0.707106781186547));
#1505=DIRECTION('ref_axis',(0.,-0.707106781186547,0.707106781186547));
#1506=DIRECTION('center_axis',(0.,0.707106781186548,-0.707106781186547));
#1507=DIRECTION('ref_axis',(-1.,0.,0.));
#1508=DIRECTION('center_axis',(0.,0.707106781186548,-0.707106781186547));
#1509=DIRECTION('ref_axis',(1.,1.63268091856641E-16,1.63268091856641E-16));
#1510=DIRECTION('center_axis',(0.,-0.707106781186547,-0.707106781186548));
#1511=DIRECTION('ref_axis',(1.,0.,0.));
#1512=DIRECTION('center_axis',(0.,-0.707106781186548,0.707106781186547));
#1513=DIRECTION('ref_axis',(1.,1.7415263131375E-16,1.52383552399531E-16));
#1514=DIRECTION('center_axis',(0.,-0.707106781186548,0.707106781186547));
#1515=DIRECTION('ref_axis',(1.,1.7415263131375E-16,1.52383552399531E-16));
#1516=DIRECTION('center_axis',(0.,0.707106781186548,-0.707106781186547));
#1517=DIRECTION('ref_axis',(1.,0.,0.));
#1518=DIRECTION('center_axis',(0.,0.707106781186548,-0.707106781186547));
#1519=DIRECTION('ref_axis',(1.,0.,0.));
#1520=DIRECTION('',(0.,0.707106781186548,-0.707106781186547));
#1521=DIRECTION('center_axis',(0.,-0.707106781186548,0.707106781186547));
#1522=DIRECTION('ref_axis',(1.,0.,0.));
#1523=DIRECTION('center_axis',(0.,-0.707106781186548,0.707106781186547));
#1524=DIRECTION('ref_axis',(0.,-0.707106781186547,-0.707106781186547));
#1525=DIRECTION('',(-0.354090985315493,-0.000287461393601019,0.935210934219789));
#1526=DIRECTION('center_axis',(0.,0.,1.));
#1527=DIRECTION('ref_axis',(1.,0.,0.));
#1528=DIRECTION('center_axis',(0.,0.,1.));
#1529=DIRECTION('ref_axis',(1.,0.,0.));
#1530=DIRECTION('',(0.,0.,1.));
#1531=DIRECTION('center_axis',(0.,0.,-1.));
#1532=DIRECTION('ref_axis',(1.,0.,0.));
#1533=DIRECTION('center_axis',(0.,0.,-1.));
#1534=DIRECTION('ref_axis',(1.,0.,0.));
#1535=DIRECTION('',(0.707106781186548,-8.65956056235494E-17,0.707106781186547));
#1536=DIRECTION('center_axis',(0.,0.,1.));
#1537=DIRECTION('ref_axis',(1.,0.,0.));
#1538=DIRECTION('center_axis',(0.,0.,1.));
#1539=DIRECTION('ref_axis',(1.,0.,0.));
#1540=DIRECTION('center_axis',(0.,-0.707106781186552,0.707106781186543));
#1541=DIRECTION('ref_axis',(1.,0.,0.));
#1542=DIRECTION('center_axis',(0.,-0.707106781186548,0.707106781186547));
#1543=DIRECTION('ref_axis',(1.,0.,0.));
#1544=DIRECTION('',(0.707106781186546,0.500000000000004,-0.499999999999998));
#1545=DIRECTION('center_axis',(0.,-0.707106781186548,0.707106781186547));
#1546=DIRECTION('ref_axis',(1.,0.,0.));
#1547=DIRECTION('center_axis',(0.,-0.707106781186548,0.707106781186547));
#1548=DIRECTION('ref_axis',(1.,0.,0.));
#1549=DIRECTION('center_axis',(0.,0.707106781186548,0.707106781186548));
#1550=DIRECTION('ref_axis',(-1.,0.,0.));
#1551=DIRECTION('center_axis',(0.,0.707106781186548,0.707106781186547));
#1552=DIRECTION('ref_axis',(-1.,0.,0.));
#1553=DIRECTION('',(-0.707106781186548,-0.499999999999999,-0.499999999999999));
#1554=DIRECTION('center_axis',(0.,0.707106781186548,0.707106781186547));
#1555=DIRECTION('ref_axis',(1.,0.,0.));
#1556=DIRECTION('center_axis',(0.,0.707106781186548,0.707106781186547));
#1557=DIRECTION('ref_axis',(1.,0.,0.));
#1558=DIRECTION('center_axis',(0.,0.707106781186549,0.707106781186546));
#1559=DIRECTION('ref_axis',(0.,-0.707106781186547,0.707106781186548));
#1560=DIRECTION('',(8.65956056235492E-17,-1.,-7.01193489236941E-16));
#1561=DIRECTION('center_axis',(0.,-0.707106781186548,-0.707106781186547));
#1562=DIRECTION('ref_axis',(0.,-0.707106781186547,0.707106781186548));
#1563=DIRECTION('center_axis',(0.,-0.707106781186548,-0.707106781186547));
#1564=DIRECTION('ref_axis',(0.,-0.707106781186547,0.707106781186548));
#1565=DIRECTION('',(0.,-0.707106781186548,-0.707106781186547));
#1566=DIRECTION('center_axis',(-1.98258831166684E-15,-0.316227766016837,
0.948683298050514));
#1567=DIRECTION('ref_axis',(0.,-0.948683298050514,-0.316227766016837));
#1568=DIRECTION('center_axis',(2.47823538958355E-16,0.948683298050514,-0.316227766016838));
#1569=DIRECTION('ref_axis',(0.,0.316227766016838,0.948683298050514));
#1570=DIRECTION('center_axis',(-1.98258831166684E-15,-0.316227766016837,
0.948683298050514));
#1571=DIRECTION('ref_axis',(0.,-0.948683298050514,-0.316227766016837));
#1572=DIRECTION('center_axis',(0.,-0.707106781186549,0.707106781186546));
#1573=DIRECTION('ref_axis',(0.,-0.707106781186547,-0.707106781186548));
#1574=DIRECTION('',(8.65956056235494E-17,5.25895116927706E-16,-1.));
#1575=DIRECTION('center_axis',(0.,0.707106781186548,-0.707106781186547));
#1576=DIRECTION('ref_axis',(0.,-0.707106781186547,-0.707106781186548));
#1577=DIRECTION('center_axis',(0.,0.707106781186548,-0.707106781186547));
#1578=DIRECTION('ref_axis',(0.,-0.707106781186547,-0.707106781186548));
#1579=DIRECTION('',(0.,0.707106781186548,-0.707106781186547));
#1580=DIRECTION('center_axis',(-1.85867654218767E-16,-0.948683298050514,
-0.316227766016838));
#1581=DIRECTION('ref_axis',(3.24254891335699E-33,-0.316227766016838,0.948683298050514));
#1582=DIRECTION('center_axis',(1.98258831166684E-15,0.316227766016837,0.948683298050514));
#1583=DIRECTION('ref_axis',(0.,0.948683298050514,-0.316227766016837));
#1584=DIRECTION('center_axis',(1.98258831166684E-15,0.316227766016837,0.948683298050514));
#1585=DIRECTION('ref_axis',(0.,0.948683298050514,-0.316227766016837));
#1586=DIRECTION('center_axis',(-1.85867654218767E-16,-0.948683298050514,
-0.316227766016838));
#1587=DIRECTION('ref_axis',(3.24254891335699E-33,-0.316227766016838,0.948683298050514));
#1588=DIRECTION('center_axis',(-0.500149268591696,-0.806797343464597,0.314529419459709));
#1589=DIRECTION('ref_axis',(0.849933396545275,-0.526890141715531,1.0449157878825E-15));
#1590=DIRECTION('center_axis',(-0.500426485508506,0.807337903411916,0.312696086186022));
#1591=DIRECTION('ref_axis',(0.475645752052588,-0.0454164571946042,0.878463695305742));
#1592=DIRECTION('center_axis',(-0.0771145062419132,-0.166800541572595,-0.982970463573629));
#1593=DIRECTION('ref_axis',(-0.995531815612689,0.0667697689935442,0.0667697689935436));
#1594=DIRECTION('center_axis',(0.0771145062419161,-0.166800541572599,-0.982970463573628));
#1595=DIRECTION('ref_axis',(0.907690773058628,0.419639679372947,0.));
#1596=DIRECTION('center_axis',(-0.0754069156938711,0.163268725926041,-0.983695644089179));
#1597=DIRECTION('ref_axis',(-0.907849085343401,-0.419297076356549,0.));
#1598=DIRECTION('center_axis',(0.07540691569387,0.163268725926042,-0.983695644089179));
#1599=DIRECTION('ref_axis',(0.99570544844115,-0.065462431762841,0.0654624317628384));
#1600=DIRECTION('center_axis',(0.500426485508506,0.807337903411917,0.31269608618602));
#1601=DIRECTION('ref_axis',(-0.849960686869035,0.526846116790394,0.));
#1602=DIRECTION('center_axis',(0.500149268591695,-0.806797343464597,0.31452941945971));
#1603=DIRECTION('ref_axis',(-0.475648160022331,0.0475602714970959,0.87834893319369));
#1604=DIRECTION('center_axis',(-0.0569666051247573,0.803192858042598,0.592989071307324));
#1605=DIRECTION('ref_axis',(-0.909553399010978,-0.286659412643083,0.300896984848137));
#1606=DIRECTION('center_axis',(0.055986457823095,-0.801954201905189,0.594756231230102));
#1607=DIRECTION('ref_axis',(0.910343632024934,0.285647546439592,0.299466109676359));
#1608=DIRECTION('center_axis',(-0.0559864578230975,-0.801954201905189,0.594756231230101));
#1609=DIRECTION('ref_axis',(-0.553973754747745,0.520538218098665,0.64973305483818));
#1610=DIRECTION('center_axis',(-1.09239167607997E-15,0.707106781186545,
0.70710678118655));
#1611=DIRECTION('ref_axis',(-0.851472410046704,-0.370806374627825,0.370806374627821));
#1612=DIRECTION('center_axis',(-2.709381505431E-16,-0.707106781186547,0.707106781186548));
#1613=DIRECTION('ref_axis',(-0.550642283246915,0.5902512498507,0.590251249850698));
#1614=DIRECTION('center_axis',(-2.089831575765E-16,-1.,0.));
#1615=DIRECTION('ref_axis',(0.450823236169827,-6.95113901079647E-16,-0.892613247565464));
#1616=DIRECTION('center_axis',(-0.731215222189022,-1.209414132451E-16,-0.682146830850265));
#1617=DIRECTION('ref_axis',(0.550642283246914,-0.590251249850699,-0.5902512498507));
#1618=DIRECTION('center_axis',(0.0569666051247516,0.803192858042597,0.592989071307326));
#1619=DIRECTION('ref_axis',(0.55409140112395,-0.519518505833772,0.650448492424068));
#1620=DIRECTION('center_axis',(5.32845029401426E-15,-0.707106781186558,
0.707106781186537));
#1621=DIRECTION('ref_axis',(0.853414035745687,0.36856782523184,0.368567825231844));
#1622=DIRECTION('center_axis',(1.63858751411995E-15,0.707106781186549,0.707106781186546));
#1623=DIRECTION('ref_axis',(0.550642283246915,-0.590251249850698,0.590251249850699));
#1624=DIRECTION('center_axis',(0.,0.,1.));
#1625=DIRECTION('ref_axis',(-1.,0.,0.));
#1626=DIRECTION('center_axis',(0.,-1.,0.));
#1627=DIRECTION('ref_axis',(-0.450823236169827,-1.60410900249149E-16,-0.892613247565464));
#1628=DIRECTION('center_axis',(0.731215222189021,4.03138044150334E-17,-0.682146830850265));
#1629=DIRECTION('ref_axis',(-0.550642283246914,0.590251249850699,-0.590251249850699));
#1630=DIRECTION('center_axis',(0.149828189647551,0.275316560085874,0.949606394949728));
#1631=DIRECTION('ref_axis',(0.985366295718945,-0.120526476886044,-0.120526476886043));
#1632=DIRECTION('center_axis',(0.273509978654612,0.878385589155091,0.39195796756925));
#1633=DIRECTION('ref_axis',(0.921646467003041,-0.122718641268343,-0.368114010798372));
#1634=DIRECTION('center_axis',(-0.448329202206956,-0.491349093577812,-0.746710783830485));
#1635=DIRECTION('ref_axis',(0.828383147652289,0.0854656136637909,-0.55360363940888));
#1636=DIRECTION('center_axis',(-0.282258198208214,0.869251394521002,-0.405872298472741));
#1637=DIRECTION('ref_axis',(0.921241950349475,0.127554977563253,-0.367481967741458));
#1638=DIRECTION('center_axis',(-0.448183354202782,0.490831582424725,-0.747138567275163));
#1639=DIRECTION('ref_axis',(0.890117832258634,0.32225009285894,-0.32225009285894));
#1640=DIRECTION('center_axis',(0.150571280829465,-0.275501690154591,0.94943515213591));
#1641=DIRECTION('ref_axis',(0.95285282059931,-0.215476036887762,-0.213638900491186));
#1642=DIRECTION('center_axis',(-0.220539865888429,0.975377961384157,0.));
#1643=DIRECTION('ref_axis',(-0.975377961384157,-0.220539865888429,-1.02140518265514E-13));
#1644=DIRECTION('center_axis',(-0.0406168953363338,0.999174793423672,-7.82097973204616E-18));
#1645=DIRECTION('ref_axis',(-0.999174793423672,-0.0406168953363338,0.));
#1646=DIRECTION('center_axis',(0.,0.,1.));
#1647=DIRECTION('ref_axis',(-0.966431364725873,-0.256924925365536,0.));
#1648=DIRECTION('center_axis',(-0.0428090651403034,-0.999083271775588,-9.83043215985686E-19));
#1649=DIRECTION('ref_axis',(-8.32667268468868E-16,3.46944695195361E-17,
1.));
#1650=DIRECTION('center_axis',(0.,0.,1.));
#1651=DIRECTION('ref_axis',(-0.999999998096238,6.17051422138414E-5,0.));
#1652=DIRECTION('center_axis',(0.,0.,1.));
#1653=DIRECTION('ref_axis',(-0.999999998096238,6.17051422138414E-5,0.));
#1654=DIRECTION('center_axis',(-0.220568365271292,-0.975371517034176,0.));
#1655=DIRECTION('ref_axis',(0.,0.,1.));
#1656=DIRECTION('center_axis',(0.,0.,1.));
#1657=DIRECTION('ref_axis',(-0.966399650188395,0.257044190978414,0.));
#1658=DIRECTION('center_axis',(-0.150571280829468,-0.275501690154595,0.949435152135908));
#1659=DIRECTION('ref_axis',(-0.98522431751583,0.121105417251803,-0.121105417251803));
#1660=DIRECTION('center_axis',(-0.282258198208217,-0.869251394521,0.405872298472744));
#1661=DIRECTION('ref_axis',(-0.921241950349475,0.127554977563254,-0.367481967741458));
#1662=DIRECTION('center_axis',(0.448183354202782,0.490831582424725,-0.747138567275163));
#1663=DIRECTION('ref_axis',(-0.828457820388007,-0.0859353535646933,-0.553419149330473));
#1664=DIRECTION('center_axis',(0.273509978654612,-0.878385589155091,-0.39195796756925));
#1665=DIRECTION('ref_axis',(-0.921646467003041,-0.122718641268343,-0.368114010798371));
#1666=DIRECTION('center_axis',(0.448329202206956,-0.491349093577812,-0.746710783830485));
#1667=DIRECTION('ref_axis',(-0.890071072579594,-0.322314664386381,-0.322314664386381));
#1668=DIRECTION('center_axis',(-0.14982818964755,0.275316560085873,0.949606394949728));
#1669=DIRECTION('ref_axis',(-0.953028452110352,0.215486483535068,-0.212843475074614));
#1670=DIRECTION('center_axis',(0.220568365271292,-0.975371517034176,0.));
#1671=DIRECTION('ref_axis',(0.975371517034176,0.220568365271292,-1.11022302462516E-15));
#1672=DIRECTION('center_axis',(0.0428090651403034,-0.999083271775588,-9.83043215985686E-19));
#1673=DIRECTION('ref_axis',(0.999083271775588,0.0428090651403034,0.));
#1674=DIRECTION('center_axis',(0.,0.,1.));
#1675=DIRECTION('ref_axis',(0.966399650188395,0.257044190978414,0.));
#1676=DIRECTION('center_axis',(0.0406168953363338,0.999174793423672,8.45480121735451E-19));
#1677=DIRECTION('ref_axis',(8.32667268468868E-16,-3.46944695195361E-17,
1.));
#1678=DIRECTION('center_axis',(0.,0.,1.));
#1679=DIRECTION('ref_axis',(0.999999998096238,6.17051422137647E-5,0.));
#1680=DIRECTION('center_axis',(0.220539865888429,0.975377961384157,0.));
#1681=DIRECTION('ref_axis',(0.,0.,1.));
#1682=DIRECTION('center_axis',(0.,0.,1.));
#1683=DIRECTION('ref_axis',(0.966431364725873,-0.256924925365536,0.));
#1684=DIRECTION('center_axis',(2.2045420475451E-17,0.894427190999916,0.447213595499958));
#1685=DIRECTION('ref_axis',(0.,-0.447213595499958,0.894427190999916));
#1686=DIRECTION('center_axis',(2.2045420475451E-17,0.894427190999916,0.447213595499958));
#1687=DIRECTION('ref_axis',(0.,-0.447213595499958,0.894427190999916));
#1688=DIRECTION('center_axis',(4.41554902778096E-17,-0.894427190999916,
0.447213595499958));
#1689=DIRECTION('ref_axis',(0.,0.447213595499958,0.894427190999916));
#1690=DIRECTION('center_axis',(4.41554902778096E-17,-0.894427190999916,
0.447213595499958));
#1691=DIRECTION('ref_axis',(0.,0.447213595499958,0.894427190999916));
#1692=DIRECTION('center_axis',(0.,-0.707106781186548,0.707106781186547));
#1693=DIRECTION('ref_axis',(-1.83697019872103E-16,-0.707106781186547,-0.707106781186548));
#1694=DIRECTION('center_axis',(0.,0.,1.));
#1695=DIRECTION('ref_axis',(1.,0.,0.));
#1696=DIRECTION('',(0.,0.,-1.));
#1697=DIRECTION('center_axis',(0.,0.707106781186548,0.707106781186547));
#1698=DIRECTION('ref_axis',(-1.83697019872103E-16,0.707106781186547,-0.707106781186548));
#1699=DIRECTION('axis',(0.,0.,1.));
#1700=DIRECTION('refdir',(1.,0.,0.));
#1701=DIRECTION('center_axis',(0.,0.,1.));
#1702=DIRECTION('ref_axis',(1.,0.,0.));
#1703=DIRECTION('center_axis',(0.,0.,-1.));
#1704=DIRECTION('ref_axis',(1.,0.,0.));
#1705=DIRECTION('',(-0.707106781186548,8.65956056235494E-17,0.707106781186547));
#1706=DIRECTION('center_axis',(0.,0.,1.));
#1707=DIRECTION('ref_axis',(1.,0.,0.));
#1708=DIRECTION('center_axis',(0.,0.,1.));
#1709=DIRECTION('ref_axis',(1.,0.,0.));
#1710=DIRECTION('center_axis',(0.,0.,-1.));
#1711=DIRECTION('ref_axis',(1.,0.,0.));
#1712=DIRECTION('',(0.,0.,-1.));
#1713=DIRECTION('center_axis',(0.,0.,1.));
#1714=DIRECTION('ref_axis',(1.,0.,0.));
#1715=DIRECTION('center_axis',(0.,0.,-1.));
#1716=DIRECTION('ref_axis',(1.,0.,0.));
#1717=DIRECTION('center_axis',(0.,0.,-1.));
#1718=DIRECTION('ref_axis',(1.,0.,0.));
#1719=DIRECTION('',(-0.4226182617407,-5.17558101501966E-17,-0.90630778703665));
#1720=DIRECTION('center_axis',(0.,0.,1.));
#1721=DIRECTION('ref_axis',(1.,0.,0.));
#1722=DIRECTION('center_axis',(0.,0.,1.));
#1723=DIRECTION('ref_axis',(1.,0.,0.));
#1724=DIRECTION('',(0.,0.,-1.));
#1725=DIRECTION('center_axis',(0.,0.,-1.));
#1726=DIRECTION('ref_axis',(1.,0.,0.));
#1727=DIRECTION('center_axis',(0.,0.,1.));
#1728=DIRECTION('ref_axis',(1.,0.,0.));
#1729=DIRECTION('center_axis',(0.,0.,1.));
#1730=DIRECTION('ref_axis',(1.,0.,0.));
#1731=DIRECTION('center_axis',(0.,0.,1.));
#1732=DIRECTION('ref_axis',(1.,0.,0.));
#1733=DIRECTION('center_axis',(0.,0.,1.));
#1734=DIRECTION('ref_axis',(1.,0.,0.));
#1735=DIRECTION('',(0.,0.,-1.));
#1736=DIRECTION('center_axis',(0.,0.,1.));
#1737=DIRECTION('ref_axis',(1.,0.,0.));
#1738=DIRECTION('center_axis',(0.,0.,1.));
#1739=DIRECTION('ref_axis',(1.,0.,0.));
#1740=DIRECTION('',(0.,0.,1.));
#1741=DIRECTION('',(1.,0.,0.));
#1742=DIRECTION('',(0.,0.,1.));
#1743=DIRECTION('',(1.,0.,0.));
#1744=DIRECTION('center_axis',(0.,0.,1.));
#1745=DIRECTION('ref_axis',(1.,0.,0.));
#1746=CARTESIAN_POINT('',(0.,0.,0.));
#1747=CARTESIAN_POINT('',(0.,0.,0.));
#1748=CARTESIAN_POINT('Ctrl Pts',(7.07913623109507,-0.00127448567282057,
26.0403439789487));
#1749=CARTESIAN_POINT('Ctrl Pts',(7.07894692713938,-1.05393840906603,26.0403435849209));
#1750=CARTESIAN_POINT('Ctrl Pts',(6.38137160152939,-4.24999844449373,26.0401949073987));
#1751=CARTESIAN_POINT('Ctrl Pts',(1.80857990482662,-7.89683252614813,26.0400918901938));
#1752=CARTESIAN_POINT('Ctrl Pts',(-3.90081191527347,-6.59556922208946,26.0451665364707));
#1753=CARTESIAN_POINT('Ctrl Pts',(-6.58699892501443,-3.16363568808746,26.0492652649503));
#1754=CARTESIAN_POINT('Ctrl Pts',(-7.07379914604854,-1.0537903784882,26.0500462942055));
#1755=CARTESIAN_POINT('Ctrl Pts',(-7.07392349430774,-0.000823909371378082,
26.0500431219387));
#1756=CARTESIAN_POINT('Ctrl Pts',(5.73378889963283,-0.00103351642728959,
28.5478191852317));
#1757=CARTESIAN_POINT('Ctrl Pts',(5.73361671526038,-0.853293622811008,28.547853782252));
#1758=CARTESIAN_POINT('Ctrl Pts',(5.16169599193495,-3.44523774048927,28.5589471016757));
#1759=CARTESIAN_POINT('Ctrl Pts',(1.43524542431191,-6.3501734837516,28.6298398116339));
#1760=CARTESIAN_POINT('Ctrl Pts',(-3.11074388994071,-5.24550129261464,28.728668141372));
#1761=CARTESIAN_POINT('Ctrl Pts',(-5.21679811904865,-2.50720264744148,28.7813544877096));
#1762=CARTESIAN_POINT('Ctrl Pts',(-5.598131368858,-0.834209858861419,28.7911061816331));
#1763=CARTESIAN_POINT('Ctrl Pts',(-5.5982496492065,-0.00064111690192095,
28.7910673231574));
#1764=CARTESIAN_POINT('Ctrl Pts',(5.01313137079823,-0.000905011470071496,
31.3874487351664));
#1765=CARTESIAN_POINT('Ctrl Pts',(5.0129774780732,-0.746081520776652,31.3875276799104));
#1766=CARTESIAN_POINT('Ctrl Pts',(4.51129967229543,-3.01317471387384,31.4128288914442));
#1767=CARTESIAN_POINT('Ctrl Pts',(1.25122206036366,-5.54291181047993,31.5738166175197));
#1768=CARTESIAN_POINT('Ctrl Pts',(-2.70774645332555,-4.57216586649979,31.7936966912336));
#1769=CARTESIAN_POINT('Ctrl Pts',(-4.54065181711166,-2.18551123984324,31.9098837082526));
#1770=CARTESIAN_POINT('Ctrl Pts',(-4.8726921870578,-0.727005412189257,31.9313559450935));
#1771=CARTESIAN_POINT('Ctrl Pts',(-4.87279699261217,-0.000545718262698775,
31.9312702769622));
#1772=CARTESIAN_POINT('Ctrl Pts',(4.9999543513064,-0.000903733730572846,
34.2330098005134));
#1773=CARTESIAN_POINT('Ctrl Pts',(4.99982005464067,-0.744644519506044,34.2331285253551));
#1774=CARTESIAN_POINT('Ctrl Pts',(4.50565984049103,-3.00315144700347,34.2711712107318));
#1775=CARTESIAN_POINT('Ctrl Pts',(1.28137168838646,-5.57312960331409,34.5127470518322));
#1776=CARTESIAN_POINT('Ctrl Pts',(-2.74355068372894,-4.66469289462662,34.8390048803578));
#1777=CARTESIAN_POINT('Ctrl Pts',(-4.65032461953451,-2.24240936298883,35.010318459611));
#1778=CARTESIAN_POINT('Ctrl Pts',(-4.99655252680138,-0.746853488368743,
35.0419416078883));
#1779=CARTESIAN_POINT('Ctrl Pts',(-4.99663575763246,-0.000550741409898616,
35.0418153999991));
#1780=CARTESIAN_POINT('',(-4.99999996912135,-0.000555685627337574,33.5695716010519));
#1781=CARTESIAN_POINT('',(-7.07392349430774,-0.00082390937137633,26.0500431219387));
#1782=CARTESIAN_POINT('Ctrl Pts',(-5.00102598500159,-0.000555806690417199,
33.5696183197015));
#1783=CARTESIAN_POINT('Ctrl Pts',(-5.12027440872657,-0.000577981992067224,
30.9507331367459));
#1784=CARTESIAN_POINT('Ctrl Pts',(-5.83097406540544,-0.00066994459367763,
28.3587880230035));
#1785=CARTESIAN_POINT('Ctrl Pts',(-7.07392349430774,-0.000823909371378082,
26.0500431219387));
#1786=CARTESIAN_POINT('',(-4.49424550852858,-2.1912912424118,33.6117701480363));
#1787=CARTESIAN_POINT('Ctrl Pts',(-4.99999996912135,-0.000555685627335276,
33.5695716010519));
#1788=CARTESIAN_POINT('Ctrl Pts',(-4.99999127009883,-0.0788285618792339,
33.5695595054336));
#1789=CARTESIAN_POINT('Ctrl Pts',(-4.99814459165636,-0.157171279594928,
33.5697024398831));
#1790=CARTESIAN_POINT('Ctrl Pts',(-4.96405862435613,-0.880000200888734,
33.5724590355993));
#1791=CARTESIAN_POINT('Ctrl Pts',(-4.80922240923358,-1.512339671023,33.5854290570908));
#1792=CARTESIAN_POINT('Ctrl Pts',(-4.52419794787834,-2.12904384415765,33.6092655439246));
#1793=CARTESIAN_POINT('Ctrl Pts',(-4.50937893195936,-2.1602532320524,33.6105047594027));
#1794=CARTESIAN_POINT('Ctrl Pts',(-4.49424550852858,-2.1912912424118,33.6117701480363));
#1795=CARTESIAN_POINT('',(4.53525828650594,-2.10513104223419,34.2582564065346));
#1796=CARTESIAN_POINT('Ctrl Pts',(-4.49424550852859,-2.19129124241179,33.6117701480364));
#1797=CARTESIAN_POINT('Ctrl Pts',(-4.49258652518176,-2.19469374697663,33.6119088647438));
#1798=CARTESIAN_POINT('Ctrl Pts',(-4.49093425579697,-2.19809510268002,33.6118122285082));
#1799=CARTESIAN_POINT('Ctrl Pts',(-4.48719072633925,-2.20582629151639,33.6111018665171));
#1800=CARTESIAN_POINT('Ctrl Pts',(-4.48511767857454,-2.21012534803819,33.6103556265569));
#1801=CARTESIAN_POINT('Ctrl Pts',(-4.47873779674309,-2.22339964934099,33.6071137830927));
#1802=CARTESIAN_POINT('Ctrl Pts',(-4.47453774155802,-2.23220209712815,33.6035957868235));
#1803=CARTESIAN_POINT('Ctrl Pts',(-4.46458974671513,-2.25313753601748,33.5929775711432));
#1804=CARTESIAN_POINT('Ctrl Pts',(-4.45885451015805,-2.26528810365612,33.5847093095866));
#1805=CARTESIAN_POINT('Ctrl Pts',(-4.44124485779106,-2.30269163638663,33.5554970947904));
#1806=CARTESIAN_POINT('Ctrl Pts',(-4.42856910251807,-2.32978747897898,33.5277726859726));
#1807=CARTESIAN_POINT('Ctrl Pts',(-4.38146830973396,-2.43016756709647,33.4130942165894));
#1808=CARTESIAN_POINT('Ctrl Pts',(-4.34007192412968,-2.51841719829308,33.2891231315887));
#1809=CARTESIAN_POINT('Ctrl Pts',(-4.17332015693915,-2.85052853010954,32.8419461854447));
#1810=CARTESIAN_POINT('Ctrl Pts',(-3.9923336923407,-3.21974403910501,32.3945216633112));
#1811=CARTESIAN_POINT('Ctrl Pts',(-3.26415394907194,-4.06489593853483,31.6669141166824));
#1812=CARTESIAN_POINT('Ctrl Pts',(-2.85443038984256,-4.42594370231657,31.410949528631));
#1813=CARTESIAN_POINT('Ctrl Pts',(-2.00916687040777,-4.91710363973568,31.077125508828));
#1814=CARTESIAN_POINT('Ctrl Pts',(-1.63061614769324,-5.07858937812649,30.9732113468901));
#1815=CARTESIAN_POINT('Ctrl Pts',(-0.961010101104494,-5.26196271202167,
30.8564465480947));
#1816=CARTESIAN_POINT('Ctrl Pts',(-0.685390683503862,-5.31183881162299,
30.8253164969708));
#1817=CARTESIAN_POINT('Ctrl Pts',(-0.142258136239903,-5.35970116150375,
30.7959236882108));
#1818=CARTESIAN_POINT('Ctrl Pts',(0.122411431629102,-5.36044079086167,30.7959227700555));
#1819=CARTESIAN_POINT('Ctrl Pts',(0.749944709529537,-5.3086789165008,30.8299144070355));
#1820=CARTESIAN_POINT('Ctrl Pts',(1.10641730482882,-5.23599778196595,30.8766093515279));
#1821=CARTESIAN_POINT('Ctrl Pts',(1.98649027016492,-4.9497447907164,31.0643967875374));
#1822=CARTESIAN_POINT('Ctrl Pts',(2.47525992791947,-4.68183054555169,31.240967220458));
#1823=CARTESIAN_POINT('Ctrl Pts',(3.25917130115884,-4.07394779624558,31.6894575791868));
#1824=CARTESIAN_POINT('Ctrl Pts',(3.56434185211705,-3.74969962139383,31.9445763019294));
#1825=CARTESIAN_POINT('Ctrl Pts',(3.94945299787234,-3.23279818167884,32.4539351213449));
#1826=CARTESIAN_POINT('Ctrl Pts',(4.13203680255437,-2.94649735375836,32.7488413893522));
#1827=CARTESIAN_POINT('Ctrl Pts',(4.44926423446159,-2.31249994201864,33.7525891049194));
#1828=CARTESIAN_POINT('Ctrl Pts',(4.51609803479698,-2.14676849237141,34.2120879489409));
#1829=CARTESIAN_POINT('Ctrl Pts',(4.53525828650571,-2.10513104223469,34.2582564065347));
#1830=CARTESIAN_POINT('',(4.53929294082988,-2.09634747153784,34.2679803737078));
#1831=CARTESIAN_POINT('Ctrl Pts',(4.53525828650578,-2.10513104223456,34.2582564065347));
#1832=CARTESIAN_POINT('Ctrl Pts',(4.53633498935853,-2.10279124200515,34.2608508249564));
#1833=CARTESIAN_POINT('Ctrl Pts',(4.53741097127668,-2.10044964669337,34.2634439303851));
#1834=CARTESIAN_POINT('Ctrl Pts',(4.53875516774187,-2.09752012278779,34.2666840204532));
#1835=CARTESIAN_POINT('Ctrl Pts',(4.53902407916156,-2.09693384900118,34.26733224189));
#1836=CARTESIAN_POINT('Ctrl Pts',(4.5392929408299,-2.09634747153779,34.2679803737078));
#1837=CARTESIAN_POINT('',(4.9999543513064,-0.000903733730575756,34.2330098005134));
#1838=CARTESIAN_POINT('Ctrl Pts',(4.5443319218524,-2.09867350013408,34.2677966337251));
#1839=CARTESIAN_POINT('Ctrl Pts',(4.84659295752305,-1.44401533941112,34.2449245026875));
#1840=CARTESIAN_POINT('Ctrl Pts',(4.99982482439898,-0.718229390167066,34.2331243086547));
#1841=CARTESIAN_POINT('Ctrl Pts',(4.9999543513064,-0.000903733730588642,
34.2330098005134));
#1842=CARTESIAN_POINT('',(7.07913623595062,-0.000936256761136063,26.0403439653745));
#1843=CARTESIAN_POINT('Origin',(22.4997664394906,-0.00405072441507837,34.3140466729314));
#1844=CARTESIAN_POINT('Ctrl Pts',(7.07913623109507,-0.00127448567283175,
26.0403439789487));
#1845=CARTESIAN_POINT('Ctrl Pts',(7.07910379902844,-0.181619721305839,26.0403439114428));
#1846=CARTESIAN_POINT('Ctrl Pts',(7.07219734026866,-0.362671288851158,26.0404359900251));
#1847=CARTESIAN_POINT('Ctrl Pts',(7.05840892905341,-0.543623332271301,26.0405899662538));
#1848=CARTESIAN_POINT('Ctrl Pts',(7.04446148811444,-0.726662400296445,26.0407457183795));
#1849=CARTESIAN_POINT('Ctrl Pts',(7.02347240993966,-0.909598813454115,26.0409648103421));
#1850=CARTESIAN_POINT('Ctrl Pts',(6.99548713882556,-1.09159865434396,26.0412160150134));
#1851=CARTESIAN_POINT('Ctrl Pts',(6.96797986996676,-1.27048984804388,26.0414629289849));
#1852=CARTESIAN_POINT('Ctrl Pts',(6.93371360054887,-1.44847544747223,26.0417408738835));
#1853=CARTESIAN_POINT('Ctrl Pts',(6.89278102345506,-1.62477531629579,26.0420201824883));
#1854=CARTESIAN_POINT('Ctrl Pts',(6.85078149942444,-1.80567061053243,26.0423067715402));
#1855=CARTESIAN_POINT('Ctrl Pts',(6.80176350554498,-1.98479023416111,26.0425948027367));
#1856=CARTESIAN_POINT('Ctrl Pts',(6.74587928547256,-2.16131665745142,26.042852120626));
#1857=CARTESIAN_POINT('Ctrl Pts',(6.69326961521437,-2.3274994709384,26.0430943609095));
#1858=CARTESIAN_POINT('Ctrl Pts',(6.63457533702554,-2.49138374056511,26.0433093847354));
#1859=CARTESIAN_POINT('Ctrl Pts',(6.56996471423494,-2.65231782963295,26.0434702056384));
#1860=CARTESIAN_POINT('Ctrl Pts',(6.56594319686336,-2.66233474646353,26.0434802155103));
#1861=CARTESIAN_POINT('Ctrl Pts',(6.56189877147985,-2.67234024521878,26.0434900153322));
#1862=CARTESIAN_POINT('Ctrl Pts',(6.55783148363713,-2.68233417338105,26.0434995985712));
#1863=CARTESIAN_POINT('Ctrl Pts',(6.50432673207235,-2.81380326633833,26.0436256650913));
#1864=CARTESIAN_POINT('Ctrl Pts',(6.44668492658607,-2.94380849882477,26.0436419093663));
#1865=CARTESIAN_POINT('Ctrl Pts',(6.38494982269206,-3.07187966856831,26.0435654819432));
#1866=CARTESIAN_POINT('Ctrl Pts',(6.32010442363616,-3.20640323110791,26.0434852040067));
#1867=CARTESIAN_POINT('Ctrl Pts',(6.25074256985198,-3.33879225486522,26.043302679269));
#1868=CARTESIAN_POINT('Ctrl Pts',(6.17718872098081,-3.46868070542616,26.0430379663597));
#1869=CARTESIAN_POINT('Ctrl Pts',(6.12729455675821,-3.55678861252233,26.0428584022775));
#1870=CARTESIAN_POINT('Ctrl Pts',(6.07547254941317,-3.64374633205314,26.0426410203138));
#1871=CARTESIAN_POINT('Ctrl Pts',(6.02183590599998,-3.72944614773558,26.0423920890543));
#1872=CARTESIAN_POINT('Ctrl Pts',(5.9349705067598,-3.86823836571087,26.0419889409103));
#1873=CARTESIAN_POINT('Ctrl Pts',(5.84288465002608,-4.00430332218739,26.0416600895033));
#1874=CARTESIAN_POINT('Ctrl Pts',(5.74594454789558,-4.1372058040673,26.0413925775338));
#1875=CARTESIAN_POINT('Ctrl Pts',(5.64774689621365,-4.27183235527248,26.0411215952816));
#1876=CARTESIAN_POINT('Ctrl Pts',(5.54456861021965,-4.40321341395645,26.0409135572519));
#1877=CARTESIAN_POINT('Ctrl Pts',(5.43683659335006,-4.53092331042195,26.0407549664294));
#1878=CARTESIAN_POINT('Ctrl Pts',(5.3278121119177,-4.66016534673122,26.0405944729876));
#1879=CARTESIAN_POINT('Ctrl Pts',(5.21412441820994,-4.7856471483583,26.0404846234008));
#1880=CARTESIAN_POINT('Ctrl Pts',(5.09625687283284,-4.90696151439703,26.0404113530301));
#1881=CARTESIAN_POINT('Ctrl Pts',(4.97820817086045,-5.02846233462415,26.0403379700466));
#1882=CARTESIAN_POINT('Ctrl Pts',(4.85596729020132,-5.14578250679507,26.0403012815586));
#1883=CARTESIAN_POINT('Ctrl Pts',(4.7300531931165,-5.25855316280987,26.0402870381887));
#1884=CARTESIAN_POINT('Ctrl Pts',(4.60474342768981,-5.37078256983734,26.0402728631807));
#1885=CARTESIAN_POINT('Ctrl Pts',(4.47579617474404,-5.47850571028417,26.0402809205589));
#1886=CARTESIAN_POINT('Ctrl Pts',(4.34374780994593,-5.58140404158976,26.0402970096797));
#1887=CARTESIAN_POINT('Ctrl Pts',(4.30211227120865,-5.61384842259839,26.0403020826635));
#1888=CARTESIAN_POINT('Ctrl Pts',(4.26016858079863,-5.64581349002445,26.0403079528481));
#1889=CARTESIAN_POINT('Ctrl Pts',(4.21793393332075,-5.67729026878079,26.0403141713562));
#1890=CARTESIAN_POINT('Ctrl Pts',(4.08755693445408,-5.77445807278321,26.0403333676907));
#1891=CARTESIAN_POINT('Ctrl Pts',(3.9534515595026,-5.86763066304914,26.0404301734329));
#1892=CARTESIAN_POINT('Ctrl Pts',(3.8160386951844,-5.95636697022024,26.0405825848323));
#1893=CARTESIAN_POINT('Ctrl Pts',(3.6783956382292,-6.04525192755336,26.0407352515498));
#1894=CARTESIAN_POINT('Ctrl Pts',(3.53743448474165,-6.12968531007294,26.0409437138425));
#1895=CARTESIAN_POINT('Ctrl Pts',(3.39361373193496,-6.20926207047115,26.041185637602));
#1896=CARTESIAN_POINT('Ctrl Pts',(3.25080230171482,-6.2882803675039,26.0414258635598));
#1897=CARTESIAN_POINT('Ctrl Pts',(3.10517180083327,-6.36250963865234,26.0416990855204));
#1898=CARTESIAN_POINT('Ctrl Pts',(2.95719843591522,-6.43159647781512,26.0419831755451));
#1899=CARTESIAN_POINT('Ctrl Pts',(2.81049950347682,-6.50008830103166,26.0422648188216));
#1900=CARTESIAN_POINT('Ctrl Pts',(2.66149840620643,-6.56352561024134,26.0425571455543));
#1901=CARTESIAN_POINT('Ctrl Pts',(2.51067826416157,-6.621611155041,26.0428383053599));
#1902=CARTESIAN_POINT('Ctrl Pts',(2.36236640191267,-6.67873068299116,26.0431147892155));
#1903=CARTESIAN_POINT('Ctrl Pts',(2.21229598367005,-6.73067481194094,26.0433804751561));
#1904=CARTESIAN_POINT('Ctrl Pts',(2.06093754572978,-6.77720979111306,26.0436142866056));
#1905=CARTESIAN_POINT('Ctrl Pts',(1.9814646146439,-6.80164365316367,26.0437370526798));
#1906=CARTESIAN_POINT('Ctrl Pts',(1.90163672798627,-6.82458708738987,26.043851026121));
#1907=CARTESIAN_POINT('Ctrl Pts',(1.82152258452961,-6.84601201727101,26.0439531215225));
#1908=CARTESIAN_POINT('Ctrl Pts',(1.74179833866577,-6.86733267681702,26.0440547200486));
#1909=CARTESIAN_POINT('Ctrl Pts',(1.66156901954388,-6.887221812291,26.0441215364716));
#1910=CARTESIAN_POINT('Ctrl Pts',(1.58089773212866,-6.90562508373279,26.044159628527));
#1911=CARTESIAN_POINT('Ctrl Pts',(1.43130172013373,-6.93975192245773,26.0442302660456));
#1912=CARTESIAN_POINT('Ctrl Pts',(1.28018464496882,-6.96876616639238,26.0442021063235));
#1913=CARTESIAN_POINT('Ctrl Pts',(1.12803302623418,-6.99263907178753,26.0441132690302));
#1914=CARTESIAN_POINT('Ctrl Pts',(0.97386806070629,-7.01682787548152,26.0440232561972));
#1915=CARTESIAN_POINT('Ctrl Pts',(0.818641464794666,-7.0357383099716,26.0438709459968));
#1916=CARTESIAN_POINT('Ctrl Pts',(0.662877658458017,-7.04939068215855,26.0436963864396));
#1917=CARTESIAN_POINT('Ctrl Pts',(0.504658271611297,-7.06325828084674,26.0435190749913));
#1918=CARTESIAN_POINT('Ctrl Pts',(0.345885147491478,-7.07170065859564,26.043318804143));
#1919=CARTESIAN_POINT('Ctrl Pts',(0.187118927752589,-7.07479160838261,26.0431379997332));
#1920=CARTESIAN_POINT('Ctrl Pts',(0.0274788817687522,-7.07789957030887,
26.0429562002021));
#1921=CARTESIAN_POINT('Ctrl Pts',(-0.132153576248266,-7.07559707983294,
26.0427940805624));
#1922=CARTESIAN_POINT('Ctrl Pts',(-0.291206207747437,-7.06801187664595,
26.0426952587607));
#1923=CARTESIAN_POINT('Ctrl Pts',(-0.450555989180512,-7.06041250241002,
26.0425962523351));
#1924=CARTESIAN_POINT('Ctrl Pts',(-0.609323154037976,-7.04751075825612,
26.0425607802846));
#1925=CARTESIAN_POINT('Ctrl Pts',(-0.766939225089833,-7.02948673876345,
26.0426332054144));
#1926=CARTESIAN_POINT('Ctrl Pts',(-0.802123447044083,-7.02546328418737,
26.0426493726861));
#1927=CARTESIAN_POINT('Ctrl Pts',(-0.837250358059018,-7.021184784098,26.0426709184937));
#1928=CARTESIAN_POINT('Ctrl Pts',(-0.872313730540654,-7.01665358373049,
26.0426983396917));
#1929=CARTESIAN_POINT('Ctrl Pts',(-1.04141046846985,-6.9948014016151,26.0428305812534));
#1930=CARTESIAN_POINT('Ctrl Pts',(-1.21034085954927,-6.96697057483281,26.0429673350961));
#1931=CARTESIAN_POINT('Ctrl Pts',(-1.37846677205464,-6.93319704934648,26.0431186474828));
#1932=CARTESIAN_POINT('Ctrl Pts',(-1.54779539680493,-6.89918192021886,26.043271042304));
#1933=CARTESIAN_POINT('Ctrl Pts',(-1.71630735286814,-6.85913879190309,26.0434382041073));
#1934=CARTESIAN_POINT('Ctrl Pts',(-1.88334778207813,-6.81315704414708,26.0436304880472));
#1935=CARTESIAN_POINT('Ctrl Pts',(-2.0504163228502,-6.76716755803239,26.0438228043469));
#1936=CARTESIAN_POINT('Ctrl Pts',(-2.21601217980751,-6.71523756328667,26.0440402510333));
#1937=CARTESIAN_POINT('Ctrl Pts',(-2.37948704158685,-6.65750784623342,26.0442932858583));
#1938=CARTESIAN_POINT('Ctrl Pts',(-2.54197752756351,-6.60012575288172,26.0445447970156));
#1939=CARTESIAN_POINT('Ctrl Pts',(-2.70237185184645,-6.5370137502736,26.0448314691902));
#1940=CARTESIAN_POINT('Ctrl Pts',(-2.86004980045599,-6.46835861709671,26.0451636685447));
#1941=CARTESIAN_POINT('Ctrl Pts',(-3.01539145507038,-6.40072073824606,26.0454909457439));
#1942=CARTESIAN_POINT('Ctrl Pts',(-3.16809609204596,-6.32770302161804,26.0458624115258));
#1943=CARTESIAN_POINT('Ctrl Pts',(-3.31759532787148,-6.24952806543234,26.0462880660219));
#1944=CARTESIAN_POINT('Ctrl Pts',(-3.37210506025212,-6.22102426795792,26.046443266231));
#1945=CARTESIAN_POINT('Ctrl Pts',(-3.42618893179602,-6.1918352535998,26.0466056713403));
#1946=CARTESIAN_POINT('Ctrl Pts',(-3.47982043707055,-6.16197320118305,26.0467757688175));
#1947=CARTESIAN_POINT('Ctrl Pts',(-3.61552659692825,-6.08641193475575,26.0472061739553));
#1948=CARTESIAN_POINT('Ctrl Pts',(-3.74921499165938,-6.00611868222026,26.0475736703602));
#1949=CARTESIAN_POINT('Ctrl Pts',(-3.88031731022076,-5.9211850062944,26.0478848433905));
#1950=CARTESIAN_POINT('Ctrl Pts',(-4.00978852989105,-5.83730802582701,26.0481921449867));
#1951=CARTESIAN_POINT('Ctrl Pts',(-4.13673706437767,-5.74890554927423,26.0484445151274));
#1952=CARTESIAN_POINT('Ctrl Pts',(-4.26063402451814,-5.65611291409467,26.0486483735377));
#1953=CARTESIAN_POINT('Ctrl Pts',(-4.3125298420922,-5.61724553863982,26.0487337622257));
#1954=CARTESIAN_POINT('Ctrl Pts',(-4.36389054573131,-5.57760848540177,26.0488106407352));
#1955=CARTESIAN_POINT('Ctrl Pts',(-4.41467860632557,-5.53721408670361,26.0488794854296));
#1956=CARTESIAN_POINT('Ctrl Pts',(-4.53499163868447,-5.44152284469072,26.0490425732469));
#1957=CARTESIAN_POINT('Ctrl Pts',(-4.65208878834005,-5.34157865200455,26.0491605701556));
#1958=CARTESIAN_POINT('Ctrl Pts',(-4.76564530597686,-5.23781136129642,26.0492392851755));
#1959=CARTESIAN_POINT('Ctrl Pts',(-4.88014532299943,-5.13318190629264,26.0493186542096));
#1960=CARTESIAN_POINT('Ctrl Pts',(-4.99104527483664,-5.02466603963299,26.049358084218));
#1961=CARTESIAN_POINT('Ctrl Pts',(-5.09804896733997,-4.91274324131229,26.0493636443384));
#1962=CARTESIAN_POINT('Ctrl Pts',(-5.20574976558322,-4.80009129034917,26.0493692406819));
#1963=CARTESIAN_POINT('Ctrl Pts',(-5.3095030324541,-4.68398840114252,26.0493405229223));
#1964=CARTESIAN_POINT('Ctrl Pts',(-5.4090490272506,-4.56495499956921,26.0492838184377));
#1965=CARTESIAN_POINT('Ctrl Pts',(-5.47287958111736,-4.48862879511867,26.0492474585755));
#1966=CARTESIAN_POINT('Ctrl Pts',(-5.53498114841856,-4.41109829845335,26.0491995946134));
#1967=CARTESIAN_POINT('Ctrl Pts',(-5.59529525729713,-4.33250590962926,26.0491419283727));
#1968=CARTESIAN_POINT('Ctrl Pts',(-5.69631750665794,-4.20086871811189,26.0490453411321));
#1969=CARTESIAN_POINT('Ctrl Pts',(-5.79306996156751,-4.06521845528983,26.0489881778606));
#1970=CARTESIAN_POINT('Ctrl Pts',(-5.8851527838302,-3.92603878640257,26.0489614533525));
#1971=CARTESIAN_POINT('Ctrl Pts',(-5.97821014618278,-3.7853861373905,26.0489344460108));
#1972=CARTESIAN_POINT('Ctrl Pts',(-6.06649809975614,-3.6411294765462,26.0489385230561));
#1973=CARTESIAN_POINT('Ctrl Pts',(-6.14964154273214,-3.49380598429035,26.0489643354771));
#1974=CARTESIAN_POINT('Ctrl Pts',(-6.22880660825866,-3.35353185682372,26.048988912785));
#1975=CARTESIAN_POINT('Ctrl Pts',(-6.30330772478323,-3.21047807507723,26.0490331927723));
#1976=CARTESIAN_POINT('Ctrl Pts',(-6.37285722968493,-3.06513331640803,26.0490890708294));
#1977=CARTESIAN_POINT('Ctrl Pts',(-6.44608936658454,-2.91209258262357,26.0491479076181));
#1978=CARTESIAN_POINT('Ctrl Pts',(-6.5138310121231,-2.75651222382663,26.0492196013557));
#1979=CARTESIAN_POINT('Ctrl Pts',(-6.57590820063669,-2.59898187935663,26.0492956843753));
#1980=CARTESIAN_POINT('Ctrl Pts',(-6.63790582063294,-2.44165345214877,26.0493716698741));
#1981=CARTESIAN_POINT('Ctrl Pts',(-6.694253365101,-2.28238064017431,26.0494520318674));
#1982=CARTESIAN_POINT('Ctrl Pts',(-6.74482788247461,-2.12176292705053,26.0495283546235));
#1983=CARTESIAN_POINT('Ctrl Pts',(-6.7746095191079,-2.02718054411278,26.0495732985341));
#1984=CARTESIAN_POINT('Ctrl Pts',(-6.80239024079672,-1.93213198145337,26.0496168422625));
#1985=CARTESIAN_POINT('Ctrl Pts',(-6.8281533847816,-1.83674033694235,26.049657273842));
#1986=CARTESIAN_POINT('Ctrl Pts',(-6.86979594370288,-1.68255293731904,26.0497226258982));
#1987=CARTESIAN_POINT('Ctrl Pts',(-6.90639518126938,-1.526614155823,26.0497802041738));
#1988=CARTESIAN_POINT('Ctrl Pts',(-6.93773300090772,-1.36944728918144,26.0498295606084));
#1989=CARTESIAN_POINT('Ctrl Pts',(-6.96901289777166,-1.21257091948778,26.0498788258159));
#1990=CARTESIAN_POINT('Ctrl Pts',(-6.99505063138503,-1.05447156211793,26.0499198990971));
#1991=CARTESIAN_POINT('Ctrl Pts',(-7.01567848207427,-0.895685924871561,
26.0499524095496));
#1992=CARTESIAN_POINT('Ctrl Pts',(-7.03611897645406,-0.738342487854182,
26.0499846247198));
#1993=CARTESIAN_POINT('Ctrl Pts',(-7.0512473234299,-0.580325740395477,26.0500084315915));
#1994=CARTESIAN_POINT('Ctrl Pts',(-7.06095055839721,-0.422165545416465,
26.050023548199));
#1995=CARTESIAN_POINT('Ctrl Pts',(-7.06890447439381,-0.29251879264712,26.0500359395538));
#1996=CARTESIAN_POINT('Ctrl Pts',(-7.07321393930753,-0.162775924433272,
26.0500424929447));
#1997=CARTESIAN_POINT('Ctrl Pts',(-7.07384290029587,-0.0332287427799844,
26.0500430953642));
#1998=CARTESIAN_POINT('Ctrl Pts',(-7.07389533493987,-0.022428771913255,
26.0500431455862));
#1999=CARTESIAN_POINT('Ctrl Pts',(-7.07392221852331,-0.0116271022409205,
26.0500431544854));
#2000=CARTESIAN_POINT('Ctrl Pts',(-7.07392349430774,-0.000823909371378217,
26.0500431219387));
#2001=CARTESIAN_POINT('Ctrl Pts',(12.3376961937177,0.0100161017613493,18.2492389829685));
#2002=CARTESIAN_POINT('Ctrl Pts',(12.339189172749,-1.829014905577,18.2492389829685));
#2003=CARTESIAN_POINT('Ctrl Pts',(11.5007122594712,-5.5309525580286,18.2492389829685));
#2004=CARTESIAN_POINT('Ctrl Pts',(7.96265742396198,-9.96853077750385,18.2492389829685));
#2005=CARTESIAN_POINT('Ctrl Pts',(2.8453070265035,-12.4401754924761,18.2492389829685));
#2006=CARTESIAN_POINT('Ctrl Pts',(-2.83374765960319,-12.4405155602811,18.2492389829685));
#2007=CARTESIAN_POINT('Ctrl Pts',(-7.95296652142908,-9.97751020888595,18.2492389829685));
#2008=CARTESIAN_POINT('Ctrl Pts',(-11.4962314135869,-5.54164454308637,18.2492389829684));
#2009=CARTESIAN_POINT('Ctrl Pts',(-12.3377002593989,-1.83463015089452,18.2492389829685));
#2010=CARTESIAN_POINT('Ctrl Pts',(-12.3377002593989,3.58146986773382E-14,
18.2492389829685));
#2011=CARTESIAN_POINT('Ctrl Pts',(10.3108035296205,0.00837061115561956,
20.6007937671842));
#2012=CARTESIAN_POINT('Ctrl Pts',(10.312051200644,-1.52849337091924,20.6007937671842));
#2013=CARTESIAN_POINT('Ctrl Pts',(9.61131093921809,-4.62232851180492,20.6007937671842));
#2014=CARTESIAN_POINT('Ctrl Pts',(6.65451967485157,-8.3308462978638,20.6007937671842));
#2015=CARTESIAN_POINT('Ctrl Pts',(2.37786347104989,-10.3964408045967,20.6007937671842));
#2016=CARTESIAN_POINT('Ctrl Pts',(-2.36820641797668,-10.3967368331361,20.6007937671842));
#2017=CARTESIAN_POINT('Ctrl Pts',(-6.64641254531621,-8.33834159201528,20.6007937671842));
#2018=CARTESIAN_POINT('Ctrl Pts',(-9.60757664016608,-4.63126350000101,20.6007937671842));
#2019=CARTESIAN_POINT('Ctrl Pts',(-10.3108069273731,-1.53318622040119,20.6007937671842));
#2020=CARTESIAN_POINT('Ctrl Pts',(-10.3108069273731,3.83854871868654E-14,
20.6007937671842));
#2021=CARTESIAN_POINT('Ctrl Pts',(8.55900767311651,0.00694845216511503,
23.1892646343087));
#2022=CARTESIAN_POINT('Ctrl Pts',(8.5600433592439,-1.26879545460813,23.1892646343087));
#2023=CARTESIAN_POINT('Ctrl Pts',(7.97835584381133,-3.83700428523966,23.1892646343087));
#2024=CARTESIAN_POINT('Ctrl Pts',(5.52392374269915,-6.91544155375913,23.1892646343087));
#2025=CARTESIAN_POINT('Ctrl Pts',(1.97386599004092,-8.63009403410132,23.1892646343087));
#2026=CARTESIAN_POINT('Ctrl Pts',(-1.96585030279718,-8.6303420752573,23.1892646343087));
#2027=CARTESIAN_POINT('Ctrl Pts',(-5.51719238914811,-6.92166165736661,23.1892646343087));
#2028=CARTESIAN_POINT('Ctrl Pts',(-7.97525803012172,-3.84442113580279,23.1892646343087));
#2029=CARTESIAN_POINT('Ctrl Pts',(-8.55901049359415,-1.27269101328521,23.1892646343087));
#2030=CARTESIAN_POINT('Ctrl Pts',(-8.55901049359415,4.05303167436806E-14,
23.1892646343087));
#2031=CARTESIAN_POINT('Ctrl Pts',(7.12941182622209,0.00578786454361776,
25.9450514276142));
#2032=CARTESIAN_POINT('Ctrl Pts',(7.1302745531198,-1.056907245358,25.9450514276142));
#2033=CARTESIAN_POINT('Ctrl Pts',(6.64575563421656,-3.19609414580655,25.9450514276142));
#2034=CARTESIAN_POINT('Ctrl Pts',(4.60126940355817,-5.76037536500388,25.9450514276143));
#2035=CARTESIAN_POINT('Ctrl Pts',(1.64417774967702,-7.18863010433856,25.9450514276142));
#2036=CARTESIAN_POINT('Ctrl Pts',(-1.63749810010648,-7.18882661456048,25.9450514276143));
#2037=CARTESIAN_POINT('Ctrl Pts',(-4.59566945734124,-5.76556418334587,25.9450514276142));
#2038=CARTESIAN_POINT('Ctrl Pts',(-6.64316635051753,-3.20227257356858,25.9450514276143));
#2039=CARTESIAN_POINT('Ctrl Pts',(-7.12941417560036,-1.06015204858564,25.9450514276142));
#2040=CARTESIAN_POINT('Ctrl Pts',(-7.12941417560036,4.21915160503378E-14,
25.9450514276142));
#2041=CARTESIAN_POINT('',(-7.12941417560036,-1.85646569768048E-15,25.9450514276142));
#2042=CARTESIAN_POINT('',(-12.3377002593989,1.84970301690625E-14,18.2492389829685));
#2043=CARTESIAN_POINT('Ctrl Pts',(-7.12941417560036,4.21915160503378E-14,
25.9450514276142));
#2044=CARTESIAN_POINT('Ctrl Pts',(-8.55901049359415,4.05303167436806E-14,
23.1892646343087));
#2045=CARTESIAN_POINT('Ctrl Pts',(-10.3108069273731,3.83854871868654E-14,
20.6007937671842));
#2046=CARTESIAN_POINT('Ctrl Pts',(-12.3377002593989,3.58146986773382E-14,
18.2492389829685));
#2047=CARTESIAN_POINT('',(7.12941417560036,-2.330269144815E-15,25.9450514276142));
#2048=CARTESIAN_POINT('Ctrl Pts',(-7.12941417560036,2.22044604925031E-16,
25.9450514276142));
#2049=CARTESIAN_POINT('Ctrl Pts',(-7.12941417560036,-0.174919455923065,
25.9450514276142));
#2050=CARTESIAN_POINT('Ctrl Pts',(-7.12280266286312,-0.350443546149022,
25.9450294005571));
#2051=CARTESIAN_POINT('Ctrl Pts',(-7.10963580054833,-0.525868735701533,
25.9449958209755));
#2052=CARTESIAN_POINT('Ctrl Pts',(-7.09633758341603,-0.703043996243631,
25.9449619063985));
#2053=CARTESIAN_POINT('Ctrl Pts',(-7.0763525878479,-0.880117672685639,25.9449162076548));
#2054=CARTESIAN_POINT('Ctrl Pts',(-7.04979140204439,-1.05635990460486,25.9448695158809));
#2055=CARTESIAN_POINT('Ctrl Pts',(-7.02318105625061,-1.23292832928032,25.944822737689));
#2056=CARTESIAN_POINT('Ctrl Pts',(-6.98997026422519,-1.40866149719178,25.9447749627883));
#2057=CARTESIAN_POINT('Ctrl Pts',(-6.95032182325301,-1.58283125753862,25.9447370422613));
#2058=CARTESIAN_POINT('Ctrl Pts',(-6.91093038227137,-1.75587205478717,25.944699367534));
#2059=CARTESIAN_POINT('Ctrl Pts',(-6.86518467084241,-1.92736895283893,25.9446714198368));
#2060=CARTESIAN_POINT('Ctrl Pts',(-6.81329286261569,-2.09662419978111,25.9446638405686));
#2061=CARTESIAN_POINT('Ctrl Pts',(-6.76224146724782,-2.26313827637642,25.9446563840503));
#2062=CARTESIAN_POINT('Ctrl Pts',(-6.70524170451977,-2.42748213951063,25.9446686415387));
#2063=CARTESIAN_POINT('Ctrl Pts',(-6.64253542745241,-2.5890166351347,25.9447107458287));
#2064=CARTESIAN_POINT('Ctrl Pts',(-6.62724303377989,-2.62841060355866,25.9447210139456));
#2065=CARTESIAN_POINT('Ctrl Pts',(-6.61161144549919,-2.66763762909861,25.9447330571792));
#2066=CARTESIAN_POINT('Ctrl Pts',(-6.59564454564162,-2.70668873359054,25.9447470224999));
#2067=CARTESIAN_POINT('Ctrl Pts',(-6.54231223598224,-2.83712642756261,25.9447936691761));
#2068=CARTESIAN_POINT('Ctrl Pts',(-6.48493815988766,-2.96637132945195,25.9448326246346));
#2069=CARTESIAN_POINT('Ctrl Pts',(-6.4235658705259,-3.0939996376437,25.9448651922941));
#2070=CARTESIAN_POINT('Ctrl Pts',(-6.35465992687172,-3.23729474858703,25.9449017577431));
#2071=CARTESIAN_POINT('Ctrl Pts',(-6.28071292810431,-3.37855110196182,25.9449302708921));
#2072=CARTESIAN_POINT('Ctrl Pts',(-6.20197967056724,-3.51730391846392,25.9449525765163));
#2073=CARTESIAN_POINT('Ctrl Pts',(-6.12236477753186,-3.65761045460553,25.9449751319135));
#2074=CARTESIAN_POINT('Ctrl Pts',(-6.03785608437746,-3.79535658375511,25.9449913399876));
#2075=CARTESIAN_POINT('Ctrl Pts',(-5.94876602411123,-3.93008286248985,25.9450031082009));
#2076=CARTESIAN_POINT('Ctrl Pts',(-5.85948631004594,-4.06509594483118,25.9450149014662));
#2077=CARTESIAN_POINT('Ctrl Pts',(-5.76560605644284,-4.19707584189145,25.9450222359479));
#2078=CARTESIAN_POINT('Ctrl Pts',(-5.66748394336443,-4.32558841575352,25.9450270313255));
#2079=CARTESIAN_POINT('Ctrl Pts',(-5.56965704785142,-4.45371433702538,25.9450318122753));
#2080=CARTESIAN_POINT('Ctrl Pts',(-5.46761418043382,-4.57839334831561,25.9450340693768));
#2081=CARTESIAN_POINT('Ctrl Pts',(-5.36174901015858,-4.69922985125304,25.945035705038));
#2082=CARTESIAN_POINT('Ctrl Pts',(-5.26882980538953,-4.8052895848824,25.9450371406786));
#2083=CARTESIAN_POINT('Ctrl Pts',(-5.172966705015,-4.90838946446632,25.9450380975742));
#2084=CARTESIAN_POINT('Ctrl Pts',(-5.07444658666918,-5.00828785698168,25.9450398620802));
#2085=CARTESIAN_POINT('Ctrl Pts',(-4.96099033425531,-5.12333133670203,25.945041894094));
#2086=CARTESIAN_POINT('Ctrl Pts',(-4.84325921678488,-5.23490000516253,25.9450307809952));
#2087=CARTESIAN_POINT('Ctrl Pts',(-4.72156585908142,-5.34250733881992,25.9450119017346));
#2088=CARTESIAN_POINT('Ctrl Pts',(-4.63115556167659,-5.42245263100762,25.9449978756645));
#2089=CARTESIAN_POINT('Ctrl Pts',(-4.53855928313159,-5.50021191400491,25.9449795630397));
#2090=CARTESIAN_POINT('Ctrl Pts',(-4.44392021191583,-5.57559674899602,25.9449591695822));
#2091=CARTESIAN_POINT('Ctrl Pts',(-4.31713938606681,-5.67658412676598,25.9449318500053));
#2092=CARTESIAN_POINT('Ctrl Pts',(-4.18669141338567,-5.77330860865316,25.9449007961802));
#2093=CARTESIAN_POINT('Ctrl Pts',(-4.05305799329865,-5.86547067926933,25.9448713108251));
#2094=CARTESIAN_POINT('Ctrl Pts',(-3.91894937780119,-5.95796047473865,25.9448417206213));
#2095=CARTESIAN_POINT('Ctrl Pts',(-3.78163314048546,-6.04585505718304,25.9448137100618));
#2096=CARTESIAN_POINT('Ctrl Pts',(-3.6416271681115,-6.12889439524405,25.9447926386096));
#2097=CARTESIAN_POINT('Ctrl Pts',(-3.50181373898686,-6.21181953343415,25.9447715961359));
#2098=CARTESIAN_POINT('Ctrl Pts',(-3.35931852166456,-6.28990252972893,25.9447574736946));
#2099=CARTESIAN_POINT('Ctrl Pts',(-3.21468005077741,-6.36293091968837,25.9447556086616));
#2100=CARTESIAN_POINT('Ctrl Pts',(-3.07586565497916,-6.43301871698158,25.9447538187269));
#2101=CARTESIAN_POINT('Ctrl Pts',(-2.9350776966058,-6.49845087779766,25.9447633189474));
#2102=CARTESIAN_POINT('Ctrl Pts',(-2.79280491804579,-6.55908293820739,25.9447888275949));
#2103=CARTESIAN_POINT('Ctrl Pts',(-2.64472453193588,-6.62219001327112,25.9448153775113));
#2104=CARTESIAN_POINT('Ctrl Pts',(-2.49401876030367,-6.68054227643104,25.9448379586511));
#2105=CARTESIAN_POINT('Ctrl Pts',(-2.34117319216299,-6.73381925863662,25.9448573850271));
#2106=CARTESIAN_POINT('Ctrl Pts',(-2.18846240634764,-6.78704926011755,25.9448767942725));
#2107=CARTESIAN_POINT('Ctrl Pts',(-2.03361612229042,-6.83521263767102,25.9448930543158));
#2108=CARTESIAN_POINT('Ctrl Pts',(-1.87714489266888,-6.87803447622144,25.9449069770236));
#2109=CARTESIAN_POINT('Ctrl Pts',(-1.77988007780077,-6.9046531601098,25.9449156315833));
#2110=CARTESIAN_POINT('Ctrl Pts',(-1.68198786598059,-6.92920874839213,25.9449233829854));
#2111=CARTESIAN_POINT('Ctrl Pts',(-1.58359462734555,-6.95164466305271,25.9449304262369));
#2112=CARTESIAN_POINT('Ctrl Pts',(-1.42566964527195,-6.98765518033755,25.94494173093));
#2113=CARTESIAN_POINT('Ctrl Pts',(-1.26645362705739,-7.0182024081824,25.9449512113207));
#2114=CARTESIAN_POINT('Ctrl Pts',(-1.10651447307129,-7.04325670997531,25.94495967373));
#2115=CARTESIAN_POINT('Ctrl Pts',(-0.938399202179963,-7.06959179196075,
25.9449685687391));
#2116=CARTESIAN_POINT('Ctrl Pts',(-0.769485642987576,-7.08985750754192,
25.9449763390278));
#2117=CARTESIAN_POINT('Ctrl Pts',(-0.600438259859959,-7.10408103378609,
25.9449839210057));
#2118=CARTESIAN_POINT('Ctrl Pts',(-0.431390876732341,-7.11830456003027,
25.9449915029835));
#2119=CARTESIAN_POINT('Ctrl Pts',(-0.262210424356481,-7.1264859371621,25.9449988966506));
#2120=CARTESIAN_POINT('Ctrl Pts',(-0.093555185831319,-7.12871507832842,
25.9450070384178));
#2121=CARTESIAN_POINT('Ctrl Pts',(0.0667836142120498,-7.13083429990054,
25.9450147787121));
#2122=CARTESIAN_POINT('Ctrl Pts',(0.227744704827151,-7.12758980528093,25.9450211693061));
#2123=CARTESIAN_POINT('Ctrl Pts',(0.388763299032258,-7.11889204619641,25.9450253438297));
#2124=CARTESIAN_POINT('Ctrl Pts',(0.549924937465744,-7.11018656027609,25.9450295220618));
#2125=CARTESIAN_POINT('Ctrl Pts',(0.71114359121463,-7.09601806766073,25.9450314802844));
#2126=CARTESIAN_POINT('Ctrl Pts',(0.87184603875336,-7.07634853444789,25.9450303498171));
#2127=CARTESIAN_POINT('Ctrl Pts',(1.03179175498956,-7.05677162304459,25.9450292246732));
#2128=CARTESIAN_POINT('Ctrl Pts',(1.19122552480012,-7.03174537703712,25.9450250398594));
#2129=CARTESIAN_POINT('Ctrl Pts',(1.34958417180646,-7.00128368080313,25.9450169389122));
#2130=CARTESIAN_POINT('Ctrl Pts',(1.43005334313707,-6.98580471896801,25.9450128224556));
#2131=CARTESIAN_POINT('Ctrl Pts',(1.51024499222634,-6.96892308200959,25.9450076948085));
#2132=CARTESIAN_POINT('Ctrl Pts',(1.59008616681767,-6.95064567895456,25.9450014435958));
#2133=CARTESIAN_POINT('Ctrl Pts',(1.74791019188057,-6.91451628415786,25.9449890866691));
#2134=CARTESIAN_POINT('Ctrl Pts',(1.90436351355475,-6.87293005312134,25.9449723394759));
#2135=CARTESIAN_POINT('Ctrl Pts',(2.05893007756729,-6.82615115503798,25.9449503340435));
#2136=CARTESIAN_POINT('Ctrl Pts',(2.21380404399427,-6.77927922295139,25.9449282848466));
#2137=CARTESIAN_POINT('Ctrl Pts',(2.36678320312983,-6.72719423671172,25.9449009564743));
#2138=CARTESIAN_POINT('Ctrl Pts',(2.51737181026466,-6.67020853409546,25.9448674757757));
#2139=CARTESIAN_POINT('Ctrl Pts',(2.5516647455856,-6.65723141018668,25.9448598513514));
#2140=CARTESIAN_POINT('Ctrl Pts',(2.58583382350861,-6.64400031976638,25.944851907873));
#2141=CARTESIAN_POINT('Ctrl Pts',(2.61987340297346,-6.63051926378145,25.9448436350289));
#2142=CARTESIAN_POINT('Ctrl Pts',(2.77011443795149,-6.57101771189348,25.944807121045));
#2143=CARTESIAN_POINT('Ctrl Pts',(2.91885661826069,-6.5062222921703,25.944789856177));
#2144=CARTESIAN_POINT('Ctrl Pts',(3.06554920815139,-6.43629827433334,25.9447858752493));
#2145=CARTESIAN_POINT('Ctrl Pts',(3.21325696463209,-6.36589035661569,25.9447818667721));
#2146=CARTESIAN_POINT('Ctrl Pts',(3.35888609875108,-6.29028279529348,25.9447913267355));
#2147=CARTESIAN_POINT('Ctrl Pts',(3.50188810095395,-6.2096951412761,25.9448081653156));
#2148=CARTESIAN_POINT('Ctrl Pts',(3.64478863868102,-6.12916466676632,25.9448249919481));
#2149=CARTESIAN_POINT('Ctrl Pts',(3.78506522005214,-6.04366143598722,25.9448491867328));
#2150=CARTESIAN_POINT('Ctrl Pts',(3.92219255684795,-5.95345158601532,25.9448746727977));
#2151=CARTESIAN_POINT('Ctrl Pts',(4.05836465516484,-5.86387014407558,25.9448999813248));
#2152=CARTESIAN_POINT('Ctrl Pts',(4.19143073575011,-5.76964775368929,25.9449265632049));
#2153=CARTESIAN_POINT('Ctrl Pts',(4.32090594697954,-5.67108690825284,25.9449484676549));
#2154=CARTESIAN_POINT('Ctrl Pts',(4.3640736459958,-5.6382262172357,25.9449557707109));
#2155=CARTESIAN_POINT('Ctrl Pts',(4.40684246456699,-5.60488359333882,25.9449625538282));
#2156=CARTESIAN_POINT('Ctrl Pts',(4.44919531529705,-5.5710711955144,25.9449685964647));
#2157=CARTESIAN_POINT('Ctrl Pts',(4.5774677397511,-5.4686649071352,25.9449868975618));
#2158=CARTESIAN_POINT('Ctrl Pts',(4.7019215147762,-5.3619471521242,25.9449984063846));
#2159=CARTESIAN_POINT('Ctrl Pts',(4.82222004401481,-5.25139958175503,25.9449969959904));
#2160=CARTESIAN_POINT('Ctrl Pts',(4.86232177282981,-5.21454835243277,25.944996525833));
#2161=CARTESIAN_POINT('Ctrl Pts',(4.90196210115424,-5.17727179724961,25.9449946200483));
#2162=CARTESIAN_POINT('Ctrl Pts',(4.94112962730202,-5.13958847830219,25.9449910516756));
#2163=CARTESIAN_POINT('Ctrl Pts',(5.05606958634312,-5.02900403342286,25.9449805800261));
#2164=CARTESIAN_POINT('Ctrl Pts',(5.16767717337292,-4.91418577864754,25.9449755570137));
#2165=CARTESIAN_POINT('Ctrl Pts',(5.2755307516973,-4.79548513344047,25.9449737295725));
#2166=CARTESIAN_POINT('Ctrl Pts',(5.3839643041905,-4.67614618481212,25.9449718923044));
#2167=CARTESIAN_POINT('Ctrl Pts',(5.48860294976077,-4.55288335965217,25.9449732850681));
#2168=CARTESIAN_POINT('Ctrl Pts',(5.58905040644746,-4.42609534224157,25.9449756182585));
#2169=CARTESIAN_POINT('Ctrl Pts',(5.68956662770002,-4.29922052797953,25.9449779530463));
#2170=CARTESIAN_POINT('Ctrl Pts',(5.78588553336838,-4.16881613244736,25.9449812295489));
#2171=CARTESIAN_POINT('Ctrl Pts',(5.87764818085138,-4.03531694758301,25.9449831534555));
#2172=CARTESIAN_POINT('Ctrl Pts',(5.96905300647244,-3.90233833321446,25.94498506986));
#2173=CARTESIAN_POINT('Ctrl Pts',(6.05593670442061,-3.7662894877277,25.9449856441964));
#2174=CARTESIAN_POINT('Ctrl Pts',(6.13798770508647,-3.62762829403684,25.9449826088887));
#2175=CARTESIAN_POINT('Ctrl Pts',(6.21922629158081,-3.49034003081457,25.9449796036346));
#2176=CARTESIAN_POINT('Ctrl Pts',(6.29572715774984,-3.35049136791903,25.9449730598627));
#2177=CARTESIAN_POINT('Ctrl Pts',(6.3672345869761,-3.20854732800426,25.9449607766931));
#2178=CARTESIAN_POINT('Ctrl Pts',(6.38727859007434,-3.16875947929241,25.9449573336398));
#2179=CARTESIAN_POINT('Ctrl Pts',(6.40693054634814,-3.12880709488337,25.9449534396318));
#2180=CARTESIAN_POINT('Ctrl Pts',(6.42618553114658,-3.08870063361392,25.9449490461968));
#2181=CARTESIAN_POINT('Ctrl Pts',(6.45953577908311,-3.01923496323326,25.9449414366272));
#2182=CARTESIAN_POINT('Ctrl Pts',(6.49169499846534,-2.94930706091313,25.944932328809));
#2183=CARTESIAN_POINT('Ctrl Pts',(6.52265631863082,-2.87898386569138,25.9449214708812));
#2184=CARTESIAN_POINT('Ctrl Pts',(6.59045645824516,-2.72498776899144,25.9448976938257));
#2185=CARTESIAN_POINT('Ctrl Pts',(6.65296392601231,-2.56804360738292,25.9448796910457));
#2186=CARTESIAN_POINT('Ctrl Pts',(6.70993563864062,-2.40872654781021,25.9448673426935));
#2187=CARTESIAN_POINT('Ctrl Pts',(6.76756924060064,-2.24755856508236,25.94485485088));
#2188=CARTESIAN_POINT('Ctrl Pts',(6.81953746496283,-2.08396278999992,25.9448481456424));
#2189=CARTESIAN_POINT('Ctrl Pts',(6.86563344206206,-1.91856350252375,25.9448471029166));
#2190=CARTESIAN_POINT('Ctrl Pts',(6.91209606686133,-1.75184862804505,25.9448460518969));
#2191=CARTESIAN_POINT('Ctrl Pts',(6.95259243772378,-1.58330207407847,25.9448507538266));
#2192=CARTESIAN_POINT('Ctrl Pts',(6.98695945640852,-1.41358313353307,25.9448610816664));
#2193=CARTESIAN_POINT('Ctrl Pts',(7.02126134479157,-1.2441858340908,25.9448713899334));
#2194=CARTESIAN_POINT('Ctrl Pts',(7.04945696763041,-1.07362126631331,25.9448873028069));
#2195=CARTESIAN_POINT('Ctrl Pts',(7.07143497996641,-0.902554875394782,25.9449086939766));
#2196=CARTESIAN_POINT('Ctrl Pts',(7.09318018196709,-0.733300569355515,25.9449298585522));
#2197=CARTESIAN_POINT('Ctrl Pts',(7.10883877517829,-0.563555662945816,25.9449563859769));
#2198=CARTESIAN_POINT('Ctrl Pts',(7.11835370946458,-0.393964489213666,25.944988153919));
#2199=CARTESIAN_POINT('Ctrl Pts',(7.12222474396082,-0.324968396963031,25.9450010783173));
#2200=CARTESIAN_POINT('Ctrl Pts',(7.12507948981661,-0.255997693811883,25.9450148701101));
#2201=CARTESIAN_POINT('Ctrl Pts',(7.12691656129125,-0.187095387248342,25.9450295210602));
#2202=CARTESIAN_POINT('Ctrl Pts',(7.1285769658466,-0.124819256312572,25.9450427630622));
#2203=CARTESIAN_POINT('Ctrl Pts',(7.12941320924338,-0.0624438902487362,
25.9450509263054));
#2204=CARTESIAN_POINT('Ctrl Pts',(7.12941413272486,8.8308968071092E-13,
25.9450514053721));
#2205=CARTESIAN_POINT('',(7.12941182622209,0.00578786454355752,25.9450514276142));
#2206=CARTESIAN_POINT('Ctrl Pts',(7.12941413272486,8.83092218527509E-13,
25.9450514053721));
#2207=CARTESIAN_POINT('Ctrl Pts',(7.12941416893589,0.00192931046477743,
25.9450514053721));
#2208=CARTESIAN_POINT('Ctrl Pts',(7.12941340399463,0.00385859887680963,
25.9450514053721));
#2209=CARTESIAN_POINT('Ctrl Pts',(7.12941183776047,0.00578786455298495,
25.9450514053721));
#2210=CARTESIAN_POINT('',(12.3376961937177,0.010016101761184,18.2492389829685));
#2211=CARTESIAN_POINT('Origin',(42.6360539351531,0.0346131926256366,44.3645393479868));
#2212=CARTESIAN_POINT('Ctrl Pts',(-12.3377002593989,-5.55111512312569E-15,
18.2492389829685));
#2213=CARTESIAN_POINT('Ctrl Pts',(-12.3377002593989,-1.83463015089454,18.2492389829685));
#2214=CARTESIAN_POINT('Ctrl Pts',(-11.9169658364929,-3.68813734699045,18.2492389829685));
#2215=CARTESIAN_POINT('Ctrl Pts',(-11.1160544763469,-5.35420188933832,18.2492389829685));
#2216=CARTESIAN_POINT('Ctrl Pts',(-10.3151431162009,-7.02026643168622,18.2492389829685));
#2217=CARTESIAN_POINT('Ctrl Pts',(-9.134054818815,-8.49888832028607,18.2492389829685));
#2218=CARTESIAN_POINT('Ctrl Pts',(-7.69030752648439,-9.64870015648519,18.2492389829685));
#2219=CARTESIAN_POINT('Ctrl Pts',(-6.24656023415377,-10.7985119926843,18.2492389829685));
#2220=CARTESIAN_POINT('Ctrl Pts',(-4.54015394687848,-11.6195137764827,18.2492389829685));
#2221=CARTESIAN_POINT('Ctrl Pts',(-2.74044168888972,-12.0299579904144,18.2492389829685));
#2222=CARTESIAN_POINT('Ctrl Pts',(-0.940729430900956,-12.4404022043461,
18.2492389829685));
#2223=CARTESIAN_POINT('Ctrl Pts',(0.952288797801272,-12.4402888484111,18.2492389829685));
#2224=CARTESIAN_POINT('Ctrl Pts',(2.75168964506213,-12.0282913846149,18.2492389829685));
#2225=CARTESIAN_POINT('Ctrl Pts',(4.55109049232299,-11.6162939208187,18.2492389829685));
#2226=CARTESIAN_POINT('Ctrl Pts',(6.25687395814248,-10.7924123491613,18.2492389829685));
#2227=CARTESIAN_POINT('Ctrl Pts',(7.69944149697043,-9.64087519342001,18.2492389829685));
#2228=CARTESIAN_POINT('Ctrl Pts',(9.14200903579838,-8.48933803767876,18.2492389829685));
#2229=CARTESIAN_POINT('Ctrl Pts',(10.3213606476348,-7.01014529785368,18.2492389829685));
#2230=CARTESIAN_POINT('Ctrl Pts',(11.1206556818725,-5.34506451482823,18.2492389829685));
#2231=CARTESIAN_POINT('Ctrl Pts',(11.9199507161101,-3.67998373180286,18.2492389829685));
#2232=CARTESIAN_POINT('Ctrl Pts',(12.339189172749,-1.82901490557714,18.2492389829685));
#2233=CARTESIAN_POINT('Ctrl Pts',(12.3376961937177,0.0100161017611226,18.2492389829685));
#2234=CARTESIAN_POINT('Origin',(0.,17.1304150449983,48.8370490960977));
#2235=CARTESIAN_POINT('',(9.75,15.0090947014386,46.7157287525381));
#2236=CARTESIAN_POINT('Origin',(0.,15.0090947014386,46.7157287525381));
#2237=CARTESIAN_POINT('',(12.75,17.1304150449983,48.8370490960977));
#2238=CARTESIAN_POINT('Origin',(9.75,17.1304150449983,48.8370490960977));
#2239=CARTESIAN_POINT('Origin',(0.,17.1304150449983,48.8370490960977));
#2240=CARTESIAN_POINT('Origin',(0.,29.1512303251696,60.8578643762691));
#2241=CARTESIAN_POINT('',(12.75,25.2621430286436,56.968777079743));
#2242=CARTESIAN_POINT('Origin',(0.,25.2621430286436,56.968777079743));
#2243=CARTESIAN_POINT('',(12.75,29.1512303251696,60.8578643762691));
#2244=CARTESIAN_POINT('Origin',(0.,15.0090947014387,46.7157287525381));
#2245=CARTESIAN_POINT('',(-1.13995647819858E-15,18.721405302668,43.0034181513087));
#2246=CARTESIAN_POINT('Origin',(-4.9701690864622E-16,15.0090947014387,46.7157287525381));
#2247=CARTESIAN_POINT('Origin',(0.,-17.112225642121,48.8370490960977));
#2248=CARTESIAN_POINT('',(9.75,-14.9909052985613,46.7157287525381));
#2249=CARTESIAN_POINT('Origin',(0.,-14.9909052985613,46.7157287525381));
#2250=CARTESIAN_POINT('',(12.75,-17.112225642121,48.8370490960977));
#2251=CARTESIAN_POINT('Origin',(9.75,-17.112225642121,48.8370490960977));
#2252=CARTESIAN_POINT('',(-12.75,-17.112225642121,48.8370490960977));
#2253=CARTESIAN_POINT('Origin',(0.,-17.112225642121,48.8370490960977));
#2254=CARTESIAN_POINT('Origin',(0.,-17.112225642121,48.8370490960977));
#2255=CARTESIAN_POINT('Origin',(0.,-29.1330409222923,60.857864376269));
#2256=CARTESIAN_POINT('',(-12.75,-25.2439536257663,56.968777079743));
#2257=CARTESIAN_POINT('Origin',(0.,-25.2439536257663,56.968777079743));
#2258=CARTESIAN_POINT('',(-12.75,-29.1330409222923,60.857864376269));
#2259=CARTESIAN_POINT('Origin',(0.,-14.9909052985613,46.7157287525381));
#2260=CARTESIAN_POINT('',(-1.4592266090614E-16,-11.278594697332,50.4280393537675));
#2261=CARTESIAN_POINT('Origin',(4.9701690864622E-16,-14.9909052985613,46.7157287525381));
#2262=CARTESIAN_POINT('Ctrl Pts',(12.9999957160691,0.0105537758381074,16.5));
#2263=CARTESIAN_POINT('Ctrl Pts',(12.9984168748958,1.9553485871858,16.5));
#2264=CARTESIAN_POINT('Ctrl Pts',(12.1079554287299,5.84343534216778,16.5));
#2265=CARTESIAN_POINT('Ctrl Pts',(8.37496646749598,10.5173059634685,16.5));
#2266=CARTESIAN_POINT('Ctrl Pts',(2.97914864314242,13.1110136126704,16.5));
#2267=CARTESIAN_POINT('Ctrl Pts',(-2.33385677473785,13.1027356948706,16.5));
#2268=CARTESIAN_POINT('Ctrl Pts',(-7.83373565605705,10.9452864824435,16.5));
#2269=CARTESIAN_POINT('Ctrl Pts',(-11.5097574335237,6.97728051866561,16.5));
#2270=CARTESIAN_POINT('Ctrl Pts',(-13.4421003124146,0.697149279113256,16.5));
#2271=CARTESIAN_POINT('Ctrl Pts',(-12.6309982830511,-4.64856522906865,16.5));
#2272=CARTESIAN_POINT('Ctrl Pts',(-8.92468177665045,-10.0727362705411,16.5));
#2273=CARTESIAN_POINT('Ctrl Pts',(-4.24171935927181,-12.7741825708942,16.5));
#2274=CARTESIAN_POINT('Ctrl Pts',(2.30994596621688,-13.2595424215188,16.5));
#2275=CARTESIAN_POINT('Ctrl Pts',(7.97741755524721,-11.0349904137267,16.5));
#2276=CARTESIAN_POINT('Ctrl Pts',(12.1176330336525,-5.81792909513522,16.5));
#2277=CARTESIAN_POINT('Ctrl Pts',(13.0015745572425,-1.93424103550959,16.5));
#2278=CARTESIAN_POINT('Ctrl Pts',(12.9999957160691,0.0105537758381042,16.5));
#2279=CARTESIAN_POINT('Ctrl Pts',(12.7792292086187,0.0103745511458014,17.0830796609895));
#2280=CARTESIAN_POINT('Ctrl Pts',(12.7776771793966,1.92214277020944,17.0830796609895));
#2281=CARTESIAN_POINT('Ctrl Pts',(11.9023375892515,5.7442018623899,17.0830796609895));
#2282=CARTESIAN_POINT('Ctrl Pts',(8.23274241316352,10.3387006042011,17.0830796609895));
#2283=CARTESIAN_POINT('Ctrl Pts',(2.92855660792279,12.8883617943451,17.0830796609895));
#2284=CARTESIAN_POINT('Ctrl Pts',(-2.29422311482736,12.8802244525148,17.0830796609895));
#2285=CARTESIAN_POINT('Ctrl Pts',(-7.70070280752001,10.7594131389018,17.0830796609895));
#2286=CARTESIAN_POINT('Ctrl Pts',(-11.314298219098,6.85879202949603,17.0830796609895));
#2287=CARTESIAN_POINT('Ctrl Pts',(-13.2138259649775,0.685310258941023,17.0830796609895));
#2288=CARTESIAN_POINT('Ctrl Pts',(-12.4164981064768,-4.56962308687943,17.0830796609895));
#2289=CARTESIAN_POINT('Ctrl Pts',(-8.77312243240369,-9.90168061364051,17.0830796609895));
#2290=CARTESIAN_POINT('Ctrl Pts',(-4.16968629180135,-12.5572508323533,17.0830796609895));
#2291=CARTESIAN_POINT('Ctrl Pts',(2.27071836072386,-13.0343682803326,17.0830796609895));
#2292=CARTESIAN_POINT('Ctrl Pts',(7.84194469428548,-10.8475937140204,17.0830796609895));
#2293=CARTESIAN_POINT('Ctrl Pts',(11.9118508486554,-5.71912876358282,17.0830796609895));
#2294=CARTESIAN_POINT('Ctrl Pts',(12.7807812378407,-1.90139366791784,17.0830796609895));
#2295=CARTESIAN_POINT('Ctrl Pts',(12.7792292086187,0.0103745511457977,17.0830796609895));
#2296=CARTESIAN_POINT('Ctrl Pts',(12.5584627011682,0.0101953264534954,17.666159321979));
#2297=CARTESIAN_POINT('Ctrl Pts',(12.5569374838974,1.88893695323309,17.666159321979));
#2298=CARTESIAN_POINT('Ctrl Pts',(11.6967197497731,5.64496838261202,17.666159321979));
#2299=CARTESIAN_POINT('Ctrl Pts',(8.09051835883107,10.1600952449337,17.666159321979));
#2300=CARTESIAN_POINT('Ctrl Pts',(2.87796457270317,12.6657099760197,17.666159321979));
#2301=CARTESIAN_POINT('Ctrl Pts',(-2.25458945491687,12.6577132101589,17.666159321979));
#2302=CARTESIAN_POINT('Ctrl Pts',(-7.56766995898298,10.57353979536,17.666159321979));
#2303=CARTESIAN_POINT('Ctrl Pts',(-11.1188390046722,6.74030354032645,17.666159321979));
#2304=CARTESIAN_POINT('Ctrl Pts',(-12.9855516175405,0.673471238768794,17.666159321979));
#2305=CARTESIAN_POINT('Ctrl Pts',(-12.2019979299025,-4.49068094469021,17.666159321979));
#2306=CARTESIAN_POINT('Ctrl Pts',(-8.62156308815695,-9.73062495673993,17.666159321979));
#2307=CARTESIAN_POINT('Ctrl Pts',(-4.09765322433087,-12.3403190938124,17.666159321979));
#2308=CARTESIAN_POINT('Ctrl Pts',(2.23149075523084,-12.8091941391464,17.666159321979));
#2309=CARTESIAN_POINT('Ctrl Pts',(7.70647183332376,-10.660197014314,17.666159321979));
#2310=CARTESIAN_POINT('Ctrl Pts',(11.7060686636582,-5.62032843203041,17.666159321979));
#2311=CARTESIAN_POINT('Ctrl Pts',(12.559987918439,-1.8685463003261,17.666159321979));
#2312=CARTESIAN_POINT('Ctrl Pts',(12.5584627011682,0.0101953264534912,17.666159321979));
#2313=CARTESIAN_POINT('Ctrl Pts',(12.3376961937177,0.0100161017611894,18.2492389829685));
#2314=CARTESIAN_POINT('Ctrl Pts',(12.3361977883982,1.85573113625673,18.2492389829685));
#2315=CARTESIAN_POINT('Ctrl Pts',(11.4911019102947,5.54573490283414,18.2492389829685));
#2316=CARTESIAN_POINT('Ctrl Pts',(7.94829430449862,9.98148988566633,18.2492389829685));
#2317=CARTESIAN_POINT('Ctrl Pts',(2.82737253748354,12.4430581576943,18.2492389829685));
#2318=CARTESIAN_POINT('Ctrl Pts',(-2.21495579500639,12.4352019678031,18.2492389829685));
#2319=CARTESIAN_POINT('Ctrl Pts',(-7.43463711044594,10.3876664518183,18.2492389829685));
#2320=CARTESIAN_POINT('Ctrl Pts',(-10.9233797902464,6.62181505115687,18.2492389829685));
#2321=CARTESIAN_POINT('Ctrl Pts',(-12.7572772701034,0.661632218596564,18.2492389829685));
#2322=CARTESIAN_POINT('Ctrl Pts',(-11.9874977533282,-4.41173880250099,18.2492389829685));
#2323=CARTESIAN_POINT('Ctrl Pts',(-8.4700037439102,-9.55956929983934,18.2492389829685));
#2324=CARTESIAN_POINT('Ctrl Pts',(-4.02562015686039,-12.1233873552716,18.2492389829685));
#2325=CARTESIAN_POINT('Ctrl Pts',(2.19226314973781,-12.5840199979602,18.2492389829685));
#2326=CARTESIAN_POINT('Ctrl Pts',(7.57099897236205,-10.4728003146077,18.2492389829685));
#2327=CARTESIAN_POINT('Ctrl Pts',(11.5002864786611,-5.52152810047801,18.2492389829685));
#2328=CARTESIAN_POINT('Ctrl Pts',(12.3391945990373,-1.83569893273435,18.2492389829685));
#2329=CARTESIAN_POINT('Ctrl Pts',(12.3376961937177,0.0100161017611847,18.2492389829685));
#2330=CARTESIAN_POINT('',(12.9999957160691,0.0105537758381042,16.5));
#2331=CARTESIAN_POINT('',(12.9999957160691,0.0105537758381074,16.5));
#2332=CARTESIAN_POINT('Ctrl Pts',(12.3376961937177,0.0100161017611894,18.2492389829685));
#2333=CARTESIAN_POINT('Ctrl Pts',(12.3361977883982,1.85573113625673,18.2492389829685));
#2334=CARTESIAN_POINT('Ctrl Pts',(11.4911019102947,5.54573490283414,18.2492389829685));
#2335=CARTESIAN_POINT('Ctrl Pts',(7.94829430449862,9.98148988566633,18.2492389829685));
#2336=CARTESIAN_POINT('Ctrl Pts',(2.82737253748354,12.4430581576943,18.2492389829685));
#2337=CARTESIAN_POINT('Ctrl Pts',(-2.21495579500639,12.4352019678031,18.2492389829685));
#2338=CARTESIAN_POINT('Ctrl Pts',(-7.43463711044594,10.3876664518183,18.2492389829685));
#2339=CARTESIAN_POINT('Ctrl Pts',(-10.9233797902464,6.62181505115687,18.2492389829685));
#2340=CARTESIAN_POINT('Ctrl Pts',(-12.2061128291955,2.45292146714972,18.2492389829685));
#2341=CARTESIAN_POINT('Ctrl Pts',(-12.3373845875158,0.611078231858931,18.2492389829685));
#2342=CARTESIAN_POINT('Ctrl Pts',(-12.3358729355581,-0.000476439861193875,
18.2492389829685));
#2343=CARTESIAN_POINT('',(-12.9980745836396,-0.000502015616032914,16.5));
#2344=CARTESIAN_POINT('Ctrl Pts',(12.9999957160691,0.0105537758381042,16.5));
#2345=CARTESIAN_POINT('Ctrl Pts',(13.0015745572425,-1.93424103550959,16.5));
#2346=CARTESIAN_POINT('Ctrl Pts',(12.1176330336525,-5.81792909513522,16.5));
#2347=CARTESIAN_POINT('Ctrl Pts',(7.97741755524721,-11.0349904137267,16.5));
#2348=CARTESIAN_POINT('Ctrl Pts',(2.30994596621688,-13.2595424215188,16.5));
#2349=CARTESIAN_POINT('Ctrl Pts',(-4.24171935927181,-12.7741825708942,16.5));
#2350=CARTESIAN_POINT('Ctrl Pts',(-8.92468177665045,-10.0727362705411,16.5));
#2351=CARTESIAN_POINT('Ctrl Pts',(-12.2623779307121,-5.1880388107235,16.5));
#2352=CARTESIAN_POINT('Ctrl Pts',(-12.9932614238586,-1.94771634293571,16.5));
#2353=CARTESIAN_POINT('Ctrl Pts',(-12.9980745836396,-0.000502015616033191,
16.5));
#2354=CARTESIAN_POINT('Ctrl Pts',(-12.9980745836396,-0.000502015616033191,
16.5));
#2355=CARTESIAN_POINT('Ctrl Pts',(-12.9996673825434,0.643881505235462,16.5));
#2356=CARTESIAN_POINT('Ctrl Pts',(-12.8613488286571,2.58459667543422,16.5));
#2357=CARTESIAN_POINT('Ctrl Pts',(-11.5097574335237,6.97728051866561,16.5));
#2358=CARTESIAN_POINT('Ctrl Pts',(-7.83373565605705,10.9452864824435,16.5));
#2359=CARTESIAN_POINT('Ctrl Pts',(-2.33385677473785,13.1027356948706,16.5));
#2360=CARTESIAN_POINT('Ctrl Pts',(2.97914864314242,13.1110136126704,16.5));
#2361=CARTESIAN_POINT('Ctrl Pts',(8.37496646749598,10.5173059634685,16.5));
#2362=CARTESIAN_POINT('Ctrl Pts',(12.1079554287299,5.84343534216778,16.5));
#2363=CARTESIAN_POINT('Ctrl Pts',(12.9984168748958,1.9553485871858,16.5));
#2364=CARTESIAN_POINT('Ctrl Pts',(12.9999957160691,0.0105537758381074,16.5));
#2365=CARTESIAN_POINT('Ctrl Pts',(-12.3377002593989,1.17936166078673E-15,
18.2492389829685));
#2366=CARTESIAN_POINT('Ctrl Pts',(-12.3377002593989,1.83463015088577,18.2492389829685));
#2367=CARTESIAN_POINT('Ctrl Pts',(-11.5067638139419,5.51300863319997,18.2492389829685));
#2368=CARTESIAN_POINT('Ctrl Pts',(-7.97183928626069,9.96363505283357,18.2492389829685));
#2369=CARTESIAN_POINT('Ctrl Pts',(-2.85782625115965,12.4360304427143,18.2492389829685));
#2370=CARTESIAN_POINT('Ctrl Pts',(2.8226103976661,12.4435580489658,18.2492389829685));
#2371=CARTESIAN_POINT('Ctrl Pts',(7.94309447617056,9.98533741843499,18.2492389829684));
#2372=CARTESIAN_POINT('Ctrl Pts',(11.49053850693,5.55227833148697,18.2492389829685));
#2373=CARTESIAN_POINT('Ctrl Pts',(12.3362032146864,1.84904710909945,18.2492389829685));
#2374=CARTESIAN_POINT('Ctrl Pts',(12.3376961937177,0.0100161017611172,18.2492389829685));
#2375=CARTESIAN_POINT('Ctrl Pts',(-10.3108069273731,1.38802980622201E-15,
20.6007937671842));
#2376=CARTESIAN_POINT('Ctrl Pts',(-10.3108069273731,1.53318622039187,20.6007937671842));
#2377=CARTESIAN_POINT('Ctrl Pts',(-9.61636827966352,4.60733254811221,20.6007937671843));
#2378=CARTESIAN_POINT('Ctrl Pts',(-6.66219311748162,8.32675485035573,20.6007937671842));
#2379=CARTESIAN_POINT('Ctrl Pts',(-2.38832595670279,10.3929767237141,20.6007937671843));
#2380=CARTESIAN_POINT('Ctrl Pts',(2.35889881794246,10.3992794983639,20.6007937671842));
#2381=CARTESIAN_POINT('Ctrl Pts',(6.63816234898656,8.34488288206681,20.6007937671842));
#2382=CARTESIAN_POINT('Ctrl Pts',(9.60281896644054,4.64015036824469,20.6007937671842));
#2383=CARTESIAN_POINT('Ctrl Pts',(10.309555858597,1.54523459323027,20.6007937671842));
#2384=CARTESIAN_POINT('Ctrl Pts',(10.3108035296205,0.00837061115542566,
20.6007937671842));
#2385=CARTESIAN_POINT('Ctrl Pts',(-8.55901049359414,1.54063812750896E-15,
23.1892646343087));
#2386=CARTESIAN_POINT('Ctrl Pts',(-8.55901049359414,1.27269101327542,23.1892646343087));
#2387=CARTESIAN_POINT('Ctrl Pts',(-7.98255393959324,3.82455613183285,23.1892646343087));
#2388=CARTESIAN_POINT('Ctrl Pts',(-5.5302934781872,6.91204523648402,23.1892646343087));
#2389=CARTESIAN_POINT('Ctrl Pts',(-1.98255090450071,8.62721849757017,23.1892646343088));
#2390=CARTESIAN_POINT('Ctrl Pts',(1.95812405177829,8.63245274607049,23.1892646343087));
#2391=CARTESIAN_POINT('Ctrl Pts',(5.5103438982378,6.92709158251048,23.1892646343087));
#2392=CARTESIAN_POINT('Ctrl Pts',(7.97130867610251,3.8517981425933,23.1892646343087));
#2393=CARTESIAN_POINT('Ctrl Pts',(8.55797198698915,1.28269235893819,23.1892646343087));
#2394=CARTESIAN_POINT('Ctrl Pts',(8.55900767311651,0.00694845216495412,
23.1892646343087));
#2395=CARTESIAN_POINT('Ctrl Pts',(-7.12941417560035,1.63308321239195E-15,
25.9450514276142));
#2396=CARTESIAN_POINT('Ctrl Pts',(-7.12941417560035,1.06015204857545,25.9450514276142));
#2397=CARTESIAN_POINT('Ctrl Pts',(-6.64925256130325,3.1857251411018,25.9450514276142));
#2398=CARTESIAN_POINT('Ctrl Pts',(-4.60657519781945,5.75754634110706,25.9450514276142));
#2399=CARTESIAN_POINT('Ctrl Pts',(-1.65141205881522,7.18623486244491,25.9450514276142));
#2400=CARTESIAN_POINT('Ctrl Pts',(1.63106236642336,7.1905847349158,25.9450514276142));
#2401=CARTESIAN_POINT('Ctrl Pts',(4.5899648367128,5.7700871833805,25.9450514276142));
#2402=CARTESIAN_POINT('Ctrl Pts',(6.63987667022308,3.20841737204798,25.9450514276142));
#2403=CARTESIAN_POINT('Ctrl Pts',(7.1285490993244,1.06848297444509,25.9450514276142));
#2404=CARTESIAN_POINT('Ctrl Pts',(7.12941182622209,0.0057878645434838,25.9450514276142));
#2405=CARTESIAN_POINT('Ctrl Pts',(7.12941182622209,0.0057878645436257,25.9450514276142));
#2406=CARTESIAN_POINT('Ctrl Pts',(7.12927334117219,0.176371841600968,25.9450514276142));
#2407=CARTESIAN_POINT('Ctrl Pts',(7.12286885018473,0.347445881650122,25.9450281419387));
#2408=CARTESIAN_POINT('Ctrl Pts',(7.11025116980036,0.518359184271095,25.9449930683628));
#2409=CARTESIAN_POINT('Ctrl Pts',(7.09748650452351,0.691263476728938,25.9449575862105));
#2410=CARTESIAN_POINT('Ctrl Pts',(7.07836305344103,0.864002599244299,25.9449100399293));
#2411=CARTESIAN_POINT('Ctrl Pts',(7.05298867118384,1.03589891574673,25.9448623337822));
#2412=CARTESIAN_POINT('Ctrl Pts',(7.02762370362726,1.20773145326376,25.9448146453356));
#2413=CARTESIAN_POINT('Ctrl Pts',(6.99601257169545,1.37872112132224,25.9447667971418));
#2414=CARTESIAN_POINT('Ctrl Pts',(6.95831467829149,1.54819746627818,25.9447306801268));
#2415=CARTESIAN_POINT('Ctrl Pts',(6.92097110942865,1.71608089389216,25.9446949025775));
#2416=CARTESIAN_POINT('Ctrl Pts',(6.87765487565009,1.88247867617467,25.9446706367114));
#2417=CARTESIAN_POINT('Ctrl Pts',(6.82856895779836,2.04675524849804,25.9446694412751));
#2418=CARTESIAN_POINT('Ctrl Pts',(6.77948303994664,2.21103182082141,25.9446682458387));
#2419=CARTESIAN_POINT('Ctrl Pts',(6.72462759009712,2.3731865450058,25.9446901208165));
#2420=CARTESIAN_POINT('Ctrl Pts',(6.66425121913781,2.53260965751529,25.9447466251012));
#2421=CARTESIAN_POINT('Ctrl Pts',(6.60709215195885,2.68353751642805,25.9448001184157));
#2422=CARTESIAN_POINT('Ctrl Pts',(6.54461694227059,2.83305215824654,25.9448411416628));
#2423=CARTESIAN_POINT('Ctrl Pts',(6.47689121974762,2.98053371110469,25.9448726946466));
#2424=CARTESIAN_POINT('Ctrl Pts',(6.45847004605507,3.0206482082328,25.9448812769543));
#2425=CARTESIAN_POINT('Ctrl Pts',(6.43966072309284,3.0606123301943,25.9448891586314));
#2426=CARTESIAN_POINT('Ctrl Pts',(6.42046522986484,3.1004137148431,25.9448964000431));
#2427=CARTESIAN_POINT('Ctrl Pts',(6.3510051425299,3.24443750318337,25.9449226035424));
#2428=CARTESIAN_POINT('Ctrl Pts',(6.27648474073103,3.38632898074001,25.9449404234106));
#2429=CARTESIAN_POINT('Ctrl Pts',(6.19717696655269,3.52562404762748,25.9449527198644));
#2430=CARTESIAN_POINT('Ctrl Pts',(6.11707605605764,3.666312168064,25.9449651392919));
#2431=CARTESIAN_POINT('Ctrl Pts',(6.03209181191566,3.80435119438899,25.944971924277));
#2432=CARTESIAN_POINT('Ctrl Pts',(5.94255336090838,3.93928576657455,25.9449760217257));
#2433=CARTESIAN_POINT('Ctrl Pts',(5.85287227596195,4.07443528830796,25.9449801257016));
#2434=CARTESIAN_POINT('Ctrl Pts',(5.75862282929283,4.20646999460456,25.9449815335722));
#2435=CARTESIAN_POINT('Ctrl Pts',(5.66017863128585,4.33496226761955,25.9449832063537));
#2436=CARTESIAN_POINT('Ctrl Pts',(5.56206446683728,4.46302377109249,25.9449848735271));
#2437=CARTESIAN_POINT('Ctrl Pts',(5.45978403755719,4.58756613944326,25.944986803838));
#2438=CARTESIAN_POINT('Ctrl Pts',(5.35374394107115,4.70820227056672,25.9449919286233));
#2439=CARTESIAN_POINT('Ctrl Pts',(5.3046268149324,4.76408019095376,25.9449943023925));
#2440=CARTESIAN_POINT('Ctrl Pts',(5.25470353661309,4.81912058179906,25.9449973615318));
#2441=CARTESIAN_POINT('Ctrl Pts',(5.20401682296142,4.87328799155953,25.9450013973505));
#2442=CARTESIAN_POINT('Ctrl Pts',(5.0940911289396,4.99076236861629,25.9450101499436));
#2443=CARTESIAN_POINT('Ctrl Pts',(4.97984140193584,5.10492063353518,25.9450090277522));
#2444=CARTESIAN_POINT('Ctrl Pts',(4.86157296385896,5.21527621451668,25.9450015326775));
#2445=CARTESIAN_POINT('Ctrl Pts',(4.74338667676362,5.32555514090255,25.9449940428089));
#2446=CARTESIAN_POINT('Ctrl Pts',(4.62118760531055,5.43203618744393,25.9449801889085));
#2447=CARTESIAN_POINT('Ctrl Pts',(4.49532251568169,5.53426417013474,25.944963465592));
#2448=CARTESIAN_POINT('Ctrl Pts',(4.476462601604,5.5495822458265,25.9449609597318));
#2449=CARTESIAN_POINT('Ctrl Pts',(4.45752044681863,5.56480489198199,25.9449583894455));
#2450=CARTESIAN_POINT('Ctrl Pts',(4.43849729181699,5.5799306462747,25.9449557664901));
#2451=CARTESIAN_POINT('Ctrl Pts',(4.31187097818392,5.68061418204153,25.9449383069693));
#2452=CARTESIAN_POINT('Ctrl Pts',(4.18165297995429,5.77700127884874,25.9449185137862));
#2453=CARTESIAN_POINT('Ctrl Pts',(4.04833224421096,5.86880553784314,25.9448998545154));
#2454=CARTESIAN_POINT('Ctrl Pts',(3.914602737403,5.96089127536732,25.9448811380338));
#2455=CARTESIAN_POINT('Ctrl Pts',(3.7777519656876,6.04836574475556,25.9448635624282));
#2456=CARTESIAN_POINT('Ctrl Pts',(3.63830234461548,6.13098376775922,25.9448506272559));
#2457=CARTESIAN_POINT('Ctrl Pts',(3.49908108665827,6.21346649524229,25.9448377132662));
#2458=CARTESIAN_POINT('Ctrl Pts',(3.35727003818818,6.29110844018661,25.944829424523));
#2459=CARTESIAN_POINT('Ctrl Pts',(3.21340971050513,6.36371308431155,25.9448292434174));
#2460=CARTESIAN_POINT('Ctrl Pts',(3.13091589547158,6.40534675899784,25.9448291395661));
#2461=CARTESIAN_POINT('Ctrl Pts',(3.04774856798164,6.44532495158363,25.9448317016833));
#2462=CARTESIAN_POINT('Ctrl Pts',(2.96401164546385,6.48361809135546,25.944837586398));
#2463=CARTESIAN_POINT('Ctrl Pts',(2.81778998943302,6.55048568266046,25.9448478623038));
#2464=CARTESIAN_POINT('Ctrl Pts',(2.66882296603641,6.61267791161229,25.9448601542867));
#2465=CARTESIAN_POINT('Ctrl Pts',(2.51759091026178,6.66987282891597,25.9448728934053));
#2466=CARTESIAN_POINT('Ctrl Pts',(2.36477281017128,6.727667577208,25.9448857661253));
#2467=CARTESIAN_POINT('Ctrl Pts',(2.20964241216081,6.78035926236506,25.9448990954089));
#2468=CARTESIAN_POINT('Ctrl Pts',(2.05272344674865,6.82766172744116,25.9449112624291));
#2469=CARTESIAN_POINT('Ctrl Pts',(1.8958044813365,6.87496419251726,25.9449234294493));
#2470=CARTESIAN_POINT('Ctrl Pts',(1.73709751598864,6.91687714491688,25.944934434206));
#2471=CARTESIAN_POINT('Ctrl Pts',(1.57714618948078,6.95316519465348,25.944942657869));
#2472=CARTESIAN_POINT('Ctrl Pts',(1.41909447297693,6.98902228114764,25.9449507838664));
#2473=CARTESIAN_POINT('Ctrl Pts',(1.25982838773267,7.01938728441838,25.9449561944353));
#2474=CARTESIAN_POINT('Ctrl Pts',(1.09992141371559,7.04425118674768,25.9449573277396));
#2475=CARTESIAN_POINT('Ctrl Pts',(0.939675327444048,7.06916781757132,25.9449584634474));
#2476=CARTESIAN_POINT('Ctrl Pts',(0.778786235526714,7.08855999922858,25.9449553037295));
#2477=CARTESIAN_POINT('Ctrl Pts',(0.617832957778921,7.10247084545144,25.9449462767974));
#2478=CARTESIAN_POINT('Ctrl Pts',(0.505386251830638,7.11218937281915,25.9449399703164));
#2479=CARTESIAN_POINT('Ctrl Pts',(0.392908260288368,7.11923364388637,25.9449308001469));
#2480=CARTESIAN_POINT('Ctrl Pts',(0.280594464738458,7.12363334728944,25.944918230329));
#2481=CARTESIAN_POINT('Ctrl Pts',(0.119791786494481,7.12993252084356,25.9449002337831));
#2482=CARTESIAN_POINT('Ctrl Pts',(-0.0417790979238271,7.13084272335506,
25.9448926152741));
#2483=CARTESIAN_POINT('Ctrl Pts',(-0.203550731038272,7.12627343180909,25.9448916828754));
#2484=CARTESIAN_POINT('Ctrl Pts',(-0.365590446878151,7.12169656818075,25.9448907489315));
#2485=CARTESIAN_POINT('Ctrl Pts',(-0.527830983924569,7.11162198815995,25.9448965232778));
#2486=CARTESIAN_POINT('Ctrl Pts',(-0.689693989363827,7.09601050816957,25.944905295616));
#2487=CARTESIAN_POINT('Ctrl Pts',(-0.850858236409607,7.08046642253312,25.9449140300843));
#2488=CARTESIAN_POINT('Ctrl Pts',(-1.01164760792496,7.05943316493161,25.9449257367165));
#2489=CARTESIAN_POINT('Ctrl Pts',(-1.17149213715026,7.03292343281281,25.9449367530566));
#2490=CARTESIAN_POINT('Ctrl Pts',(-1.31417099969656,7.00926057463774,25.9449465863545));
#2491=CARTESIAN_POINT('Ctrl Pts',(-1.45609678503646,6.98123501648495,25.94495586966));
#2492=CARTESIAN_POINT('Ctrl Pts',(-1.59687056883553,6.94889030512648,25.9449619982669));
#2493=CARTESIAN_POINT('Ctrl Pts',(-1.75553462316186,6.91243505826407,25.9449689057293));
#2494=CARTESIAN_POINT('Ctrl Pts',(-1.91273451108208,6.87049252846883,25.9449718057107));
#2495=CARTESIAN_POINT('Ctrl Pts',(-2.06795499725672,6.82333890622175,25.9449669688975));
#2496=CARTESIAN_POINT('Ctrl Pts',(-2.19506734676644,6.78472410826927,25.9449630079596));
#2497=CARTESIAN_POINT('Ctrl Pts',(-2.3208524659151,6.74261563374411,25.9449538585611));
#2498=CARTESIAN_POINT('Ctrl Pts',(-2.44503995143735,6.69718797076364,25.94493747264));
#2499=CARTESIAN_POINT('Ctrl Pts',(-2.59617635401549,6.64190241979586,25.9449175309434));
#2500=CARTESIAN_POINT('Ctrl Pts',(-2.74595620106549,6.58131815527678,25.94490805843));
#2501=CARTESIAN_POINT('Ctrl Pts',(-2.893835109855,6.51558722008704,25.9449052725841));
#2502=CARTESIAN_POINT('Ctrl Pts',(-3.04273494846594,6.4494024901508,25.9449024675051));
#2503=CARTESIAN_POINT('Ctrl Pts',(-3.18970695182215,6.37799994978788,25.9449064417409));
#2504=CARTESIAN_POINT('Ctrl Pts',(-3.33420787905503,6.30158604883251,25.9449133339069));
#2505=CARTESIAN_POINT('Ctrl Pts',(-3.47859025231759,6.22523484070215,25.9449202204182));
#2506=CARTESIAN_POINT('Ctrl Pts',(-3.62050505661692,6.14388075003981,25.9449300200744));
#2507=CARTESIAN_POINT('Ctrl Pts',(-3.75943110913389,6.05777737957509,25.9449388809854));
#2508=CARTESIAN_POINT('Ctrl Pts',(-3.89727506194836,5.97234467116315,25.9449476728785));
#2509=CARTESIAN_POINT('Ctrl Pts',(-4.03217615256145,5.88223669762145,25.9449555405932));
#2510=CARTESIAN_POINT('Ctrl Pts',(-4.16365336380749,5.78774373600065,25.944958721543));
#2511=CARTESIAN_POINT('Ctrl Pts',(-4.26261379516912,5.71662065578005,25.9449611157842));
#2512=CARTESIAN_POINT('Ctrl Pts',(-4.3596350255722,5.64301424776742,25.9449608548367));
#2513=CARTESIAN_POINT('Ctrl Pts',(-4.45452505744529,5.56706274810404,25.9449563342752));
#2514=CARTESIAN_POINT('Ctrl Pts',(-4.5747320286219,5.47084716517465,25.9449506076146));
#2515=CARTESIAN_POINT('Ctrl Pts',(-4.69151776582726,5.37086779626881,25.9449380451681));
#2516=CARTESIAN_POINT('Ctrl Pts',(-4.80460914190854,5.26755253156351,25.9449153852315));
#2517=CARTESIAN_POINT('Ctrl Pts',(-4.92556968197265,5.15704834770216,25.9448911485631));
#2518=CARTESIAN_POINT('Ctrl Pts',(-5.04310435495321,5.04197854064154,25.944879865588));
#2519=CARTESIAN_POINT('Ctrl Pts',(-5.15677101003573,4.92272506770312,25.9448776900065));
#2520=CARTESIAN_POINT('Ctrl Pts',(-5.27140730684943,4.80245429427439,25.9448754958659));
#2521=CARTESIAN_POINT('Ctrl Pts',(-5.38210887347413,4.67792856903995,25.9448825651663));
#2522=CARTESIAN_POINT('Ctrl Pts',(-5.48845260186086,4.54958303169212,25.9448949523574));
#2523=CARTESIAN_POINT('Ctrl Pts',(-5.59524491697712,4.42069609800882,25.944907391801));
#2524=CARTESIAN_POINT('Ctrl Pts',(-5.69764212706907,4.28795752441695,25.9449251940958));
#2525=CARTESIAN_POINT('Ctrl Pts',(-5.79525281522327,4.15184491670689,25.9449443635501));
#2526=CARTESIAN_POINT('Ctrl Pts',(-5.8925696191517,4.01614211399964,25.9449634752894));
#2527=CARTESIAN_POINT('Ctrl Pts',(-5.98512831870659,3.87708608185573,25.9449839459685));
#2528=CARTESIAN_POINT('Ctrl Pts',(-6.07258361585598,3.73517930714312,25.9450018158658));
#2529=CARTESIAN_POINT('Ctrl Pts',(-6.1590995160172,3.59479681742079,25.9450194938144));
#2530=CARTESIAN_POINT('Ctrl Pts',(-6.24062079640544,3.45162502441045,25.9450346265528));
#2531=CARTESIAN_POINT('Ctrl Pts',(-6.31685947697324,3.30617118002603,25.9450433805837));
#2532=CARTESIAN_POINT('Ctrl Pts',(-6.35555994529547,3.23233553839344,25.9450478243266));
#2533=CARTESIAN_POINT('Ctrl Pts',(-6.3928999570017,3.15791214060632,25.9450506244003));
#2534=CARTESIAN_POINT('Ctrl Pts',(-6.42884680697803,3.082968767894,25.9450512793665));
#2535=CARTESIAN_POINT('Ctrl Pts',(-6.43424006187442,3.07172470305666,25.9450513776338));
#2536=CARTESIAN_POINT('Ctrl Pts',(-6.43960196276616,3.06046893483812,25.9450514276142));
#2537=CARTESIAN_POINT('Ctrl Pts',(-6.44493248407391,3.04920172182071,25.9450514276142));
#2538=CARTESIAN_POINT('Ctrl Pts',(-6.51362937520139,2.90399594150759,25.9450514276142));
#2539=CARTESIAN_POINT('Ctrl Pts',(-6.57745567904,2.75616748319326,25.9450353339428));
#2540=CARTESIAN_POINT('Ctrl Pts',(-6.63621803861068,2.60622847733101,25.9450117030258));
#2541=CARTESIAN_POINT('Ctrl Pts',(-6.69536077266503,2.45531890166258,25.9449879191436));
#2542=CARTESIAN_POINT('Ctrl Pts',(-6.74937360491523,2.30227190362364,25.9449565001252));
#2543=CARTESIAN_POINT('Ctrl Pts',(-6.79810652342158,2.1476337122411,25.9449261696175));
#2544=CARTESIAN_POINT('Ctrl Pts',(-6.84704039932385,1.99235784740898,25.9448957140373));
#2545=CARTESIAN_POINT('Ctrl Pts',(-6.89065057127928,1.83547821744256,25.944866355963));
#2546=CARTESIAN_POINT('Ctrl Pts',(-6.92883508119744,1.67756360707365,25.9448469273642));
#2547=CARTESIAN_POINT('Ctrl Pts',(-6.93810320109641,1.63923467353922,25.944842211667));
#2548=CARTESIAN_POINT('Ctrl Pts',(-6.94705191640939,1.60084481616885,25.9448380809419));
#2549=CARTESIAN_POINT('Ctrl Pts',(-6.95568022549224,1.56240224742449,25.9448346614791));
#2550=CARTESIAN_POINT('Ctrl Pts',(-6.99152967840772,1.40267859300746,25.9448204540752));
#2551=CARTESIAN_POINT('Ctrl Pts',(-7.02197559882902,1.24141555151961,25.9448362788097));
#2552=CARTESIAN_POINT('Ctrl Pts',(-7.04686362987527,1.07918097882439,25.9448647580615));
#2553=CARTESIAN_POINT('Ctrl Pts',(-7.07174942764984,0.916960963884871,25.9448932347579));
#2554=CARTESIAN_POINT('Ctrl Pts',(-7.09107823159613,0.753770194007199,25.9449343637137));
#2555=CARTESIAN_POINT('Ctrl Pts',(-7.10474680532942,0.590186337428287,25.9449707719586));
#2556=CARTESIAN_POINT('Ctrl Pts',(-7.11833689933749,0.42754171681971,25.9450069711613));
#2557=CARTESIAN_POINT('Ctrl Pts',(-7.12633154327983,0.26450910101842,25.9450385037017));
#2558=CARTESIAN_POINT('Ctrl Pts',(-7.12868068316927,0.101657191641317,25.9450482940553));
#2559=CARTESIAN_POINT('Ctrl Pts',(-7.12916962228163,0.0677619483753465,
25.9450503317742));
#2560=CARTESIAN_POINT('Ctrl Pts',(-7.12941417560036,0.0338745190375327,
25.9450514276142));
#2561=CARTESIAN_POINT('Ctrl Pts',(-7.12941417560036,7.57377344496984E-15,
25.9450514276142));
#2562=CARTESIAN_POINT('Origin',(0.,0.,0.));
#2563=CARTESIAN_POINT('',(-13.,-1.59204083889156E-15,3.5));
#2564=CARTESIAN_POINT('Origin',(0.,0.,3.5));
#2565=CARTESIAN_POINT('',(-13.,-1.59204083889156E-15,0.));
#2566=CARTESIAN_POINT('Origin',(0.,0.,3.25));
#2567=CARTESIAN_POINT('',(-13.5,1.65327317884893E-15,3.));
#2568=CARTESIAN_POINT('Origin',(0.,0.,3.));
#2569=CARTESIAN_POINT('',(-13.25,1.62265700887024E-15,3.25));
#2570=CARTESIAN_POINT('Origin',(0.,0.,3.));
#2571=CARTESIAN_POINT('',(-16.,-1.95943487863577E-15,3.));
#2572=CARTESIAN_POINT('Origin',(0.,0.,3.));
#2573=CARTESIAN_POINT('Origin',(0.,-25.4207303210629,57.1455537750397));
#2574=CARTESIAN_POINT('',(-13.25,-25.5975070163596,57.3223304703363));
#2575=CARTESIAN_POINT('Origin',(0.,-25.5975070163596,57.3223304703363));
#2576=CARTESIAN_POINT('',(-13.,-25.4207303210629,57.1455537750397));
#2577=CARTESIAN_POINT('Origin',(0.,-25.5975070163596,57.3223304703363));
#2578=CARTESIAN_POINT('',(-8.90445517043376,-17.0619731104057,65.8578643762267));
#2579=CARTESIAN_POINT('',(8.90445517043376,-17.0619731104057,65.8578643762267));
#2580=CARTESIAN_POINT('Origin',(0.,-25.5975070163596,57.3223304703363));
#2581=CARTESIAN_POINT('Ctrl Pts',(8.90445517038215,-17.0619731104268,65.857864376269));
#2582=CARTESIAN_POINT('Ctrl Pts',(7.99497061801755,-16.5875760478683,66.3322614388275));
#2583=CARTESIAN_POINT('Ctrl Pts',(7.03371516500451,-16.1118923818109,66.8079451048849));
#2584=CARTESIAN_POINT('Ctrl Pts',(5.38480905370928,-15.3832537405358,67.5365837461601));
#2585=CARTESIAN_POINT('Ctrl Pts',(4.66084110163669,-15.0892328780101,67.8306046086826));
#2586=CARTESIAN_POINT('Ctrl Pts',(3.22399690009008,-14.592721641892,68.3271158448008));
#2587=CARTESIAN_POINT('Ctrl Pts',(2.45687959755163,-14.3689922625584,68.5508452241374));
#2588=CARTESIAN_POINT('Ctrl Pts',(1.00922450085889,-14.0990574109739,68.8207800757219));
#2589=CARTESIAN_POINT('Ctrl Pts',(0.440460027178168,-14.0570258430222,68.8628116436718));
#2590=CARTESIAN_POINT('Ctrl Pts',(-0.556951023668935,-14.0645959479325,
68.8552415387615));
#2591=CARTESIAN_POINT('Ctrl Pts',(-1.12834045492549,-14.1134537376959,68.8063837489999));
#2592=CARTESIAN_POINT('Ctrl Pts',(-2.61904638730017,-14.4098477792112,68.5099897074847));
#2593=CARTESIAN_POINT('Ctrl Pts',(-3.41147940137628,-14.6504652330237,68.2693722536721));
#2594=CARTESIAN_POINT('Ctrl Pts',(-5.69453148825369,-15.465131122929,67.4547063637668));
#2595=CARTESIAN_POINT('Ctrl Pts',(-7.31969068498093,-16.2353426692976,66.6844948173982));
#2596=CARTESIAN_POINT('Ctrl Pts',(-8.90445517038215,-17.0619731104268,65.857864376269));
#2597=CARTESIAN_POINT('Origin',(0.,25.4389197239402,57.1455537750397));
#2598=CARTESIAN_POINT('',(13.25,25.6156964192369,57.3223304703363));
#2599=CARTESIAN_POINT('Origin',(0.,25.6156964192369,57.3223304703363));
#2600=CARTESIAN_POINT('',(13.,25.4389197239402,57.1455537750397));
#2601=CARTESIAN_POINT('Origin',(0.,25.6156964192369,57.3223304703363));
#2602=CARTESIAN_POINT('',(8.90445517043374,17.080162513283,65.8578643762267));
#2603=CARTESIAN_POINT('',(-8.90445517043374,17.080162513283,65.8578643762267));
#2604=CARTESIAN_POINT('Origin',(0.,25.6156964192369,57.3223304703363));
#2605=CARTESIAN_POINT('Ctrl Pts',(-8.90445517038212,17.0801625133041,65.8578643762691));
#2606=CARTESIAN_POINT('Ctrl Pts',(-7.99497061801746,16.6057654507456,66.3322614388276));
#2607=CARTESIAN_POINT('Ctrl Pts',(-7.03371516500447,16.1300817846882,66.807945104885));
#2608=CARTESIAN_POINT('Ctrl Pts',(-5.38480905370927,15.4014431434131,67.5365837461601));
#2609=CARTESIAN_POINT('Ctrl Pts',(-4.66084110163669,15.1074222808875,67.8306046086826));
#2610=CARTESIAN_POINT('Ctrl Pts',(-3.2239969000901,14.6109110447693,68.3271158448008));
#2611=CARTESIAN_POINT('Ctrl Pts',(-2.45687959755163,14.3871816654357,68.5508452241374));
#2612=CARTESIAN_POINT('Ctrl Pts',(-1.00922450085762,14.117246813851,68.8207800757222));
#2613=CARTESIAN_POINT('Ctrl Pts',(-0.440460027176892,14.0752152458995,68.8628116436718));
#2614=CARTESIAN_POINT('Ctrl Pts',(0.556951023667469,14.0827853508098,68.8552415387615));
#2615=CARTESIAN_POINT('Ctrl Pts',(1.12834045492389,14.1316431405729,68.8063837490002));
#2616=CARTESIAN_POINT('Ctrl Pts',(2.61904638730018,14.4280371820885,68.5099897074847));
#2617=CARTESIAN_POINT('Ctrl Pts',(3.41147940137631,14.668654635901,68.2693722536721));
#2618=CARTESIAN_POINT('Ctrl Pts',(5.69453148825402,15.4833205258064,67.4547063637667));
#2619=CARTESIAN_POINT('Ctrl Pts',(7.3196906849815,16.2535320721752,66.684494817398));
#2620=CARTESIAN_POINT('Ctrl Pts',(8.90445517038213,17.0801625133041,65.8578643762691));
#2621=CARTESIAN_POINT('Origin',(-4.9701690864622E-16,14.6555413108454,46.3621753619448));
#2622=CARTESIAN_POINT('',(2.34579809914048E-17,17.3071917402949,43.0034181513087));
#2623=CARTESIAN_POINT('',(-1.07872413824121E-15,18.0142985214815,43.0034181513087));
#2624=CARTESIAN_POINT('Origin',(-4.9701690864622E-16,14.3019879202521,46.0086219713515));
#2625=CARTESIAN_POINT('Origin',(-4.9701690864622E-16,10.2361239284294,41.9427579795289));
#2626=CARTESIAN_POINT('',(6.26887599328087E-7,6.02429775660263,31.7206562348096));
#2627=CARTESIAN_POINT('',(2.34579809914048E-17,13.2413277484723,38.9375541594861));
#2628=CARTESIAN_POINT('',(4.23174815587489,3.33490663786073,34.485110018976));
#2629=CARTESIAN_POINT('Ctrl Pts',(4.23174815587489,3.33490663786073,34.485110018976));
#2630=CARTESIAN_POINT('Ctrl Pts',(4.20869212592878,3.28153586882937,34.0810493348506));
#2631=CARTESIAN_POINT('Ctrl Pts',(4.11038402215282,3.34769086109211,33.3551703516789));
#2632=CARTESIAN_POINT('Ctrl Pts',(3.63861340812213,4.08749504464438,32.4805087754916));
#2633=CARTESIAN_POINT('Ctrl Pts',(2.62674139930989,5.2252825856176,31.9763854615856));
#2634=CARTESIAN_POINT('Ctrl Pts',(1.22009619776703,5.92087155951336,31.7543101916958));
#2635=CARTESIAN_POINT('Ctrl Pts',(0.305291344570904,6.02431323801758,31.7204914179135));
#2636=CARTESIAN_POINT('Ctrl Pts',(7.83946229931942E-7,6.02409018426024,
31.720481750205));
#2637=CARTESIAN_POINT('',(3.91089912910761,3.11539749294196,37.1713052130796));
#2638=CARTESIAN_POINT('Ctrl Pts',(3.91089912910761,3.11539749294196,37.1713052130796));
#2639=CARTESIAN_POINT('Ctrl Pts',(4.19776476450143,3.32209070076917,36.4086748164325));
#2640=CARTESIAN_POINT('Ctrl Pts',(4.28970497873965,3.46906677792548,35.500812789627));
#2641=CARTESIAN_POINT('Ctrl Pts',(4.23174815587489,3.33490663786073,34.485110018976));
#2642=CARTESIAN_POINT('',(3.83628444384186,3.20669949729265,37.5));
#2643=CARTESIAN_POINT('Ctrl Pts',(3.83628444384186,3.20669949729265,37.5));
#2644=CARTESIAN_POINT('Ctrl Pts',(3.86306375965774,3.17466248454234,37.38853019249));
#2645=CARTESIAN_POINT('Ctrl Pts',(3.88814613716912,3.1438801835878,37.2789886185873));
#2646=CARTESIAN_POINT('Ctrl Pts',(3.91168115926828,3.11434922677001,37.171208351271));
#2647=CARTESIAN_POINT('',(3.6187577426985,3.45030323300137,38.3087914684373));
#2648=CARTESIAN_POINT('Ctrl Pts',(3.6187577426985,3.45030323300137,38.3087914684373));
#2649=CARTESIAN_POINT('Ctrl Pts',(3.70347276956896,3.36145215565889,38.0254116207387));
#2650=CARTESIAN_POINT('Ctrl Pts',(3.77462104090029,3.28046953831421,37.7566759996248));
#2651=CARTESIAN_POINT('Ctrl Pts',(3.83628444384186,3.20669949729265,37.5));
#2652=CARTESIAN_POINT('',(3.11532176216642,3.91085288884309,39.7058289799808));
#2653=CARTESIAN_POINT('Ctrl Pts',(3.11532176216642,3.91085288884308,39.7058289799808));
#2654=CARTESIAN_POINT('Ctrl Pts',(3.11675340582575,3.90971246480405,39.7025067274138));
#2655=CARTESIAN_POINT('Ctrl Pts',(3.1181836531602,3.90857215969078,39.6991843559167));
#2656=CARTESIAN_POINT('Ctrl Pts',(3.11961090015094,3.90743225985555,39.6958615791396));
#2657=CARTESIAN_POINT('Ctrl Pts',(3.31621396281,3.75041122552499,39.2381495677328));
#2658=CARTESIAN_POINT('Ctrl Pts',(3.47885231573405,3.59703927701936,38.7767884702681));
#2659=CARTESIAN_POINT('Ctrl Pts',(3.6187577426985,3.45030323300137,38.3087914684373));
#2660=CARTESIAN_POINT('',(2.34022970379939,2.51766251330413,39.2414321881345));
#2661=CARTESIAN_POINT('Origin',(-4.9701690864622E-16,10.0433659489006,41.75));
#2662=CARTESIAN_POINT('',(-2.34022970379939,2.51766251330414,39.2414321881345));
#2663=CARTESIAN_POINT('Origin',(-4.9701690864622E-16,0.0090947014386622,
31.7157287525381));
#2664=CARTESIAN_POINT('',(-3.11532176216642,3.91085288884308,39.7058289799808));
#2665=CARTESIAN_POINT('Origin',(-4.9701690864622E-16,10.0433659489006,41.75));
#2666=CARTESIAN_POINT('',(-3.61875774269849,3.45030323300137,38.3087914684373));
#2667=CARTESIAN_POINT('Ctrl Pts',(-3.61875774269849,3.45030323300137,38.3087914684373));
#2668=CARTESIAN_POINT('Ctrl Pts',(-3.48029390257628,3.59552730743443,38.7719662247364));
#2669=CARTESIAN_POINT('Ctrl Pts',(-3.319542672529,3.74725452632889,39.2286378366082));
#2670=CARTESIAN_POINT('Ctrl Pts',(-3.12567967081868,3.90257919311768,39.6817120005112));
#2671=CARTESIAN_POINT('Ctrl Pts',(-3.12223929957844,3.90533564747878,39.689752437879));
#2672=CARTESIAN_POINT('Ctrl Pts',(-3.11878544617353,3.90809377453444,39.6977912025569));
#2673=CARTESIAN_POINT('Ctrl Pts',(-3.11532176216643,3.91085288884308,39.7058289799808));
#2674=CARTESIAN_POINT('',(-3.83628444384186,3.20669949729265,37.5));
#2675=CARTESIAN_POINT('Ctrl Pts',(-3.83628444384186,3.20669949729265,37.5));
#2676=CARTESIAN_POINT('Ctrl Pts',(-3.77462105076495,3.28046952651278,37.7566759585628));
#2677=CARTESIAN_POINT('Ctrl Pts',(-3.70347276795957,3.36145215734686,38.0254116261223));
#2678=CARTESIAN_POINT('Ctrl Pts',(-3.6187577426985,3.45030323300136,38.3087914684373));
#2679=CARTESIAN_POINT('',(-3.91089938896171,3.11539751430886,37.1713053401016));
#2680=CARTESIAN_POINT('Ctrl Pts',(-3.91168145416238,3.11434883932724,37.1712068402305));
#2681=CARTESIAN_POINT('Ctrl Pts',(-3.88814628546537,3.14387999256204,37.2789878920652));
#2682=CARTESIAN_POINT('Ctrl Pts',(-3.86306379602864,3.17466244103059,37.3885300410949));
#2683=CARTESIAN_POINT('Ctrl Pts',(-3.83628444384187,3.20669949729265,37.5));
#2684=CARTESIAN_POINT('',(-4.23174815587489,3.33490663786072,34.485110018976));
#2685=CARTESIAN_POINT('Ctrl Pts',(-4.23174815587489,3.33490663786072,34.485110018976));
#2686=CARTESIAN_POINT('Ctrl Pts',(-4.28970501252393,3.46906685613052,35.5008133817022));
#2687=CARTESIAN_POINT('Ctrl Pts',(-4.19776586195892,3.32209108122392,36.4086738658407));
#2688=CARTESIAN_POINT('Ctrl Pts',(-3.91089938896171,3.11539751430886,37.1713053401016));
#2689=CARTESIAN_POINT('Ctrl Pts',(7.83946229931942E-7,6.02409018426024,
31.720481750205));
#2690=CARTESIAN_POINT('Ctrl Pts',(-0.304472727612276,6.02386772746163,31.7204721083702));
#2691=CARTESIAN_POINT('Ctrl Pts',(-1.21895920005012,5.91946085839355,31.7541124318527));
#2692=CARTESIAN_POINT('Ctrl Pts',(-2.62858958129583,5.22937682952126,31.981751645447));
#2693=CARTESIAN_POINT('Ctrl Pts',(-3.63828906411782,4.08519964614394,32.478086704427));
#2694=CARTESIAN_POINT('Ctrl Pts',(-4.11017102368284,3.34760801259688,33.3536665703402));
#2695=CARTESIAN_POINT('Ctrl Pts',(-4.20872837727032,3.28161978448966,34.081684645522));
#2696=CARTESIAN_POINT('Ctrl Pts',(-4.23174815587489,3.33490663786072,34.485110018976));
#2697=CARTESIAN_POINT('Origin',(4.9701690864622E-16,-14.6373519079681,46.3621753619448));
#2698=CARTESIAN_POINT('',(1.01749179828385E-15,-11.278594697332,49.0138257913944));
#2699=CARTESIAN_POINT('',(-8.46903209487725E-17,-11.278594697332,49.7209325725809));
#2700=CARTESIAN_POINT('Origin',(4.9701690864622E-16,-14.2837985173748,46.0086219713516));
#2701=CARTESIAN_POINT('Origin',(4.9701690864622E-16,-10.2179345255521,41.9427579795289));
#2702=CARTESIAN_POINT('',(1.01749179828385E-15,-2.99610911860416,40.7313402126666));
#2703=CARTESIAN_POINT('',(1.01749179828385E-15,-7.21273070550931,44.9479617995717));
#2704=CARTESIAN_POINT('',(2.34022970379939,-2.49947311042681,39.2414321881345));
#2705=CARTESIAN_POINT('Origin',(2.77333911991762E-31,0.00909470143866248,
31.7157287525381));
#2706=CARTESIAN_POINT('',(3.121211159025,-3.90615423412566,39.7103258960341));
#2707=CARTESIAN_POINT('Origin',(4.9701690864622E-16,-10.0251765460232,41.75));
#2708=CARTESIAN_POINT('',(3.62700965191917,-3.44162766505693,38.2992776335044));
#2709=CARTESIAN_POINT('Ctrl Pts',(3.62700965191916,-3.44162766505693,38.2992776335044));
#2710=CARTESIAN_POINT('Ctrl Pts',(3.48662636020596,-3.58957265026891,38.7722783162854));
#2711=CARTESIAN_POINT('Ctrl Pts',(3.32318224069109,-3.74436926184654,39.2384273722601));
#2712=CARTESIAN_POINT('Ctrl Pts',(3.12527767117597,-3.90290129912658,39.7008410034069));
#2713=CARTESIAN_POINT('Ctrl Pts',(3.12392442648188,-3.90398531976753,39.7040029253088));
#2714=CARTESIAN_POINT('Ctrl Pts',(3.12256840600728,-3.90506972640458,39.7071644612106));
#2715=CARTESIAN_POINT('Ctrl Pts',(3.121211159025,-3.90615423412566,39.7103258960341));
#2716=CARTESIAN_POINT('',(3.84064292834891,-3.20147808003171,37.5));
#2717=CARTESIAN_POINT('Ctrl Pts',(3.84064292834891,-3.20147808003171,37.5));
#2718=CARTESIAN_POINT('Ctrl Pts',(3.7799862240403,-3.27424470114738,37.7537985061932));
#2719=CARTESIAN_POINT('Ctrl Pts',(3.710039817283,-3.35412511089261,38.0195198045688));
#2720=CARTESIAN_POINT('Ctrl Pts',(3.62700965191916,-3.44162766505693,38.2992776335044));
#2721=CARTESIAN_POINT('',(3.91688422534503,-3.10788587772432,37.161715773169));
#2722=CARTESIAN_POINT('Ctrl Pts',(3.91771907656628,-3.10675235649655,37.1616037508514));
#2723=CARTESIAN_POINT('Ctrl Pts',(3.89371205782187,-3.13699617096485,37.272485109158));
#2724=CARTESIAN_POINT('Ctrl Pts',(3.86807367875397,-3.16857086813493,37.3852248311886));
#2725=CARTESIAN_POINT('Ctrl Pts',(3.84064292834891,-3.20147808003171,37.5));
#2726=CARTESIAN_POINT('',(4.23101021635393,-3.33324308319264,34.4905235007243));
#2727=CARTESIAN_POINT('Ctrl Pts',(4.23101021635393,-3.33324308319264,34.4905235007243));
#2728=CARTESIAN_POINT('Ctrl Pts',(4.29000995328741,-3.46274986615576,35.4997115543496));
#2729=CARTESIAN_POINT('Ctrl Pts',(4.19995221284162,-3.31526132036873,36.4024059924491));
#2730=CARTESIAN_POINT('Ctrl Pts',(3.91688422534503,-3.10788587772432,37.161715773169));
#2731=CARTESIAN_POINT('',(-4.23101021635393,-3.33324308319264,34.4905235007243));
#2732=CARTESIAN_POINT('Ctrl Pts',(-4.23101021635393,-3.33324308319264,34.4905235007243));
#2733=CARTESIAN_POINT('Ctrl Pts',(-4.20760300039933,-3.2818633077231,34.0901440424795));
#2734=CARTESIAN_POINT('Ctrl Pts',(-4.10722593566757,-3.3519622720124,33.3625224647867));
#2735=CARTESIAN_POINT('Ctrl Pts',(-3.63607167214815,-4.09131882214132,32.4978399309961));
#2736=CARTESIAN_POINT('Ctrl Pts',(-2.62450016181723,-5.22625503541624,31.9934828205858));
#2737=CARTESIAN_POINT('Ctrl Pts',(-0.94203671755858,-6.05867862454171,31.7285370892525));
#2738=CARTESIAN_POINT('Ctrl Pts',(0.93607259554338,-6.05753869118583,31.7269783521871));
#2739=CARTESIAN_POINT('Ctrl Pts',(2.62083783610767,-5.23408540052781,31.9972326035137));
#2740=CARTESIAN_POINT('Ctrl Pts',(3.6330320049477,-4.09289730412145,32.4933496432514));
#2741=CARTESIAN_POINT('Ctrl Pts',(4.10827132353128,-3.34992968640317,33.3628493510796));
#2742=CARTESIAN_POINT('Ctrl Pts',(4.20766321284984,-3.28199547646089,34.0911739739486));
#2743=CARTESIAN_POINT('Ctrl Pts',(4.23101021635393,-3.33324308319264,34.4905235007243));
#2744=CARTESIAN_POINT('',(-3.91688388174465,-3.10788585055492,37.1617156073451));
#2745=CARTESIAN_POINT('Ctrl Pts',(-3.91688388174465,-3.10788585055492,37.1617156073451));
#2746=CARTESIAN_POINT('Ctrl Pts',(-4.19995069152984,-3.31526076954265,36.4024072733579));
#2747=CARTESIAN_POINT('Ctrl Pts',(-4.29000990433522,-3.46274975870377,35.4997107170244));
#2748=CARTESIAN_POINT('Ctrl Pts',(-4.23101021635393,-3.33324308319264,34.4905235007243));
#2749=CARTESIAN_POINT('',(-3.84064292834891,-3.20147808003171,37.5));
#2750=CARTESIAN_POINT('Ctrl Pts',(-3.84064292834891,-3.20147808003171,37.5));
#2751=CARTESIAN_POINT('Ctrl Pts',(-3.86807368216628,-3.16857086404136,37.3852248169109));
#2752=CARTESIAN_POINT('Ctrl Pts',(-3.89377132422514,-3.13691509010193,37.2723125251015));
#2753=CARTESIAN_POINT('Ctrl Pts',(-3.91785068441414,-3.10656976151623,37.1612280565262));
#2754=CARTESIAN_POINT('',(-3.62700965191916,-3.44162766505694,38.2992776335044));
#2755=CARTESIAN_POINT('Ctrl Pts',(-3.62700965191916,-3.44162766505694,38.2992776335044));
#2756=CARTESIAN_POINT('Ctrl Pts',(-3.71004132676714,-3.35412352010067,38.0195147185859));
#2757=CARTESIAN_POINT('Ctrl Pts',(-3.77997158444005,-3.27426226349695,37.7538597609006));
#2758=CARTESIAN_POINT('Ctrl Pts',(-3.84064292834891,-3.20147808003171,37.5));
#2759=CARTESIAN_POINT('',(-3.121211159025,-3.90615423412566,39.7103258960341));
#2760=CARTESIAN_POINT('Ctrl Pts',(-3.121211159025,-3.90615423412566,39.7103258960341));
#2761=CARTESIAN_POINT('Ctrl Pts',(-3.12264214229928,-3.90501080744654,39.7069927072968));
#2762=CARTESIAN_POINT('Ctrl Pts',(-3.1240717355172,-3.90386749796356,39.7036594013746));
#2763=CARTESIAN_POINT('Ctrl Pts',(-3.12549830818366,-3.90272460588463,39.7003256780327));
#2764=CARTESIAN_POINT('Ctrl Pts',(-3.32330289112855,-3.74425438117089,39.2380809071911));
#2765=CARTESIAN_POINT('Ctrl Pts',(-3.48667851069134,-3.58951769071714,38.7721026029587));
#2766=CARTESIAN_POINT('Ctrl Pts',(-3.62700965191916,-3.44162766505694,38.2992776335044));
#2767=CARTESIAN_POINT('',(-2.34022970379939,-2.49947311042681,39.2414321881345));
#2768=CARTESIAN_POINT('Origin',(4.9701690864622E-16,-10.0251765460232,41.75));
#2769=CARTESIAN_POINT('Origin',(2.77333911991762E-31,0.00909470143866248,
31.7157287525381));
#2770=CARTESIAN_POINT('Ctrl Pts',(7.07392352476661,-8.66305780201865E-16,
26.0500431544854));
#2771=CARTESIAN_POINT('Ctrl Pts',(7.07392352476661,-7.07392352476661,26.0500431544854));
#2772=CARTESIAN_POINT('Ctrl Pts',(-3.59543441974346E-16,-7.07392352476661,
26.0500431544854));
#2773=CARTESIAN_POINT('Ctrl Pts',(-7.07392352476661,-7.07392352476661,26.0500431544854));
#2774=CARTESIAN_POINT('Ctrl Pts',(-7.07392352476661,8.66305780201865E-16,
26.0500431544854));
#2775=CARTESIAN_POINT('Ctrl Pts',(-7.07392352476661,7.07392352476661,26.0500431544854));
#2776=CARTESIAN_POINT('Ctrl Pts',(1.37306811842938E-15,7.07392352476661,
26.0500431544854));
#2777=CARTESIAN_POINT('Ctrl Pts',(7.07392352476661,7.07392352476661,26.0500431544854));
#2778=CARTESIAN_POINT('Ctrl Pts',(7.07392352476661,-8.66305780201865E-16,
26.0500431544854));
#2779=CARTESIAN_POINT('Ctrl Pts',(7.10207106105183,-8.69752859223423E-16,
25.9977598691598));
#2780=CARTESIAN_POINT('Ctrl Pts',(7.10207106105183,-7.10207106105183,25.9977598691598));
#2781=CARTESIAN_POINT('Ctrl Pts',(-3.62990520995905E-16,-7.10207106105183,
25.9977598691598));
#2782=CARTESIAN_POINT('Ctrl Pts',(-7.10207106105183,-7.10207106105183,25.9977598691598));
#2783=CARTESIAN_POINT('Ctrl Pts',(-7.10207106105183,8.69752859223423E-16,
25.9977598691598));
#2784=CARTESIAN_POINT('Ctrl Pts',(-7.10207106105183,7.10207106105183,25.9977598691598));
#2785=CARTESIAN_POINT('Ctrl Pts',(1.37651519745094E-15,7.10207106105183,
25.9977598691598));
#2786=CARTESIAN_POINT('Ctrl Pts',(7.10207106105183,7.10207106105183,25.9977598691598));
#2787=CARTESIAN_POINT('Ctrl Pts',(7.10207106105183,-8.69752859223423E-16,
25.9977598691598));
#2788=CARTESIAN_POINT('Ctrl Pts',(7.12941417560037,-8.73101424994481E-16,
25.9450514276142));
#2789=CARTESIAN_POINT('Ctrl Pts',(7.12941417560037,-7.12941417560037,25.9450514276142));
#2790=CARTESIAN_POINT('Ctrl Pts',(-3.66339086766962E-16,-7.12941417560037,
25.9450514276142));
#2791=CARTESIAN_POINT('Ctrl Pts',(-7.12941417560037,-7.12941417560037,25.9450514276142));
#2792=CARTESIAN_POINT('Ctrl Pts',(-7.12941417560037,8.73101424994481E-16,
25.9450514276142));
#2793=CARTESIAN_POINT('Ctrl Pts',(-7.12941417560037,7.12941417560037,25.9450514276142));
#2794=CARTESIAN_POINT('Ctrl Pts',(1.379863763222E-15,7.12941417560037,25.9450514276142));
#2795=CARTESIAN_POINT('Ctrl Pts',(7.12941417560037,7.12941417560037,25.9450514276142));
#2796=CARTESIAN_POINT('Ctrl Pts',(7.12941417560037,-8.73101424994481E-16,
25.9450514276142));
#2797=CARTESIAN_POINT('Ctrl Pts',(7.12941417560037,-8.73101424994481E-16,
25.9450514276142));
#2798=CARTESIAN_POINT('Ctrl Pts',(7.10460645611706,-8.70063355568543E-16,
25.992872469725));
#2799=CARTESIAN_POINT('Ctrl Pts',(7.07913632691706,-8.66944164348679E-16,
26.0403440141811));
#2800=CARTESIAN_POINT('Ctrl Pts',(-7.07392349430774,-0.00082390937137633,
26.0500431219387));
#2801=CARTESIAN_POINT('Ctrl Pts',(-7.07394502444451,0.181490762667594,26.0500425726802));
#2802=CARTESIAN_POINT('Ctrl Pts',(-7.06698755748019,0.364252980681551,26.0501008716526));
#2803=CARTESIAN_POINT('Ctrl Pts',(-7.05307003953762,0.546658376280674,26.0502065341087));
#2804=CARTESIAN_POINT('Ctrl Pts',(-7.03920457228614,0.728381586526023,26.0503118013936));
#2805=CARTESIAN_POINT('Ctrl Pts',(-7.01843110017397,0.909749868158382,26.0504640767896));
#2806=CARTESIAN_POINT('Ctrl Pts',(-6.99081953043863,1.08997376364291,26.0506520043445));
#2807=CARTESIAN_POINT('Ctrl Pts',(-6.96361043142711,1.26757068636352,26.0508371926368));
#2808=CARTESIAN_POINT('Ctrl Pts',(-6.92976130887319,1.44405566423599,26.0510569997513));
#2809=CARTESIAN_POINT('Ctrl Pts',(-6.88938674521711,1.61868971208183,26.0513005841867));
#2810=CARTESIAN_POINT('Ctrl Pts',(-6.87721482952259,1.67133748620714,26.0513740187688));
#2811=CARTESIAN_POINT('Ctrl Pts',(-6.86445015779401,1.72381718701628,26.0514496146642));
#2812=CARTESIAN_POINT('Ctrl Pts',(-6.85109669955992,1.77610900512901,26.0515270755914));
#2813=CARTESIAN_POINT('Ctrl Pts',(-6.81258334981031,1.92692634732718,26.0517504843689));
#2814=CARTESIAN_POINT('Ctrl Pts',(-6.76899507864425,2.07706290606639,26.0518970473249));
#2815=CARTESIAN_POINT('Ctrl Pts',(-6.72030407675882,2.22591068516735,26.0519687521169));
#2816=CARTESIAN_POINT('Ctrl Pts',(-6.67218905828867,2.37299769022706,26.0520396086871));
#2817=CARTESIAN_POINT('Ctrl Pts',(-6.61909139172833,2.51882558106894,26.0520373689055));
#2818=CARTESIAN_POINT('Ctrl Pts',(-6.56103428677711,2.66281299684687,26.0519641093929));
#2819=CARTESIAN_POINT('Ctrl Pts',(-6.5057562834016,2.79990796329573,26.051894356697));
#2820=CARTESIAN_POINT('Ctrl Pts',(-6.44598262614839,2.93533399526612,26.051760222654));
#2821=CARTESIAN_POINT('Ctrl Pts',(-6.38177546713638,3.068601837582,26.0515636202229));
#2822=CARTESIAN_POINT('Ctrl Pts',(-6.31447661736634,3.20828676738112,26.0513575510294));
#2823=CARTESIAN_POINT('Ctrl Pts',(-6.24230691269186,3.34560003668639,26.0510828535316));
#2824=CARTESIAN_POINT('Ctrl Pts',(-6.16564611868407,3.48016436810346,26.0507422534643));
#2825=CARTESIAN_POINT('Ctrl Pts',(-6.08597113430881,3.62001957234298,26.0503882615002));
#2826=CARTESIAN_POINT('Ctrl Pts',(-6.00144518518287,3.7569048045171,26.0499630846662));
#2827=CARTESIAN_POINT('Ctrl Pts',(-5.91254292687193,3.89043015165055,26.0494698852587));
#2828=CARTESIAN_POINT('Ctrl Pts',(-5.82364066856098,4.023955498784,26.0489766858511));
#2829=CARTESIAN_POINT('Ctrl Pts',(-5.73036268092918,4.15412055766264,26.0484154666601));
#2830=CARTESIAN_POINT('Ctrl Pts',(-5.6332243248429,4.28057587159705,26.0477894529303));
#2831=CARTESIAN_POINT('Ctrl Pts',(-5.5296757184471,4.41537608910971,26.0471221279733));
#2832=CARTESIAN_POINT('Ctrl Pts',(-5.42093712444979,4.54688938181904,26.046510729681));
#2833=CARTESIAN_POINT('Ctrl Pts',(-5.30741070865426,4.67464080044238,26.0459659690115));
#2834=CARTESIAN_POINT('Ctrl Pts',(-5.19259475506681,4.80384333756649,26.0454150204475));
#2835=CARTESIAN_POINT('Ctrl Pts',(-5.0728819640292,4.92919757518152,26.0449322338491));
#2836=CARTESIAN_POINT('Ctrl Pts',(-4.94873497125489,5.05023794695656,26.0445285613219));
#2837=CARTESIAN_POINT('Ctrl Pts',(-4.82359065969572,5.17225068087908,26.0441216459438));
#2838=CARTESIAN_POINT('Ctrl Pts',(-4.69394106689406,5.28987947073838,26.0437951223738));
#2839=CARTESIAN_POINT('Ctrl Pts',(-4.56030089598783,5.40268079027801,26.0435600536266));
#2840=CARTESIAN_POINT('Ctrl Pts',(-4.42687779911741,5.51529888468771,26.0433253667056));
#2841=CARTESIAN_POINT('Ctrl Pts',(-4.28947761139942,5.62310475175001,26.04318183861));
#2842=CARTESIAN_POINT('Ctrl Pts',(-4.14864556480596,5.7256969521572,26.0431403068788));
#2843=CARTESIAN_POINT('Ctrl Pts',(-4.00923237682192,5.82725555381803,26.0430991935726));
#2844=CARTESIAN_POINT('Ctrl Pts',(-3.86645668865301,5.92370468425016,26.0431580319692));
#2845=CARTESIAN_POINT('Ctrl Pts',(-3.72087163381171,6.01469961151951,26.0433271596807));
#2846=CARTESIAN_POINT('Ctrl Pts',(-3.65771304122922,6.05417558345043,26.0434005316916));
#2847=CARTESIAN_POINT('Ctrl Pts',(-3.59402597275682,6.09262564867531,26.0434946584441));
#2848=CARTESIAN_POINT('Ctrl Pts',(-3.52985662873002,6.13002454920133,26.0436103735213));
#2849=CARTESIAN_POINT('Ctrl Pts',(-3.39636243315315,6.20782706092864,26.0438511004817));
#2850=CARTESIAN_POINT('Ctrl Pts',(-3.25984295185656,6.28165222149516,26.0441396897188));
#2851=CARTESIAN_POINT('Ctrl Pts',(-3.12071401269518,6.35109698552412,26.0444382884832));
#2852=CARTESIAN_POINT('Ctrl Pts',(-2.98255375365609,6.42005824293744,26.0447348082648));
#2853=CARTESIAN_POINT('Ctrl Pts',(-2.84182075587706,6.48469955871613,26.0450411983149));
#2854=CARTESIAN_POINT('Ctrl Pts',(-2.69895030537568,6.54466893143945,26.0453208053046));
#2855=CARTESIAN_POINT('Ctrl Pts',(-2.55725505165624,6.60414501941711,26.045598112356));
#2856=CARTESIAN_POINT('Ctrl Pts',(-2.41345786206075,6.6590254250931,26.0458490756587));
#2857=CARTESIAN_POINT('Ctrl Pts',(-2.26800359314345,6.70901342446895,26.046038346585));
#2858=CARTESIAN_POINT('Ctrl Pts',(-2.12489934607678,6.75819379618508,26.0462245595686));
#2859=CARTESIAN_POINT('Ctrl Pts',(-1.98019160692633,6.80263840265053,26.0463510592576));
#2860=CARTESIAN_POINT('Ctrl Pts',(-1.83431645657237,6.84211325581655,26.0463845615133));
#2861=CARTESIAN_POINT('Ctrl Pts',(-1.74742792413989,6.86562591065365,26.0464045166724));
#2862=CARTESIAN_POINT('Ctrl Pts',(-1.66012541831812,6.88737632559758,26.0463914851151));
#2863=CARTESIAN_POINT('Ctrl Pts',(-1.57250221508949,6.90732381620031,26.0463384943463));
#2864=CARTESIAN_POINT('Ctrl Pts',(-1.42191472755991,6.94160517526621,26.0462474254689));
#2865=CARTESIAN_POINT('Ctrl Pts',(-1.27038036891562,6.97055881881077,26.0460383145967));
#2866=CARTESIAN_POINT('Ctrl Pts',(-1.11843782291804,6.99432038192912,26.0456752637853));
#2867=CARTESIAN_POINT('Ctrl Pts',(-1.05301893043183,7.0045509275129,26.0455189521885));
#2868=CARTESIAN_POINT('Ctrl Pts',(-0.987524332488218,7.01381966317151,26.0453341091434));
#2869=CARTESIAN_POINT('Ctrl Pts',(-0.921996673910799,7.0221403522893,26.0451178916045));
#2870=CARTESIAN_POINT('Ctrl Pts',(-0.76008376070561,7.04270002196442,26.0445836376366));
#2871=CARTESIAN_POINT('Ctrl Pts',(-0.596983246949541,7.05752088101013,26.0439881613526));
#2872=CARTESIAN_POINT('Ctrl Pts',(-0.433247988881808,7.06660243844532,26.0433701029992));
#2873=CARTESIAN_POINT('Ctrl Pts',(-0.267436779214746,7.07579913829947,26.0427442084641));
#2874=CARTESIAN_POINT('Ctrl Pts',(-0.100975163389274,7.07911002049015,26.0420951573236));
#2875=CARTESIAN_POINT('Ctrl Pts',(0.065546990533238,7.07658566769148,26.0414625260198));
#2876=CARTESIAN_POINT('Ctrl Pts',(0.234240728260822,7.07402839528707,26.0408216446914));
#2877=CARTESIAN_POINT('Ctrl Pts',(0.402995982762221,7.06548266291618,26.0401976147329));
#2878=CARTESIAN_POINT('Ctrl Pts',(0.571192210999884,7.05105393332099,26.0396310008967));
#2879=CARTESIAN_POINT('Ctrl Pts',(0.739790097913855,7.03659074739767,26.0390630339662));
#2880=CARTESIAN_POINT('Ctrl Pts',(0.907825629562553,7.01621651147913,26.0385527557686));
#2881=CARTESIAN_POINT('Ctrl Pts',(1.07467612187965,6.99008980492951,26.0381404555085));
#2882=CARTESIAN_POINT('Ctrl Pts',(1.24085423186423,6.96406838506886,26.0377298167563));
#2883=CARTESIAN_POINT('Ctrl Pts',(1.40585619352319,6.93234091975906,26.0374163640681));
#2884=CARTESIAN_POINT('Ctrl Pts',(1.5690788246217,6.8951141192822,26.0372393838677));
#2885=CARTESIAN_POINT('Ctrl Pts',(1.64509736557756,6.87777628421814,26.0371569579411));
#2886=CARTESIAN_POINT('Ctrl Pts',(1.72073018282885,6.85924628748463,26.0371041271811));
#2887=CARTESIAN_POINT('Ctrl Pts',(1.79591782811543,6.83954858752275,26.0370848257754));
#2888=CARTESIAN_POINT('Ctrl Pts',(1.95617832236822,6.79756345659462,26.0370436853354));
#2889=CARTESIAN_POINT('Ctrl Pts',(2.11560166160204,6.74995950891965,26.0371539393328));
#2890=CARTESIAN_POINT('Ctrl Pts',(2.27355920698577,6.69681778635847,26.0373702156651));
#2891=CARTESIAN_POINT('Ctrl Pts',(2.43188682496962,6.64355156011882,26.0375869987027));
#2892=CARTESIAN_POINT('Ctrl Pts',(2.58874113711786,6.58472174864973,26.0379103022632));
#2893=CARTESIAN_POINT('Ctrl Pts',(2.74350023210215,6.52046098343954,26.0382949617016));
#2894=CARTESIAN_POINT('Ctrl Pts',(2.89721561748269,6.45663359875411,26.0386770269613));
#2895=CARTESIAN_POINT('Ctrl Pts',(3.04886336419441,6.38744852276071,26.039119625834));
#2896=CARTESIAN_POINT('Ctrl Pts',(3.19785416327037,6.31308270385833,26.0395789945112));
#2897=CARTESIAN_POINT('Ctrl Pts',(3.34555247509109,6.23936200447846,26.0400343781895));
#2898=CARTESIAN_POINT('Ctrl Pts',(3.49063921009983,6.16055032663201,26.0405062454138));
#2899=CARTESIAN_POINT('Ctrl Pts',(3.63256835121925,6.07686245630828,26.0409524031536));
#2900=CARTESIAN_POINT('Ctrl Pts',(3.77216929966924,5.99454739416666,26.0413912421627));
#2901=CARTESIAN_POINT('Ctrl Pts',(3.90871498767707,5.90751510795498,26.0418052126364));
#2902=CARTESIAN_POINT('Ctrl Pts',(4.04171997247268,5.81600688173789,26.042154534405));
#2903=CARTESIAN_POINT('Ctrl Pts',(4.1007160162048,5.77541725027372,26.042309480495));
#2904=CARTESIAN_POINT('Ctrl Pts',(4.15901592533563,5.73394745127021,26.0424517116267));
#2905=CARTESIAN_POINT('Ctrl Pts',(4.21657985016173,5.6916206899002,26.0425777765203));
#2906=CARTESIAN_POINT('Ctrl Pts',(4.28604751273589,5.64054110862438,26.0427299105786));
#2907=CARTESIAN_POINT('Ctrl Pts',(4.35465948965526,5.58806678661017,26.0428403861789));
#2908=CARTESIAN_POINT('Ctrl Pts',(4.42232278096535,5.53421515730712,26.0429148870545));
#2909=CARTESIAN_POINT('Ctrl Pts',(4.54313948893756,5.43805996820293,26.0430479126635));
#2910=CARTESIAN_POINT('Ctrl Pts',(4.66093000485797,5.33751082083968,26.0430662654284));
#2911=CARTESIAN_POINT('Ctrl Pts',(4.77533968122498,5.23292040917517,26.043001446799));
#2912=CARTESIAN_POINT('Ctrl Pts',(4.89586378395945,5.12274034468431,26.0429331640505));
#2913=CARTESIAN_POINT('Ctrl Pts',(5.01263537510247,5.00807556677888,26.0427725831831));
#2914=CARTESIAN_POINT('Ctrl Pts',(5.12527186857501,4.88939066124648,26.042556090431));
#2915=CARTESIAN_POINT('Ctrl Pts',(5.23478029927681,4.77400179080004,26.0423456099659));
#2916=CARTESIAN_POINT('Ctrl Pts',(5.3403799203702,4.65481368774338,26.0420822744436));
#2917=CARTESIAN_POINT('Ctrl Pts',(5.44175430031029,4.53229462354478,26.041799162027));
#2918=CARTESIAN_POINT('Ctrl Pts',(5.54747225574176,4.40452600018939,26.0415039191278));
#2919=CARTESIAN_POINT('Ctrl Pts',(5.64859443050077,4.27313518563908,26.0411871654724));
#2920=CARTESIAN_POINT('Ctrl Pts',(5.74480819008867,4.13869159033864,26.0408860766832));
#2921=CARTESIAN_POINT('Ctrl Pts',(5.84102194967657,4.00424799503821,26.0405849878939));
#2922=CARTESIAN_POINT('Ctrl Pts',(5.9323269051263,3.86675226158846,26.0402995577818));
#2923=CARTESIAN_POINT('Ctrl Pts',(6.0184635878805,3.72680351252726,26.0400667020758));
#2924=CARTESIAN_POINT('Ctrl Pts',(6.10637679090305,3.58396839982531,26.0398290438527));
#2925=CARTESIAN_POINT('Ctrl Pts',(6.18937989712912,3.43783587703925,26.0396200060646));
#2926=CARTESIAN_POINT('Ctrl Pts',(6.26713708350564,3.28893572795395,26.0394419714893));
#2927=CARTESIAN_POINT('Ctrl Pts',(6.30553729157995,3.215401730987,26.0393540495228));
#2928=CARTESIAN_POINT('Ctrl Pts',(6.34265875268453,3.14119321140019,26.0392736887225));
#2929=CARTESIAN_POINT('Ctrl Pts',(6.37846506605284,3.06637634971369,26.0392011767587));
#2930=CARTESIAN_POINT('Ctrl Pts',(6.44026785244002,2.93724016991748,26.0390760189027));
#2931=CARTESIAN_POINT('Ctrl Pts',(6.49815113591242,2.80629119181142,26.0389742432559));
#2932=CARTESIAN_POINT('Ctrl Pts',(6.55200805540279,2.67390574946865,26.0388977443104));
#2933=CARTESIAN_POINT('Ctrl Pts',(6.6142661237413,2.52086948236701,26.038809312283));
#2934=CARTESIAN_POINT('Ctrl Pts',(6.67143363689826,2.36513083856588,26.0388010727807));
#2935=CARTESIAN_POINT('Ctrl Pts',(6.72323827270877,2.20724435624987,26.0388466150746));
#2936=CARTESIAN_POINT('Ctrl Pts',(6.77542051790911,2.0482070229083,26.038892489331));
#2937=CARTESIAN_POINT('Ctrl Pts',(6.82216118268195,1.8869910098619,26.0389929353506));
#2938=CARTESIAN_POINT('Ctrl Pts',(6.86322856836064,1.72418783543039,26.0391211339501));
#2939=CARTESIAN_POINT('Ctrl Pts',(6.90433649953384,1.56122392675427,26.039249459119));
#2940=CARTESIAN_POINT('Ctrl Pts',(6.93975977040205,1.39667035375076,26.0394055952851));
#2941=CARTESIAN_POINT('Ctrl Pts',(6.96931555912439,1.23113589914849,26.0395627662772));
#2942=CARTESIAN_POINT('Ctrl Pts',(6.99871923430561,1.06645339379725,26.039719128364));
#2943=CARTESIAN_POINT('Ctrl Pts',(7.02231556870288,0.900800708828996,26.0398765184415));
#2944=CARTESIAN_POINT('Ctrl Pts',(7.03997553799189,0.734783141049722,26.0400086374007));
#2945=CARTESIAN_POINT('Ctrl Pts',(7.05739720095327,0.571005839731399,26.0401389735264));
#2946=CARTESIAN_POINT('Ctrl Pts',(7.06904162937741,0.406874014560831,26.0402447195732));
#2947=CARTESIAN_POINT('Ctrl Pts',(7.07483532903354,0.242965545504307,26.0403006359057));
#2948=CARTESIAN_POINT('Ctrl Pts',(7.07770043606067,0.161909340596933,26.0403282877148));
#2949=CARTESIAN_POINT('Ctrl Pts',(7.07913552175988,0.080907653557482,26.0403437534133));
#2950=CARTESIAN_POINT('Ctrl Pts',(7.0791363417274,2.94234469669934E-5,26.0403439773867));
#2951=CARTESIAN_POINT('Ctrl Pts',(7.07913634182683,1.96156332047782E-5,
26.0403439774139));
#2952=CARTESIAN_POINT('Ctrl Pts',(7.07913634190524,9.80781753373444E-6,
26.0403439774407));
#2953=CARTESIAN_POINT('Ctrl Pts',(7.07913634196264,-4.22327127891282E-14,
26.0403439774672));
#2954=CARTESIAN_POINT('Ctrl Pts',(-7.07392349430774,-0.00082390937137633,
26.0500431219387));
#2955=CARTESIAN_POINT('Ctrl Pts',(-7.07404785999334,1.05229012444945,26.0500399492273));
#2956=CARTESIAN_POINT('Ctrl Pts',(-6.38009936388509,4.24340541667902,26.0488013097694));
#2957=CARTESIAN_POINT('Ctrl Pts',(-1.7981561148664,7.90468105316597,26.0423830682443));
#2958=CARTESIAN_POINT('Ctrl Pts',(3.91016719656821,6.5874045579139,26.0400287933254));
#2959=CARTESIAN_POINT('Ctrl Pts',(6.59096208005725,3.1677129683389,26.0402713479704));
#2960=CARTESIAN_POINT('Ctrl Pts',(7.07932556158017,1.05153696002504,26.0403443730317));
#2961=CARTESIAN_POINT('Ctrl Pts',(7.07913623109507,-0.00127448567285415,
26.0403439789487));
#2962=CARTESIAN_POINT('Ctrl Pts',(-5.59824964920649,-0.000641116901917891,
28.7910673231574));
#2963=CARTESIAN_POINT('Ctrl Pts',(-5.59836794613102,0.833044442950933,28.7910284592361));
#2964=CARTESIAN_POINT('Ctrl Pts',(-5.05666476153021,3.35917075754851,28.7762531974252));
#2965=CARTESIAN_POINT('Ctrl Pts',(-1.45419609372766,6.31227998650156,28.6892317871256));
#2966=CARTESIAN_POINT('Ctrl Pts',(3.14549100200503,5.31691858137556,28.5970171433574));
#2967=CARTESIAN_POINT('Ctrl Pts',(5.3344524521031,2.56541999983618,28.5552838041317));
#2968=CARTESIAN_POINT('Ctrl Pts',(5.73396110813553,0.851346027292754,28.547784583363));
#2969=CARTESIAN_POINT('Ctrl Pts',(5.73378889963283,-0.00103351642731686,
28.5478191852317));
#2970=CARTESIAN_POINT('Ctrl Pts',(-4.87279699261217,-0.000545718262695355,
31.9312702769622));
#2971=CARTESIAN_POINT('Ctrl Pts',(-4.87290181285418,0.726015783093518,31.9311845968252));
#2972=CARTESIAN_POINT('Ctrl Pts',(-4.40088494902675,2.92768229217958,31.8986747372104));
#2973=CARTESIAN_POINT('Ctrl Pts',(-1.26698364972561,5.50385480679246,31.7065697068905));
#2974=CARTESIAN_POINT('Ctrl Pts',(2.74641502432495,4.6449060305934,31.4994008146462));
#2975=CARTESIAN_POINT('Ctrl Pts',(4.663309265124,2.24327004322231,31.4044412783206));
#2976=CARTESIAN_POINT('Ctrl Pts',(5.01328528509008,0.744375928275874,31.3873697793589));
#2977=CARTESIAN_POINT('Ctrl Pts',(5.01313137079823,-0.000905011470095422,
31.3874487351664));
#2978=CARTESIAN_POINT('Ctrl Pts',(-4.99663575763245,-0.000550741409895829,
35.0418153999991));
#2979=CARTESIAN_POINT('Ctrl Pts',(-4.99671900012766,0.745856593821437,35.0416891744229));
#2980=CARTESIAN_POINT('Ctrl Pts',(-4.50119421822998,3.0082129064697,34.9938616702088));
#2981=CARTESIAN_POINT('Ctrl Pts',(-1.25784966593499,5.58308619694799,34.7102899391714));
#2982=CARTESIAN_POINT('Ctrl Pts',(2.76137005402269,4.65070308557833,34.4011520753551));
#2983=CARTESIAN_POINT('Ctrl Pts',(4.65509148663677,2.23836020420777,34.2585445110877));
#2984=CARTESIAN_POINT('Ctrl Pts',(5.00008866679273,0.742941281279264,34.2328910590333));
#2985=CARTESIAN_POINT('Ctrl Pts',(4.9999543513064,-0.000903733730596763,
34.2330098005134));
#2986=CARTESIAN_POINT('',(4.54007602354274,2.09464996565672,34.2673078739409));
#2987=CARTESIAN_POINT('Ctrl Pts',(4.9999543513064,-0.000903733730596763,
34.2330098005134));
#2988=CARTESIAN_POINT('Ctrl Pts',(5.00008390164239,0.716551671126332,34.23289527166));
#2989=CARTESIAN_POINT('Ctrl Pts',(4.83961236153634,1.4376021861536,34.2448239636002));
#2990=CARTESIAN_POINT('Ctrl Pts',(4.53843018550722,2.0938948498494,34.2674204195957));
#2991=CARTESIAN_POINT('',(4.53599515910726,2.10354402335464,34.2574122196698));
#2992=CARTESIAN_POINT('Ctrl Pts',(4.54007602354275,2.09464996565668,34.2673078739409));
#2993=CARTESIAN_POINT('Ctrl Pts',(4.53980407787206,2.09524373844874,34.2666482993873));
#2994=CARTESIAN_POINT('Ctrl Pts',(4.53953208409359,2.09583739955371,34.2659886366498));
#2995=CARTESIAN_POINT('Ctrl Pts',(4.53817248584142,2.09880381470534,34.2626913603534));
#2996=CARTESIAN_POINT('Ctrl Pts',(4.53708418450354,2.10117484787519,34.2600524718499));
#2997=CARTESIAN_POINT('Ctrl Pts',(4.53599515910749,2.10354402335411,34.2574122196697));
#2998=CARTESIAN_POINT('',(-4.49599197530326,2.18770568358925,33.6123378399042));
#2999=CARTESIAN_POINT('Ctrl Pts',(4.53599515910737,2.10354402335439,34.2574122196697));
#3000=CARTESIAN_POINT('Ctrl Pts',(4.53498748981112,2.10573620858368,34.2549692086379));
#3001=CARTESIAN_POINT('Ctrl Pts',(4.5339671933622,2.10795880802019,34.2517305171234));
#3002=CARTESIAN_POINT('Ctrl Pts',(4.53052393438721,2.11546635174132,34.2394813479473));
#3003=CARTESIAN_POINT('Ctrl Pts',(4.52750968012273,2.1220492082906,34.2263839310219));
#3004=CARTESIAN_POINT('Ctrl Pts',(4.50692694304601,2.16713109931797,34.1297770870938));
#3005=CARTESIAN_POINT('Ctrl Pts',(4.47310262664479,2.24270507557497,33.9503662651092));
#3006=CARTESIAN_POINT('Ctrl Pts',(4.26901626485655,2.68831979442208,33.0731295514097));
#3007=CARTESIAN_POINT('Ctrl Pts',(4.09928408640538,3.00622643744257,32.6926577110635));
#3008=CARTESIAN_POINT('Ctrl Pts',(3.66043605212425,3.6457800623361,32.0147129774387));
#3009=CARTESIAN_POINT('Ctrl Pts',(3.32009090048128,4.02882703090267,31.7117539856659));
#3010=CARTESIAN_POINT('Ctrl Pts',(2.49155916406596,4.67215711483029,31.2370357679566));
#3011=CARTESIAN_POINT('Ctrl Pts',(2.02157859647087,4.93333028830144,31.0642458264206));
#3012=CARTESIAN_POINT('Ctrl Pts',(1.15742819883918,5.22648814393064,30.8716309768205));
#3013=CARTESIAN_POINT('Ctrl Pts',(0.794527953392997,5.30448227101832,30.8215492944578));
#3014=CARTESIAN_POINT('Ctrl Pts',(0.158798155693412,5.36207537931957,30.7838490189564));
#3015=CARTESIAN_POINT('Ctrl Pts',(-0.107050546976811,5.36338682350213,30.7825598997098));
#3016=CARTESIAN_POINT('Ctrl Pts',(-0.64920077419703,5.31959177514242,30.809371628572));
#3017=CARTESIAN_POINT('Ctrl Pts',(-0.922772883561484,5.2723813070131,30.8387995650841));
#3018=CARTESIAN_POINT('Ctrl Pts',(-1.59507421267047,5.09461841136883,30.9518131103984));
#3019=CARTESIAN_POINT('Ctrl Pts',(-1.97812922099879,4.93465339533634,31.0545381043148));
#3020=CARTESIAN_POINT('Ctrl Pts',(-2.73200557067937,4.50305673469338,31.3471549634827));
#3021=CARTESIAN_POINT('Ctrl Pts',(-3.08715103250549,4.2199501445086,31.5458052941623));
#3022=CARTESIAN_POINT('Ctrl Pts',(-3.61308751116185,3.67941204708166,31.9814310768405));
#3023=CARTESIAN_POINT('Ctrl Pts',(-3.87576306872671,3.35323692193202,32.2514358492657));
#3024=CARTESIAN_POINT('Ctrl Pts',(-4.17933334693252,2.83623568953257,32.8566668585009));
#3025=CARTESIAN_POINT('Ctrl Pts',(-4.24041368887918,2.71877929655494,33.011186574938));
#3026=CARTESIAN_POINT('Ctrl Pts',(-4.34930418101251,2.50044005931042,33.3074325266657));
#3027=CARTESIAN_POINT('Ctrl Pts',(-4.39225425879504,2.40794798762043,33.438521866016));
#3028=CARTESIAN_POINT('Ctrl Pts',(-4.44512759565494,2.29483772123607,33.5606230313628));
#3029=CARTESIAN_POINT('Ctrl Pts',(-4.46078511807056,2.26133067062195,33.5890947553389));
#3030=CARTESIAN_POINT('Ctrl Pts',(-4.47872292142333,2.22358478805865,33.6061014891199));
#3031=CARTESIAN_POINT('Ctrl Pts',(-4.48221810679155,2.2162593375306,33.6086889923269));
#3032=CARTESIAN_POINT('Ctrl Pts',(-4.48765884783834,2.20492723657234,33.611205832201));
#3033=CARTESIAN_POINT('Ctrl Pts',(-4.48953029636719,2.20104148241732,33.6118144180449));
#3034=CARTESIAN_POINT('Ctrl Pts',(-4.49293944228423,2.19398981434615,33.6123944146206));
#3035=CARTESIAN_POINT('Ctrl Pts',(-4.49446297978195,2.19084794886087,33.6124667041581));
#3036=CARTESIAN_POINT('Ctrl Pts',(-4.49599197530326,2.18770568358925,33.6123378399043));
#3037=CARTESIAN_POINT('Ctrl Pts',(-4.49599197530326,2.18770568358925,33.6123378399042));
#3038=CARTESIAN_POINT('Ctrl Pts',(-4.57452031890352,2.02632071973918,33.6057194448447));
#3039=CARTESIAN_POINT('Ctrl Pts',(-4.64446718543855,1.86048655807255,33.5998139025126));
#3040=CARTESIAN_POINT('Ctrl Pts',(-4.90056258043139,1.14781334681729,33.5781586115302));
#3041=CARTESIAN_POINT('Ctrl Pts',(-5.00006399256111,0.575520392419661,33.5696606229029));
#3042=CARTESIAN_POINT('Ctrl Pts',(-4.99999996912135,-0.000555685627336155,
33.569571601052));
#3043=CARTESIAN_POINT('Ctrl Pts',(2.65896496137527,0.202114644515732,38.0165292949506));
#3044=CARTESIAN_POINT('Ctrl Pts',(2.68928372635083,0.153201389805546,37.9975843361597));
#3045=CARTESIAN_POINT('Ctrl Pts',(2.73599689843872,0.0170180916372231,37.9687910627678));
#3046=CARTESIAN_POINT('Ctrl Pts',(2.69948345738916,-0.127659026805599,37.991529687083));
#3047=CARTESIAN_POINT('Ctrl Pts',(2.65895472750386,-0.193036452423993,38.0170170339268));
#3048=CARTESIAN_POINT('Ctrl Pts',(3.17629186659516,0.622844265395723,37.7581733750806));
#3049=CARTESIAN_POINT('Ctrl Pts',(3.24402963145486,0.462599313092132,37.7130247650645));
#3050=CARTESIAN_POINT('Ctrl Pts',(3.34540873453861,0.0408018271413353,37.6464025002474));
#3051=CARTESIAN_POINT('Ctrl Pts',(3.26727498847372,-0.400377668334274,37.6985704022987));
#3052=CARTESIAN_POINT('Ctrl Pts',(3.17695888592589,-0.61461555657205,37.7593320756681));
#3053=CARTESIAN_POINT('Ctrl Pts',(4.18010123622309,1.62471493647564,36.7779392574915));
#3054=CARTESIAN_POINT('Ctrl Pts',(4.35541642743177,1.19760339303508,36.7016378918574));
#3055=CARTESIAN_POINT('Ctrl Pts',(4.61223674804748,0.0964324424666717,36.5911932690056));
#3056=CARTESIAN_POINT('Ctrl Pts',(4.41566047044529,-1.04823828756424,36.6771954276241));
#3057=CARTESIAN_POINT('Ctrl Pts',(4.18191503467882,-1.61943571876824,36.7799065094263));
#3058=CARTESIAN_POINT('Ctrl Pts',(4.40656170560619,2.37626362741486,35.1999632307583));
#3059=CARTESIAN_POINT('Ctrl Pts',(4.72815083488256,1.76847467297745,35.1473303264673));
#3060=CARTESIAN_POINT('Ctrl Pts',(5.21070576906604,0.143803689175151,35.0696164272589));
#3061=CARTESIAN_POINT('Ctrl Pts',(4.83709330603487,-1.56204982315708,35.1304791016122));
#3062=CARTESIAN_POINT('Ctrl Pts',(4.40753366632964,-2.37471482204701,35.2013127443289));
#3063=CARTESIAN_POINT('Ctrl Pts',(4.25173834756104,2.63107773772105,34.2942953601759));
#3064=CARTESIAN_POINT('Ctrl Pts',(4.65498048956179,1.97945234079268,34.2562275005433));
#3065=CARTESIAN_POINT('Ctrl Pts',(5.27611086203422,0.166008464389552,34.1983972490284));
#3066=CARTESIAN_POINT('Ctrl Pts',(4.79064713205844,-1.76031056086885,34.2440610456165));
#3067=CARTESIAN_POINT('Ctrl Pts',(4.25161550816148,-2.6312762025448,34.2952754220373));
#3068=CARTESIAN_POINT('',(3.00786822516788,-0.489918280562437,37.8103125554769));
#3069=CARTESIAN_POINT('Ctrl Pts',(3.00786822516788,-0.489918280562439,37.8103125554769));
#3070=CARTESIAN_POINT('Ctrl Pts',(3.182303458776,-0.542780685243919,37.6916341247906));
#3071=CARTESIAN_POINT('Ctrl Pts',(3.63184520032836,-0.779326326850908,37.3282147463782));
#3072=CARTESIAN_POINT('Ctrl Pts',(4.43548661973714,-1.40920226420259,36.2646172196825));
#3073=CARTESIAN_POINT('Ctrl Pts',(4.59964767896038,-1.96033684367177,35.0819600623122));
#3074=CARTESIAN_POINT('Ctrl Pts',(4.53929116280186,-2.09634990175736,34.2679799561083));
#3075=CARTESIAN_POINT('',(2.65895472750386,-0.193036452423993,38.0170170339268));
#3076=CARTESIAN_POINT('Origin',(0.637450047408957,-0.395167606286647,34.2840340678536));
#3077=CARTESIAN_POINT('',(2.65896496137527,0.20211464451573,38.0165292949506));
#3078=CARTESIAN_POINT('Ctrl Pts',(2.65895472750386,-0.193036452423993,38.0170170339268));
#3079=CARTESIAN_POINT('Ctrl Pts',(2.69948345738916,-0.127659026805599,37.991529687083));
#3080=CARTESIAN_POINT('Ctrl Pts',(2.73599689843872,0.0170180916372231,37.9687910627678));
#3081=CARTESIAN_POINT('Ctrl Pts',(2.68928372635083,0.153201389805546,37.9975843361597));
#3082=CARTESIAN_POINT('Ctrl Pts',(2.65896496137527,0.202114644515732,38.0165292949506));
#3083=CARTESIAN_POINT('',(3.00878329854485,0.499536443071943,37.8084629547775));
#3084=CARTESIAN_POINT('Origin',(0.637470515151776,0.395134587592798,34.2830585899012));
#3085=CARTESIAN_POINT('Ctrl Pts',(4.54007425974527,2.09465232645382,34.2673083870149));
#3086=CARTESIAN_POINT('Ctrl Pts',(4.5988755423724,1.96180422944923,35.0807212201947));
#3087=CARTESIAN_POINT('Ctrl Pts',(4.43404463079265,1.41434351567676,36.2628031422986));
#3088=CARTESIAN_POINT('Ctrl Pts',(3.63164956771923,0.787703958528941,37.3262151886919));
#3089=CARTESIAN_POINT('Ctrl Pts',(3.18285676739635,0.552218888081795,37.6898147817864));
#3090=CARTESIAN_POINT('Ctrl Pts',(3.00878329854485,0.499536443071945,37.8084629547775));
#3091=CARTESIAN_POINT('Ctrl Pts',(3.00786822516788,-0.489918280562439,37.8103125554769));
#3092=CARTESIAN_POINT('Ctrl Pts',(3.182303458776,-0.542780685243919,37.6916341247906));
#3093=CARTESIAN_POINT('Ctrl Pts',(3.63184520032836,-0.779326326850908,37.3282147463782));
#3094=CARTESIAN_POINT('Ctrl Pts',(4.43757916827923,-1.41084235634141,36.2618477886898));
#3095=CARTESIAN_POINT('Ctrl Pts',(4.60064064756759,-1.96368688317502,35.0747690702607));
#3096=CARTESIAN_POINT('Ctrl Pts',(4.53845386529314,-2.09819839686473,34.2568293092469));
#3097=CARTESIAN_POINT('Ctrl Pts',(2.76194207035734,-1.19307616218359,37.956734100501));
#3098=CARTESIAN_POINT('Ctrl Pts',(2.92051102179525,-1.24439380468196,37.8407542933492));
#3099=CARTESIAN_POINT('Ctrl Pts',(3.34797201572373,-1.45239576561598,37.4919539026375));
#3100=CARTESIAN_POINT('Ctrl Pts',(4.15223313868159,-1.98095655843401,36.4557737056755));
#3101=CARTESIAN_POINT('Ctrl Pts',(4.38306933411315,-2.43521521023173,35.2345733026098));
#3102=CARTESIAN_POINT('Ctrl Pts',(4.35950063455375,-2.48527856190989,34.3365520212656));
#3103=CARTESIAN_POINT('Ctrl Pts',(2.6591613218713,-1.89986778579675,38.3146011911564));
#3104=CARTESIAN_POINT('Ctrl Pts',(2.81204897344192,-1.95625158015604,38.1979098588281));
#3105=CARTESIAN_POINT('Ctrl Pts',(3.23782171234927,-2.15147570686066,37.833337274778));
#3106=CARTESIAN_POINT('Ctrl Pts',(4.04329437507648,-2.60702386234639,36.7292211394287));
#3107=CARTESIAN_POINT('Ctrl Pts',(4.27770305238908,-2.95491380678203,35.4099833434125));
#3108=CARTESIAN_POINT('Ctrl Pts',(4.2546521496711,-2.90646977718022,34.4162494942394));
#3109=CARTESIAN_POINT('Ctrl Pts',(2.71998755859609,-2.46958516108488,38.812669690636));
#3110=CARTESIAN_POINT('Ctrl Pts',(2.87872968034096,-2.5351490232924,38.6912468974312));
#3111=CARTESIAN_POINT('Ctrl Pts',(3.32269513789988,-2.7416296379643,38.2865583550141));
#3112=CARTESIAN_POINT('Ctrl Pts',(4.12749125422197,-3.19481199953857,37.0421140596102));
#3113=CARTESIAN_POINT('Ctrl Pts',(4.29508507512162,-3.47388996162151,35.5865213028667));
#3114=CARTESIAN_POINT('Ctrl Pts',(4.23101021635393,-3.33324308319264,34.4905235007243));
#3115=CARTESIAN_POINT('Origin',(7.71537157099834,-3.56693727467005,34.2568293092469));
#3116=CARTESIAN_POINT('Ctrl Pts',(3.91768269523272,-3.10672855258937,37.1614714470078));
#3117=CARTESIAN_POINT('Ctrl Pts',(3.92436076316274,-3.09830729829433,37.1305922907674));
#3118=CARTESIAN_POINT('Ctrl Pts',(3.93149595586463,-3.08458281661815,37.0927131139345));
#3119=CARTESIAN_POINT('Ctrl Pts',(3.93653119613241,-3.04959149416858,37.0441984283559));
#3120=CARTESIAN_POINT('Ctrl Pts',(3.93720366342718,-3.03511908974374,37.0293540305595));
#3121=CARTESIAN_POINT('Ctrl Pts',(3.93553712282826,-3.00365706541251,37.0089695400565));
#3122=CARTESIAN_POINT('Ctrl Pts',(3.93377319870813,-2.98840420252151,37.0027204720313));
#3123=CARTESIAN_POINT('Ctrl Pts',(3.92797069586761,-2.95438870049112,36.9956808661722));
#3124=CARTESIAN_POINT('Ctrl Pts',(3.92390961608003,-2.9364358647137,36.9956326530678));
#3125=CARTESIAN_POINT('Ctrl Pts',(3.91184344291552,-2.89135724614976,37.0017758288226));
#3126=CARTESIAN_POINT('Ctrl Pts',(3.90279757216278,-2.86442468803318,37.0115364759784));
#3127=CARTESIAN_POINT('Ctrl Pts',(3.87241502237289,-2.78445293449591,37.0499611138966));
#3128=CARTESIAN_POINT('Ctrl Pts',(3.84539256906064,-2.72995705772385,37.092534335884));
#3129=CARTESIAN_POINT('Ctrl Pts',(3.73315844283341,-2.52987096157287,37.2673130921277));
#3130=CARTESIAN_POINT('Ctrl Pts',(3.60517234113351,-2.37666437981539,37.4607199511693));
#3131=CARTESIAN_POINT('Ctrl Pts',(3.28767818678945,-1.99973774097906,37.7969150047589));
#3132=CARTESIAN_POINT('Ctrl Pts',(3.18729333167484,-1.85640913355905,37.8516839206584));
#3133=CARTESIAN_POINT('Ctrl Pts',(3.07005768759717,-1.64654149115351,37.9107333951816));
#3134=CARTESIAN_POINT('Ctrl Pts',(3.02357855329373,-1.53730145257076,37.9227061184623));
#3135=CARTESIAN_POINT('Ctrl Pts',(2.95215627466507,-1.28335240401362,37.923919666305));
#3136=CARTESIAN_POINT('Ctrl Pts',(2.93383712403047,-1.14231115279982,37.9096459277152));
#3137=CARTESIAN_POINT('Ctrl Pts',(2.93314437370134,-0.844562423265338,37.8700592085399));
#3138=CARTESIAN_POINT('Ctrl Pts',(2.95474975133091,-0.675573052900031,37.8415412560115));
#3139=CARTESIAN_POINT('Ctrl Pts',(3.00644480830258,-0.494840901713661,37.8111405828212));
#3140=CARTESIAN_POINT('Ctrl Pts',(3.00715414673361,-0.492378924103286,37.8107264526978));
#3141=CARTESIAN_POINT('Ctrl Pts',(3.00786822516788,-0.489918280562442,37.8103125554769));
#3142=CARTESIAN_POINT('Ctrl Pts',(-4.23101021635393,-3.33324308319264,34.4905235007243));
#3143=CARTESIAN_POINT('Ctrl Pts',(-4.20760300039933,-3.2818633077231,34.0901440424795));
#3144=CARTESIAN_POINT('Ctrl Pts',(-4.10722593566757,-3.3519622720124,33.3625224647867));
#3145=CARTESIAN_POINT('Ctrl Pts',(-3.63607167214815,-4.09131882214132,32.4978399309961));
#3146=CARTESIAN_POINT('Ctrl Pts',(-2.62450016181723,-5.22625503541624,31.9934828205858));
#3147=CARTESIAN_POINT('Ctrl Pts',(-0.94203671755858,-6.05867862454171,31.7285370892525));
#3148=CARTESIAN_POINT('Ctrl Pts',(0.93607259554338,-6.05753869118583,31.7269783521871));
#3149=CARTESIAN_POINT('Ctrl Pts',(2.62083783610767,-5.23408540052781,31.9972326035137));
#3150=CARTESIAN_POINT('Ctrl Pts',(3.6330320049477,-4.09289730412145,32.4933496432514));
#3151=CARTESIAN_POINT('Ctrl Pts',(4.10827132353128,-3.34992968640317,33.3628493510796));
#3152=CARTESIAN_POINT('Ctrl Pts',(4.20766321284984,-3.28199547646089,34.0911739739486));
#3153=CARTESIAN_POINT('Ctrl Pts',(4.23101021635393,-3.33324308319264,34.4905235007243));
#3154=CARTESIAN_POINT('Ctrl Pts',(-4.2546521496711,-2.90646977718021,34.4162494942394));
#3155=CARTESIAN_POINT('Ctrl Pts',(-4.24055648233429,-2.88960272831755,33.9697689124398));
#3156=CARTESIAN_POINT('Ctrl Pts',(-4.14160165723513,-3.01081418628654,33.1358796233707));
#3157=CARTESIAN_POINT('Ctrl Pts',(-3.61708186813065,-3.74555324149496,32.0701194183595));
#3158=CARTESIAN_POINT('Ctrl Pts',(-2.51820835606913,-4.75035622051115,31.4034645381073));
#3159=CARTESIAN_POINT('Ctrl Pts',(-0.869120563952422,-5.40217837368182,
31.0788098890563));
#3160=CARTESIAN_POINT('Ctrl Pts',(0.864644617953387,-5.40225628298476,31.0766413103822));
#3161=CARTESIAN_POINT('Ctrl Pts',(2.51310372164312,-4.7576719089489,31.4065187960439));
#3162=CARTESIAN_POINT('Ctrl Pts',(3.61387582564803,-3.74680654647699,32.0651388649647));
#3163=CARTESIAN_POINT('Ctrl Pts',(4.1426383933393,-3.00898788397403,33.1364729396597));
#3164=CARTESIAN_POINT('Ctrl Pts',(4.24059274186527,-2.88964611691818,33.9709174339039));
#3165=CARTESIAN_POINT('Ctrl Pts',(4.2546521496711,-2.90646977718022,34.4162494942394));
#3166=CARTESIAN_POINT('Ctrl Pts',(-4.35950063455375,-2.48527856190989,34.3365520212656));
#3167=CARTESIAN_POINT('Ctrl Pts',(-4.34454473209979,-2.50558151624915,33.84127457676));
#3168=CARTESIAN_POINT('Ctrl Pts',(-4.24304336993967,-2.68270145921192,32.8962717133234));
#3169=CARTESIAN_POINT('Ctrl Pts',(-3.70836213622792,-3.44160624042619,31.6008690105466));
#3170=CARTESIAN_POINT('Ctrl Pts',(-2.58677331176065,-4.41157818205269,30.6784945074029));
#3171=CARTESIAN_POINT('Ctrl Pts',(-0.894685446570865,-5.02332003821128,
30.160145391855));
#3172=CARTESIAN_POINT('Ctrl Pts',(0.890023609658412,-5.02365913138986,30.1581233285422));
#3173=CARTESIAN_POINT('Ctrl Pts',(2.5816164445736,-4.41813228387183,30.681028607716));
#3174=CARTESIAN_POINT('Ctrl Pts',(3.70508409244332,-3.44308596047271,31.5949042275884));
#3175=CARTESIAN_POINT('Ctrl Pts',(4.24410563726165,-2.68097539762621,32.897206080938));
#3176=CARTESIAN_POINT('Ctrl Pts',(4.34458320448959,-2.50552928916517,33.842548622707));
#3177=CARTESIAN_POINT('Ctrl Pts',(4.35950063455375,-2.48527856190989,34.3365520212656));
#3178=CARTESIAN_POINT('Ctrl Pts',(-4.53845386529314,-2.09819839686473,34.2568293092469));
#3179=CARTESIAN_POINT('Ctrl Pts',(-4.51334577897506,-2.15250779466558,33.7127440992711));
#3180=CARTESIAN_POINT('Ctrl Pts',(-4.40567487908979,-2.38696198798021,32.6566493572327));
#3181=CARTESIAN_POINT('Ctrl Pts',(-3.90028449261569,-3.21039918312304,31.1314801418282));
#3182=CARTESIAN_POINT('Ctrl Pts',(-2.81520778603232,-4.27506938698016,29.9521198981358));
#3183=CARTESIAN_POINT('Ctrl Pts',(-1.01048921260609,-5.03052911910282,29.2353162113194));
#3184=CARTESIAN_POINT('Ctrl Pts',(1.00409171148255,-5.0299600104148,29.2335850256678));
#3185=CARTESIAN_POINT('Ctrl Pts',(2.81127933976946,-4.28066386041207,29.954189441341));
#3186=CARTESIAN_POINT('Ctrl Pts',(3.89702394994391,-3.2127976461589,31.1244909489027));
#3187=CARTESIAN_POINT('Ctrl Pts',(4.40679622939341,-2.38519485100194,32.6579477907795));
#3188=CARTESIAN_POINT('Ctrl Pts',(4.51341036672474,-2.15236808980133,33.7141436977473));
#3189=CARTESIAN_POINT('Ctrl Pts',(4.53845386529314,-2.09819839686473,34.2568293092469));
#3190=CARTESIAN_POINT('',(-4.53845386529314,-2.09819839686473,34.2568293092469));
#3191=CARTESIAN_POINT('Ctrl Pts',(-4.49375569888844,-2.19299310456368,33.6121487673377));
#3192=CARTESIAN_POINT('Ctrl Pts',(-4.51362384318763,-2.1520323460693,33.8219668429758));
#3193=CARTESIAN_POINT('Ctrl Pts',(-4.52836018724528,-2.12003126653987,34.0381021282693));
#3194=CARTESIAN_POINT('Ctrl Pts',(-4.53845386529314,-2.09819839686473,34.2568293092469));
#3195=CARTESIAN_POINT('Origin',(-7.71537157099834,-3.56693727467005,34.2568293092469));
#3196=CARTESIAN_POINT('Ctrl Pts',(4.23174815587489,3.33490663786073,34.485110018976));
#3197=CARTESIAN_POINT('Ctrl Pts',(4.20869212592878,3.28153586882937,34.0810493348506));
#3198=CARTESIAN_POINT('Ctrl Pts',(4.11038402215282,3.34769086109211,33.3551703516789));
#3199=CARTESIAN_POINT('Ctrl Pts',(3.63861340812213,4.08749504464438,32.4805087754916));
#3200=CARTESIAN_POINT('Ctrl Pts',(2.62674139930989,5.2252825856176,31.9763854615856));
#3201=CARTESIAN_POINT('Ctrl Pts',(0.939219394099278,6.05976572233429,31.7099665349501));
#3202=CARTESIAN_POINT('Ctrl Pts',(-0.93657968445641,6.0576996452305,31.7085113638564));
#3203=CARTESIAN_POINT('Ctrl Pts',(-2.62858958129583,5.22937682952126,31.981751645447));
#3204=CARTESIAN_POINT('Ctrl Pts',(-3.63828906411782,4.08519964614394,32.478086704427));
#3205=CARTESIAN_POINT('Ctrl Pts',(-4.11017102368284,3.34760801259688,33.3536665703402));
#3206=CARTESIAN_POINT('Ctrl Pts',(-4.20872837727032,3.28161978448966,34.081684645522));
#3207=CARTESIAN_POINT('Ctrl Pts',(-4.23174815587489,3.33490663786072,34.485110018976));
#3208=CARTESIAN_POINT('Ctrl Pts',(4.25509215570566,2.90703044771028,34.4123038620336));
#3209=CARTESIAN_POINT('Ctrl Pts',(4.2415843635159,2.88860045500203,33.9619275593735));
#3210=CARTESIAN_POINT('Ctrl Pts',(4.14500757409815,3.00609675796388,33.1304824319907));
#3211=CARTESIAN_POINT('Ctrl Pts',(3.61996110558149,3.7421448289154,32.0532761415843));
#3212=CARTESIAN_POINT('Ctrl Pts',(2.52042905476487,4.7495921704393,31.3865066920438));
#3213=CARTESIAN_POINT('Ctrl Pts',(0.866335070154514,5.40300358832594,31.0601733836368));
#3214=CARTESIAN_POINT('Ctrl Pts',(-0.864937391738489,5.40247719584789,31.0580878168718));
#3215=CARTESIAN_POINT('Ctrl Pts',(-2.52096272983022,4.75375371932417,31.3916163973853));
#3216=CARTESIAN_POINT('Ctrl Pts',(-3.61976623312802,3.73982624263853,32.0510355413486));
#3217=CARTESIAN_POINT('Ctrl Pts',(-4.14462879860622,3.00613749534842,33.1287971557804));
#3218=CARTESIAN_POINT('Ctrl Pts',(-4.24160560202007,2.88862943275587,33.9626356927863));
#3219=CARTESIAN_POINT('Ctrl Pts',(-4.25509215570566,2.90703044771028,34.4123038620336));
#3220=CARTESIAN_POINT('Ctrl Pts',(4.3599679138455,2.48465151806325,34.3341601520195));
#3221=CARTESIAN_POINT('Ctrl Pts',(4.34560164654884,2.50384452241484,33.8347463281979));
#3222=CARTESIAN_POINT('Ctrl Pts',(4.24652070167546,2.67735866239794,32.893007100777));
#3223=CARTESIAN_POINT('Ctrl Pts',(3.71129491141982,3.43837881141084,31.5847448343417));
#3224=CARTESIAN_POINT('Ctrl Pts',(2.58905072100452,4.41080018915815,30.661888154991));
#3225=CARTESIAN_POINT('Ctrl Pts',(0.891828644131631,5.02409367200112,30.1412436051381));
#3226=CARTESIAN_POINT('Ctrl Pts',(-0.890335059766165,5.02389715174659,30.1395207640861));
#3227=CARTESIAN_POINT('Ctrl Pts',(-2.5896661556982,4.41432934567541,30.6673550241635));
#3228=CARTESIAN_POINT('Ctrl Pts',(-3.71108703575994,3.43636999053609,31.5824060963937));
#3229=CARTESIAN_POINT('Ctrl Pts',(-4.246140687683,2.6775244379689,32.8911090234233));
#3230=CARTESIAN_POINT('Ctrl Pts',(-4.34562423484629,2.50381434496635,33.8355315640404));
#3231=CARTESIAN_POINT('Ctrl Pts',(-4.3599679138455,2.48465151806325,34.3341601520195));
#3232=CARTESIAN_POINT('Ctrl Pts',(4.53924542671701,2.09648538178275,34.2559915078061));
#3233=CARTESIAN_POINT('Ctrl Pts',(4.51451404511392,2.15003300573172,33.7075290939361));
#3234=CARTESIAN_POINT('Ctrl Pts',(4.40906244590787,2.38078984644132,32.6555184738208));
#3235=CARTESIAN_POINT('Ctrl Pts',(3.90301092220713,3.20701584777578,31.1160768789172));
#3236=CARTESIAN_POINT('Ctrl Pts',(2.81761188161273,4.27399730731551,29.9358726247668));
#3237=CARTESIAN_POINT('Ctrl Pts',(1.00746717014108,5.03152421969097,29.2161410838097));
#3238=CARTESIAN_POINT('Ctrl Pts',(-1.00463564768681,5.03016090990427,29.2149374622496));
#3239=CARTESIAN_POINT('Ctrl Pts',(-2.81959436055957,4.27609760373967,29.9417625486109));
#3240=CARTESIAN_POINT('Ctrl Pts',(-3.90266300995339,3.20569629529968,31.1136026485615));
#3241=CARTESIAN_POINT('Ctrl Pts',(-4.40883397004047,2.38108528261722,32.6534296024878));
#3242=CARTESIAN_POINT('Ctrl Pts',(-4.51455293063599,2.14994881199979,33.708391449612));
#3243=CARTESIAN_POINT('Ctrl Pts',(-4.53924542671701,2.09648538178274,34.2559915078061));
#3244=CARTESIAN_POINT('Origin',(7.71671722541891,3.56402514903067,34.2559915078061));
#3245=CARTESIAN_POINT('',(-4.53924542671701,2.09648538178274,34.2559915078061));
#3246=CARTESIAN_POINT('Origin',(-7.71671722541891,3.56402514903067,34.2559915078061));
#3247=CARTESIAN_POINT('Ctrl Pts',(-4.53924542671701,2.09648538178274,34.2559915078061));
#3248=CARTESIAN_POINT('Ctrl Pts',(-4.52938194496803,2.11784148796387,34.037251241046));
#3249=CARTESIAN_POINT('Ctrl Pts',(-4.51502407220006,2.14910718461067,33.821721231277));
#3250=CARTESIAN_POINT('Ctrl Pts',(-4.49561890725637,2.18921088025995,33.6126612082612));
#3251=CARTESIAN_POINT('Ctrl Pts',(2.72089338847631,2.48671187762793,38.8105397016908));
#3252=CARTESIAN_POINT('Ctrl Pts',(2.87935520881601,2.55180584675285,38.6888718667896));
#3253=CARTESIAN_POINT('Ctrl Pts',(3.32253423773476,2.75675795446429,38.2834888579261));
#3254=CARTESIAN_POINT('Ctrl Pts',(4.12611103324711,3.20549834539935,37.0379338332021));
#3255=CARTESIAN_POINT('Ctrl Pts',(4.29431782488081,3.47974472840319,35.5816536703823));
#3256=CARTESIAN_POINT('Ctrl Pts',(4.23174815587489,3.33490663786073,34.485110018976));
#3257=CARTESIAN_POINT('Ctrl Pts',(2.65903146438312,1.91483437836037,38.311572159657));
#3258=CARTESIAN_POINT('Ctrl Pts',(2.81161913936146,1.97078914839137,38.194818366819));
#3259=CARTESIAN_POINT('Ctrl Pts',(3.2366382707308,2.16452549289973,37.8299375624367));
#3260=CARTESIAN_POINT('Ctrl Pts',(4.04116252122142,2.6158571689229,36.7255902992065));
#3261=CARTESIAN_POINT('Ctrl Pts',(4.27652769352206,2.95934041718904,35.4061849016866));
#3262=CARTESIAN_POINT('Ctrl Pts',(4.25509215570566,2.90703044771028,34.4123038620336));
#3263=CARTESIAN_POINT('Ctrl Pts',(2.76185710539736,1.20507491573342,37.9536604015746));
#3264=CARTESIAN_POINT('Ctrl Pts',(2.92009707277894,1.25607837299135,37.8377245845336));
#3265=CARTESIAN_POINT('Ctrl Pts',(3.34681335170433,1.46280515473619,37.4888215756719));
#3266=CARTESIAN_POINT('Ctrl Pts',(4.15011303693046,1.98772490358307,36.4529118652646));
#3267=CARTESIAN_POINT('Ctrl Pts',(4.3819114103694,2.43808531259794,35.2319753142518));
#3268=CARTESIAN_POINT('Ctrl Pts',(4.3599679138455,2.48465151806325,34.3341601520195));
#3269=CARTESIAN_POINT('Ctrl Pts',(3.00878329854485,0.499536443071945,37.8084629547775));
#3270=CARTESIAN_POINT('Ctrl Pts',(3.18285676739635,0.552218888081795,37.6898147817864));
#3271=CARTESIAN_POINT('Ctrl Pts',(3.63164956771923,0.787703958528941,37.3262151886919));
#3272=CARTESIAN_POINT('Ctrl Pts',(4.43616649204503,1.41600060737226,36.2599910452153));
#3273=CARTESIAN_POINT('Ctrl Pts',(4.59988806634296,1.96518381060169,35.0734216352702));
#3274=CARTESIAN_POINT('Ctrl Pts',(4.53924542671701,2.09648538178275,34.2559915078061));
#3275=CARTESIAN_POINT('Ctrl Pts',(3.00878329854489,0.499536443071973,37.8084629547775));
#3276=CARTESIAN_POINT('Ctrl Pts',(3.00806942589018,0.501996473430469,37.808870279291));
#3277=CARTESIAN_POINT('Ctrl Pts',(3.00736027593651,0.504457838846224,37.8092778388039));
#3278=CARTESIAN_POINT('Ctrl Pts',(2.96143976987827,0.665000577060062,37.8358609960528));
#3279=CARTESIAN_POINT('Ctrl Pts',(2.93596841159049,0.827704344067281,37.8632960636707));
#3280=CARTESIAN_POINT('Ctrl Pts',(2.93277133012428,1.1348330234862,37.9044825152754));
#3281=CARTESIAN_POINT('Ctrl Pts',(2.9496951344135,1.27861984972013,37.9195261239344));
#3282=CARTESIAN_POINT('Ctrl Pts',(3.01914414429446,1.53580491549687,37.919797813428));
#3283=CARTESIAN_POINT('Ctrl Pts',(3.06456255841739,1.64591942687548,37.9088426263414));
#3284=CARTESIAN_POINT('Ctrl Pts',(3.18134059627575,1.85962329990251,37.851478987947));
#3285=CARTESIAN_POINT('Ctrl Pts',(3.2788257801535,2.00095072625737,37.7981822204077));
#3286=CARTESIAN_POINT('Ctrl Pts',(3.5911592777932,2.37433769108588,37.4745349932678));
#3287=CARTESIAN_POINT('Ctrl Pts',(3.7224630088591,2.5295517448724,37.279165844952));
#3288=CARTESIAN_POINT('Ctrl Pts',(3.83758800391317,2.73283033845123,37.1018235421534));
#3289=CARTESIAN_POINT('Ctrl Pts',(3.86524835639637,2.78805882472899,37.0586753909677));
#3290=CARTESIAN_POINT('Ctrl Pts',(3.89631970955316,2.86905682206483,37.0197504736417));
#3291=CARTESIAN_POINT('Ctrl Pts',(3.90556571059585,2.89632007090283,37.0098636077506));
#3292=CARTESIAN_POINT('Ctrl Pts',(3.91789703593975,2.94194916059945,37.0036370796641));
#3293=CARTESIAN_POINT('Ctrl Pts',(3.922047197883,2.96011809573494,37.0036804398009));
#3294=CARTESIAN_POINT('Ctrl Pts',(3.92797754084152,2.9945368274222,37.0107896130947));
#3295=CARTESIAN_POINT('Ctrl Pts',(3.92978239996421,3.00996918561831,37.0170998035155));
#3296=CARTESIAN_POINT('Ctrl Pts',(3.93149515989241,3.04180518463013,37.0376875078314));
#3297=CARTESIAN_POINT('Ctrl Pts',(3.93081745041734,3.05645536863044,37.0526790075199));
#3298=CARTESIAN_POINT('Ctrl Pts',(3.92565322444701,3.09223064172435,37.1021575531734));
#3299=CARTESIAN_POINT('Ctrl Pts',(3.91825392371665,3.10602620982226,37.1407805265653));
#3300=CARTESIAN_POINT('Ctrl Pts',(3.91164371204081,3.114328735065,37.1710876637195));
#3301=CARTESIAN_POINT('Ctrl Pts',(-3.00878329854484,0.499536443071936,37.8084629547775));
#3302=CARTESIAN_POINT('Ctrl Pts',(-3.18285629898102,0.552218746318281,37.6898151010575));
#3303=CARTESIAN_POINT('Ctrl Pts',(-3.63165442817596,0.787706960124134,37.3262104534108));
#3304=CARTESIAN_POINT('Ctrl Pts',(-4.43616952949452,1.41600498962113,36.2599828415842));
#3305=CARTESIAN_POINT('Ctrl Pts',(-4.59988790315928,1.96518416392196,35.0734194356421));
#3306=CARTESIAN_POINT('Ctrl Pts',(-4.53924542671701,2.09648538178274,34.2559915078061));
#3307=CARTESIAN_POINT('Ctrl Pts',(-2.76185710539735,1.20507491573341,37.9536604015747));
#3308=CARTESIAN_POINT('Ctrl Pts',(-2.92009664697007,1.25607823574584,37.8377248965059));
#3309=CARTESIAN_POINT('Ctrl Pts',(-3.34681805854474,1.462807711738,37.4888170364914));
#3310=CARTESIAN_POINT('Ctrl Pts',(-4.15011641239916,1.9877285160897,36.4529036786943));
#3311=CARTESIAN_POINT('Ctrl Pts',(-4.38191135132147,2.43808543790332,35.231972898315));
#3312=CARTESIAN_POINT('Ctrl Pts',(-4.35996791384551,2.48465151806325,34.3341601520195));
#3313=CARTESIAN_POINT('Ctrl Pts',(-2.65903146438311,1.91483437836036,38.3115721596571));
#3314=CARTESIAN_POINT('Ctrl Pts',(-2.81161872876238,1.97078899782234,38.1948186809925));
#3315=CARTESIAN_POINT('Ctrl Pts',(-3.23664297477441,2.16452778806738,37.8299327653629));
#3316=CARTESIAN_POINT('Ctrl Pts',(-4.04116593141732,2.61586008161671,36.7255814860213));
#3317=CARTESIAN_POINT('Ctrl Pts',(-4.27652763584099,2.95934027642794,35.4061822272454));
#3318=CARTESIAN_POINT('Ctrl Pts',(-4.25509215570566,2.90703044771028,34.4123038620336));
#3319=CARTESIAN_POINT('Ctrl Pts',(-2.72089338847629,2.48671187762792,38.8105397016908));
#3320=CARTESIAN_POINT('Ctrl Pts',(-2.87935478241014,2.55180567159109,38.6888721941864));
#3321=CARTESIAN_POINT('Ctrl Pts',(-3.3225390739508,2.75676032949143,38.283483453679));
#3322=CARTESIAN_POINT('Ctrl Pts',(-4.12611412872545,3.20550098091373,37.0379239588298));
#3323=CARTESIAN_POINT('Ctrl Pts',(-4.29431765651166,3.47974433865761,35.5816507196857));
#3324=CARTESIAN_POINT('Ctrl Pts',(-4.23174815587489,3.33490663786072,34.485110018976));
#3325=CARTESIAN_POINT('',(-3.00878329854484,0.499536443071933,37.8084629547775));
#3326=CARTESIAN_POINT('Ctrl Pts',(-3.91164371204078,3.11432873506488,37.1710876637195));
#3327=CARTESIAN_POINT('Ctrl Pts',(-3.91825392348064,3.10602621011853,37.1407805276472));
#3328=CARTESIAN_POINT('Ctrl Pts',(-3.92565322418268,3.09223064240288,37.1021575547205));
#3329=CARTESIAN_POINT('Ctrl Pts',(-3.93081745033764,3.05645536977937,37.0526790087938));
#3330=CARTESIAN_POINT('Ctrl Pts',(-3.93149515989196,3.04180518579625,37.0376875088224));
#3331=CARTESIAN_POINT('Ctrl Pts',(-3.92978240007885,3.00996918679364,37.0170998040828));
#3332=CARTESIAN_POINT('Ctrl Pts',(-3.92797754100636,2.99453682861481,37.010789613489));
#3333=CARTESIAN_POINT('Ctrl Pts',(-3.9220471981742,2.9601180971682,37.0036804399359));
#3334=CARTESIAN_POINT('Ctrl Pts',(-3.91789703634043,2.94194916228017,37.0036370796127));
#3335=CARTESIAN_POINT('Ctrl Pts',(-3.90556571145377,2.89632007376794,37.0098636070815));
#3336=CARTESIAN_POINT('Ctrl Pts',(-3.89631971087086,2.86905682587973,37.0197504722037));
#3337=CARTESIAN_POINT('Ctrl Pts',(-3.86524836063163,2.78805883490658,37.0586753851784));
#3338=CARTESIAN_POINT('Ctrl Pts',(-3.83758801196999,2.73283035437985,37.1018235297791));
#3339=CARTESIAN_POINT('Ctrl Pts',(-3.72246305087355,2.52955181317428,37.2791657801049));
#3340=CARTESIAN_POINT('Ctrl Pts',(-3.59115937589461,2.37433780174004,37.474534858193));
#3341=CARTESIAN_POINT('Ctrl Pts',(-3.27882584722204,2.00095081324681,37.7981821852735));
#3342=CARTESIAN_POINT('Ctrl Pts',(-3.18134063844918,1.85962336033056,37.8514789601091));
#3343=CARTESIAN_POINT('Ctrl Pts',(-3.06456260718291,1.64591953226235,37.9088426092517));
#3344=CARTESIAN_POINT('Ctrl Pts',(-3.01914418654982,1.5358050314268,37.9197978057761));
#3345=CARTESIAN_POINT('Ctrl Pts',(-2.94969515954018,1.27861999050595,37.9195261332351));
#3346=CARTESIAN_POINT('Ctrl Pts',(-2.93277134304329,1.13483318055406,37.9044825325407));
#3347=CARTESIAN_POINT('Ctrl Pts',(-2.93596839364409,0.827704470796987,37.8632960850044));
#3348=CARTESIAN_POINT('Ctrl Pts',(-2.96143973120634,0.665000714055009,37.8358610185488));
#3349=CARTESIAN_POINT('Ctrl Pts',(-3.00736027633126,0.504457837389207,37.809277838575));
#3350=CARTESIAN_POINT('Ctrl Pts',(-3.00806942470741,0.501996477506276,37.8088702799659));
#3351=CARTESIAN_POINT('Ctrl Pts',(-3.00878329854488,0.499536443071962,37.8084629547775));
#3352=CARTESIAN_POINT('Ctrl Pts',(-3.00878329854484,0.499536443071936,37.8084629547775));
#3353=CARTESIAN_POINT('Ctrl Pts',(-3.18285629898102,0.552218746318281,37.6898151010575));
#3354=CARTESIAN_POINT('Ctrl Pts',(-3.63165442817596,0.787706960124134,37.3262104534108));
#3355=CARTESIAN_POINT('Ctrl Pts',(-4.43616952949452,1.41600498962113,36.2599828415842));
#3356=CARTESIAN_POINT('Ctrl Pts',(-4.59988790315928,1.96518416392196,35.0734194356421));
#3357=CARTESIAN_POINT('Ctrl Pts',(-4.53924542671701,2.09648538178274,34.2559915078061));
#3358=CARTESIAN_POINT('Ctrl Pts',(-4.24980343434515,2.63423058395202,34.2830585899012));
#3359=CARTESIAN_POINT('Ctrl Pts',(-4.65549761346923,1.97972428285641,34.2450333297459));
#3360=CARTESIAN_POINT('Ctrl Pts',(-5.27661185654156,0.164336873507197,34.187609250787));
#3361=CARTESIAN_POINT('Ctrl Pts',(-4.78947440155328,-1.76368028294386,34.2331136752651));
#3362=CARTESIAN_POINT('Ctrl Pts',(-4.24966698272637,-2.63445070857766,34.2840340678536));
#3363=CARTESIAN_POINT('Ctrl Pts',(-4.40725446579405,2.38021488074472,35.1908703090407));
#3364=CARTESIAN_POINT('Ctrl Pts',(-4.7308392224558,1.76933573071773,35.1381930395066));
#3365=CARTESIAN_POINT('Ctrl Pts',(-5.21334038088371,0.142471938057595,35.060900615201));
#3366=CARTESIAN_POINT('Ctrl Pts',(-4.83845103712091,-1.56566520321651,35.1216505158171));
#3367=CARTESIAN_POINT('Ctrl Pts',(-4.40822006760518,-2.37868664830314,35.1922161206135));
#3368=CARTESIAN_POINT('Ctrl Pts',(-4.18319961020052,1.62813080015739,36.7740784869984));
#3369=CARTESIAN_POINT('Ctrl Pts',(-4.3595370246355,1.19858026204559,36.6974454397454));
#3370=CARTESIAN_POINT('Ctrl Pts',(-4.61617279441649,0.0956435273957543,
36.5872475649307));
#3371=CARTESIAN_POINT('Ctrl Pts',(-4.41903897489563,-1.05105776821386,36.6733663235977));
#3372=CARTESIAN_POINT('Ctrl Pts',(-4.18501661892553,-1.62286297213247,36.7760472716505));
#3373=CARTESIAN_POINT('Ctrl Pts',(-3.1775144462997,0.623838560280436,37.7575628120091));
#3374=CARTESIAN_POINT('Ctrl Pts',(-3.2455823427032,0.46275843000828,37.7121893951676));
#3375=CARTESIAN_POINT('Ctrl Pts',(-3.34680037661974,0.0404633195309247,
37.6456701832291));
#3376=CARTESIAN_POINT('Ctrl Pts',(-3.26851972591125,-0.401252461089538,
37.6979410130807));
#3377=CARTESIAN_POINT('Ctrl Pts',(-3.17818306615808,-0.615611859009417,
37.7587230982557));
#3378=CARTESIAN_POINT('Ctrl Pts',(-2.65896496137527,0.202114644515734,38.0165292949506));
#3379=CARTESIAN_POINT('Ctrl Pts',(-2.68939202480958,0.153026671933564,37.9975166648729));
#3380=CARTESIAN_POINT('Ctrl Pts',(-2.73597559304,0.0168726162323665,37.9688046253935));
#3381=CARTESIAN_POINT('Ctrl Pts',(-2.6994402839159,-0.127728670501433,37.9915568376325));
#3382=CARTESIAN_POINT('Ctrl Pts',(-2.65895472750386,-0.193036452423994,
38.0170170339268));
#3383=CARTESIAN_POINT('',(-2.65896496137527,0.202114644515731,38.0165292949506));
#3384=CARTESIAN_POINT('Origin',(-0.637470515151777,0.395134587592794,34.2830585899012));
#3385=CARTESIAN_POINT('',(-2.65895472750386,-0.193036452423991,38.0170170339268));
#3386=CARTESIAN_POINT('Ctrl Pts',(-2.65896496137527,0.202114644515734,38.0165292949506));
#3387=CARTESIAN_POINT('Ctrl Pts',(-2.68939202480958,0.153026671933564,37.9975166648729));
#3388=CARTESIAN_POINT('Ctrl Pts',(-2.73597559304,0.0168726162323665,37.9688046253935));
#3389=CARTESIAN_POINT('Ctrl Pts',(-2.6994402839159,-0.127728670501433,37.9915568376325));
#3390=CARTESIAN_POINT('Ctrl Pts',(-2.65895472750386,-0.193036452423994,
38.0170170339268));
#3391=CARTESIAN_POINT('',(-3.00786822516784,-0.489918280562423,37.8103125554769));
#3392=CARTESIAN_POINT('Origin',(-0.637450047408956,-0.395167606286649,34.2840340678536));
#3393=CARTESIAN_POINT('Ctrl Pts',(-4.53845386529314,-2.09819839686474,34.2568293092469));
#3394=CARTESIAN_POINT('Ctrl Pts',(-4.60064084847328,-1.96368644861116,35.0747717127635));
#3395=CARTESIAN_POINT('Ctrl Pts',(-4.43757509134173,-1.41083673497213,36.2618582408518));
#3396=CARTESIAN_POINT('Ctrl Pts',(-3.631839700894,-0.779322910460547,37.3282200968011));
#3397=CARTESIAN_POINT('Ctrl Pts',(-3.18230402232055,-0.542780856025372,
37.6916337413785));
#3398=CARTESIAN_POINT('Ctrl Pts',(-3.00786822516784,-0.489918280562426,
37.8103125554769));
#3399=CARTESIAN_POINT('Ctrl Pts',(-4.5364428737263,-2.09727453409915,34.257005931471));
#3400=CARTESIAN_POINT('Ctrl Pts',(-4.88477300253555,-1.33278600555471,34.2242041706551));
#3401=CARTESIAN_POINT('Ctrl Pts',(-5.16623449997233,0.15281775872746,34.1978605526503));
#3402=CARTESIAN_POINT('Ctrl Pts',(-4.78099672494847,1.57066600268729,34.2334364051746));
#3403=CARTESIAN_POINT('Ctrl Pts',(-4.53877021549621,2.09626451815503,34.2560347338131));
#3404=CARTESIAN_POINT('Ctrl Pts',(-3.83628444384187,3.20669949729265,37.5));
#3405=CARTESIAN_POINT('Ctrl Pts',(-3.91322892437769,3.11464817974066,37.1797159982258));
#3406=CARTESIAN_POINT('Ctrl Pts',(-4.03910024730579,2.9512609190355,36.5709789011523));
#3407=CARTESIAN_POINT('Ctrl Pts',(-4.1791421895154,2.74747621859543,35.6361561982461));
#3408=CARTESIAN_POINT('Ctrl Pts',(-4.23574289398638,2.65671720334087,34.9408103728795));
#3409=CARTESIAN_POINT('Ctrl Pts',(-4.24800964964628,2.63718421907492,34.5594841713059));
#3410=CARTESIAN_POINT('Ctrl Pts',(-4.24988897264185,2.63408550416826,34.4092308003473));
#3411=CARTESIAN_POINT('Ctrl Pts',(-4.25003099639038,2.63386568372912,34.3432677013622));
#3412=CARTESIAN_POINT('Ctrl Pts',(-4.24995165785827,2.63399114445612,34.3080679816458));
#3413=CARTESIAN_POINT('Ctrl Pts',(-4.24985986891187,2.63413953808195,34.291265493311));
#3414=CARTESIAN_POINT('Ctrl Pts',(-4.24980343434518,2.63423058395197,34.2830585899012));
#3415=CARTESIAN_POINT('Ctrl Pts',(-3.65052049749619,2.97104976476196,37.8370290165813));
#3416=CARTESIAN_POINT('Ctrl Pts',(-3.73280050447693,2.8670972240271,37.5681932003861));
#3417=CARTESIAN_POINT('Ctrl Pts',(-3.88250598643275,2.67638437151009,37.0613915571866));
#3418=CARTESIAN_POINT('Ctrl Pts',(-4.1105483013819,2.4361719384435,36.291384215874));
#3419=CARTESIAN_POINT('Ctrl Pts',(-4.27708653214088,2.3422524896969,35.7209659033101));
#3420=CARTESIAN_POINT('Ctrl Pts',(-4.35897007256967,2.3477066221453,35.4113659074632));
#3421=CARTESIAN_POINT('Ctrl Pts',(-4.38699192480496,2.36130265010631,35.2909049052452));
#3422=CARTESIAN_POINT('Ctrl Pts',(-4.39805797810248,2.37026841885482,35.2384378167148));
#3423=CARTESIAN_POINT('Ctrl Pts',(-4.40358018007821,2.37582080023846,35.2105840861307));
#3424=CARTESIAN_POINT('Ctrl Pts',(-4.40606891263506,2.37872932585168,35.197330295653));
#3425=CARTESIAN_POINT('Ctrl Pts',(-4.40725446579407,2.38021488074468,35.1908703090407));
#3426=CARTESIAN_POINT('Ctrl Pts',(-3.21005269661504,2.59511498234719,38.3885401715632));
#3427=CARTESIAN_POINT('Ctrl Pts',(-3.27668505066387,2.47222175147081,38.2060975221437));
#3428=CARTESIAN_POINT('Ctrl Pts',(-3.41084503751771,2.23395190200729,37.8732934942881));
#3429=CARTESIAN_POINT('Ctrl Pts',(-3.66454530935888,1.89398381069083,37.3971143439792));
#3430=CARTESIAN_POINT('Ctrl Pts',(-3.90991363981002,1.70639819545849,37.0678784016199));
#3431=CARTESIAN_POINT('Ctrl Pts',(-4.06488432219515,1.64881532443524,36.8951881461438));
#3432=CARTESIAN_POINT('Ctrl Pts',(-4.12847503269926,1.63460912165679,36.8288267710542));
#3433=CARTESIAN_POINT('Ctrl Pts',(-4.15695701317248,1.63058151107796,36.8000717682343));
#3434=CARTESIAN_POINT('Ctrl Pts',(-4.17225228241395,1.62895718155497,36.7848333099023));
#3435=CARTESIAN_POINT('Ctrl Pts',(-4.17959393107936,1.62837115554381,36.7775952951902));
#3436=CARTESIAN_POINT('Ctrl Pts',(-4.18318529989311,1.62812608352561,36.7740677630354));
#3437=CARTESIAN_POINT('Ctrl Pts',(-2.60664549373107,2.31570865092261,38.8249583827415));
#3438=CARTESIAN_POINT('Ctrl Pts',(-2.62313472239853,2.1847293487582,38.7063153725713));
#3439=CARTESIAN_POINT('Ctrl Pts',(-2.65641331427558,1.9160124303154,38.4938628142127));
#3440=CARTESIAN_POINT('Ctrl Pts',(-2.74942140711431,1.46659869085334,38.1998950097916));
#3441=CARTESIAN_POINT('Ctrl Pts',(-2.88528831043488,1.09715258085279,37.9935546545255));
#3442=CARTESIAN_POINT('Ctrl Pts',(-3.02252531935727,0.84693633535007,37.86573762828));
#3443=CARTESIAN_POINT('Ctrl Pts',(-3.09778968876214,0.731958600396979,37.8093955630177));
#3444=CARTESIAN_POINT('Ctrl Pts',(-3.13710259450864,0.67705312324877,37.7829314973855));
#3445=CARTESIAN_POINT('Ctrl Pts',(-3.16003584192996,0.646401978889586,37.7682855832713));
#3446=CARTESIAN_POINT('Ctrl Pts',(-3.17166179683115,0.631319659660566,37.7611112395897));
#3447=CARTESIAN_POINT('Ctrl Pts',(-3.1775144462997,0.623838560280424,37.7575628120091));
#3448=CARTESIAN_POINT('Ctrl Pts',(-2.32557095282199,2.2170483512322,38.9855939071977));
#3449=CARTESIAN_POINT('Ctrl Pts',(-2.3162296186995,2.08534148831949,38.8883560775266));
#3450=CARTESIAN_POINT('Ctrl Pts',(-2.29616675686115,1.80874623254508,38.7134415325297));
#3451=CARTESIAN_POINT('Ctrl Pts',(-2.29921282301396,1.3171711483872,38.4647754544473));
#3452=CARTESIAN_POINT('Ctrl Pts',(-2.36929381125506,0.865909167517775,38.2755876354822));
#3453=CARTESIAN_POINT('Ctrl Pts',(-2.49065913542444,0.52377733935062,38.1411503972839));
#3454=CARTESIAN_POINT('Ctrl Pts',(-2.56900363456356,0.359933469339527,38.0776224503969));
#3455=CARTESIAN_POINT('Ctrl Pts',(-2.61253553109603,0.280195809519906,38.046756827952));
#3456=CARTESIAN_POINT('Ctrl Pts',(-2.63865566648054,0.235337695080094,38.0293944175526));
#3457=CARTESIAN_POINT('Ctrl Pts',(-2.65212666989637,0.213146858168222,38.020802264195));
#3458=CARTESIAN_POINT('Ctrl Pts',(-2.65896496137527,0.20211464451573,38.0165292949506));
#3459=CARTESIAN_POINT('',(-2.32557095282199,2.21704835123221,38.9855939071977));
#3460=CARTESIAN_POINT('Origin',(0.0293175019547903,4.42500200102575,36.2211878143954));
#3461=CARTESIAN_POINT('Ctrl Pts',(-2.32557095282199,2.2170483512322,38.9855939071977));
#3462=CARTESIAN_POINT('Ctrl Pts',(-2.3162296186995,2.08534148831949,38.8883560775266));
#3463=CARTESIAN_POINT('Ctrl Pts',(-2.29616675686115,1.80874623254508,38.7134415325297));
#3464=CARTESIAN_POINT('Ctrl Pts',(-2.29921282301396,1.3171711483872,38.4647754544473));
#3465=CARTESIAN_POINT('Ctrl Pts',(-2.36929381125506,0.865909167517775,38.2755876354822));
#3466=CARTESIAN_POINT('Ctrl Pts',(-2.49065913542444,0.52377733935062,38.1411503972839));
#3467=CARTESIAN_POINT('Ctrl Pts',(-2.56900363456356,0.359933469339527,38.0776224503969));
#3468=CARTESIAN_POINT('Ctrl Pts',(-2.61253553109603,0.280195809519906,38.046756827952));
#3469=CARTESIAN_POINT('Ctrl Pts',(-2.63865566648054,0.235337695080094,38.0293944175526));
#3470=CARTESIAN_POINT('Ctrl Pts',(-2.65212666989637,0.213146858168222,38.020802264195));
#3471=CARTESIAN_POINT('Ctrl Pts',(-2.65896496137527,0.20211464451573,38.0165292949506));
#3472=CARTESIAN_POINT('Ctrl Pts',(-2.71998755859606,-2.46958516108485,38.812669690636));
#3473=CARTESIAN_POINT('Ctrl Pts',(-2.87873019318604,-2.53514923510827,38.691246505153));
#3474=CARTESIAN_POINT('Ctrl Pts',(-3.32268966338127,-2.74162692795509,38.2865644553875));
#3475=CARTESIAN_POINT('Ctrl Pts',(-4.12748711198224,-3.19480856161955,37.0421266105597));
#3476=CARTESIAN_POINT('Ctrl Pts',(-4.295085282127,-3.47389041600666,35.5865248436852));
#3477=CARTESIAN_POINT('Ctrl Pts',(-4.23101021635393,-3.33324308319264,34.4905235007243));
#3478=CARTESIAN_POINT('Ctrl Pts',(-2.65916132187127,-1.89986778579673,38.3146011911564));
#3479=CARTESIAN_POINT('Ctrl Pts',(-2.81204946737307,-1.95625176231403,38.1979094818356));
#3480=CARTESIAN_POINT('Ctrl Pts',(-3.23781638783553,-2.1514730882865,37.8333426908451));
#3481=CARTESIAN_POINT('Ctrl Pts',(-4.04328985699979,-2.6070200885936,36.7292323505603));
#3482=CARTESIAN_POINT('Ctrl Pts',(-4.2777031268592,-2.95491396328918,35.4099865538492));
#3483=CARTESIAN_POINT('Ctrl Pts',(-4.2546521496711,-2.90646977718022,34.4162494942394));
#3484=CARTESIAN_POINT('Ctrl Pts',(-2.76194207035731,-1.19307616218358,37.9567341005011));
#3485=CARTESIAN_POINT('Ctrl Pts',(-2.92051153408089,-1.2443939704728,37.8407539186554));
#3486=CARTESIAN_POINT('Ctrl Pts',(-3.34796668892029,-1.45239285198325,37.4919590294187));
#3487=CARTESIAN_POINT('Ctrl Pts',(-4.15222866138659,-1.98095191067266,36.4557841300317));
#3488=CARTESIAN_POINT('Ctrl Pts',(-4.38306941025612,-2.43521504849295,35.2345762038301));
#3489=CARTESIAN_POINT('Ctrl Pts',(-4.35950063455375,-2.48527856190989,34.3365520212656));
#3490=CARTESIAN_POINT('Ctrl Pts',(-3.00786822516784,-0.489918280562426,
37.8103125554769));
#3491=CARTESIAN_POINT('Ctrl Pts',(-3.18230402232055,-0.542780856025372,
37.6916337413785));
#3492=CARTESIAN_POINT('Ctrl Pts',(-3.631839700894,-0.779322910460547,37.3282200968011));
#3493=CARTESIAN_POINT('Ctrl Pts',(-4.43757509134173,-1.41083673497213,36.2618582408518));
#3494=CARTESIAN_POINT('Ctrl Pts',(-4.60064084847328,-1.96368644861116,35.0747717127635));
#3495=CARTESIAN_POINT('Ctrl Pts',(-4.53845386529314,-2.09819839686474,34.2568293092469));
#3496=CARTESIAN_POINT('Ctrl Pts',(-3.00786822516791,-0.489918280562472,
37.8103125554768));
#3497=CARTESIAN_POINT('Ctrl Pts',(-3.00715414421779,-0.492378932772673,
37.810726454156));
#3498=CARTESIAN_POINT('Ctrl Pts',(-3.00644480265347,-0.494840921341332,
37.8111405861199));
#3499=CARTESIAN_POINT('Ctrl Pts',(-2.95474967704325,-0.675573322310432,
37.8415413013771));
#3500=CARTESIAN_POINT('Ctrl Pts',(-2.93314424853053,-0.844563165795778,
37.8700593426447));
#3501=CARTESIAN_POINT('Ctrl Pts',(-2.93383724088067,-1.14231239586682,37.9096460612106));
#3502=CARTESIAN_POINT('Ctrl Pts',(-2.9521564870368,-1.28335352355597,37.9239197357251));
#3503=CARTESIAN_POINT('Ctrl Pts',(-3.02357894639037,-1.53730253577614,37.9227060487628));
#3504=CARTESIAN_POINT('Ctrl Pts',(-3.07005820943435,-1.64654261685544,37.9107332172337));
#3505=CARTESIAN_POINT('Ctrl Pts',(-3.18729400299928,-1.8564101402539,37.8516834960706));
#3506=CARTESIAN_POINT('Ctrl Pts',(-3.28767921510143,-1.99973901624437,37.7969143203364));
#3507=CARTESIAN_POINT('Ctrl Pts',(-3.60517342971277,-2.37666562185228,37.4607184247959));
#3508=CARTESIAN_POINT('Ctrl Pts',(-3.73315890297183,-2.52987171946917,37.2673123738829));
#3509=CARTESIAN_POINT('Ctrl Pts',(-3.84539265377475,-2.72995722687432,37.0925342044507));
#3510=CARTESIAN_POINT('Ctrl Pts',(-3.87241506698929,-2.78445304273007,37.0499610523036));
#3511=CARTESIAN_POINT('Ctrl Pts',(-3.90279758609861,-2.86442472876901,37.0115364606301));
#3512=CARTESIAN_POINT('Ctrl Pts',(-3.91184345199695,-2.8913572767655,37.0017758216736));
#3513=CARTESIAN_POINT('Ctrl Pts',(-3.92390962032786,-2.93643588270326,36.9956326525215));
#3514=CARTESIAN_POINT('Ctrl Pts',(-3.92797069895578,-2.9543887158377,36.9956808676204));
#3515=CARTESIAN_POINT('Ctrl Pts',(-3.93377320045595,-2.98840421529844,37.0027204762616));
#3516=CARTESIAN_POINT('Ctrl Pts',(-3.93553712404329,-3.00365707800892,37.008969546144));
#3517=CARTESIAN_POINT('Ctrl Pts',(-3.93720366341733,-3.03511910224588,37.029354041204));
#3518=CARTESIAN_POINT('Ctrl Pts',(-3.93653119527787,-3.04959150648608,37.0441984420433));
#3519=CARTESIAN_POINT('Ctrl Pts',(-3.93149595330378,-3.08458282227972,37.0927131282338));
#3520=CARTESIAN_POINT('Ctrl Pts',(-3.92436076151089,-3.09830730037737,37.1305922984055));
#3521=CARTESIAN_POINT('Ctrl Pts',(-3.91768269523273,-3.10672855258937,37.1614714470078));
#3522=CARTESIAN_POINT('Ctrl Pts',(3.84064292834891,-3.20147808003171,37.5));
#3523=CARTESIAN_POINT('Ctrl Pts',(3.91727348446853,-3.10954847873538,37.1793640390852));
#3524=CARTESIAN_POINT('Ctrl Pts',(4.04255853588033,-2.94648770796021,36.5698621984715));
#3525=CARTESIAN_POINT('Ctrl Pts',(4.18151564602473,-2.74381065523874,35.6341878417196));
#3526=CARTESIAN_POINT('Ctrl Pts',(4.23699572967334,-2.65470632805385,34.9385428460268));
#3527=CARTESIAN_POINT('Ctrl Pts',(4.24844448880195,-2.63648324956046,34.5587495394127));
#3528=CARTESIAN_POINT('Ctrl Pts',(4.25001451956471,-2.63388281648738,34.4093018236609));
#3529=CARTESIAN_POINT('Ctrl Pts',(4.25001791839881,-2.63388679381177,34.3437923923683));
#3530=CARTESIAN_POINT('Ctrl Pts',(4.24986629715862,-2.63412886395244,34.3088487536414));
#3531=CARTESIAN_POINT('Ctrl Pts',(4.24974010476622,-2.63433275445635,34.292176186229));
#3532=CARTESIAN_POINT('Ctrl Pts',(4.24966698272638,-2.63445070857765,34.2840340678536));
#3533=CARTESIAN_POINT('Ctrl Pts',(3.65495101090068,-2.96388114683345,37.8378494937781));
#3534=CARTESIAN_POINT('Ctrl Pts',(3.73706214131634,-2.86010748141797,37.5686814763537));
#3535=CARTESIAN_POINT('Ctrl Pts',(3.88646529900974,-2.66980182536188,37.0611622357282));
#3536=CARTESIAN_POINT('Ctrl Pts',(4.1139112996825,-2.43074366304987,36.2903097749982));
#3537=CARTESIAN_POINT('Ctrl Pts',(4.27977010382396,-2.33850750224148,35.7195452117587));
#3538=CARTESIAN_POINT('Ctrl Pts',(4.36075495563244,-2.3453035989838,35.4112281886897));
#3539=CARTESIAN_POINT('Ctrl Pts',(4.38836257532833,-2.35938415414736,35.2914636425835));
#3540=CARTESIAN_POINT('Ctrl Pts',(4.39922117581142,-2.36856035583901,35.2393902753529));
#3541=CARTESIAN_POINT('Ctrl Pts',(4.40462957480865,-2.37421914527916,35.2117598524518));
#3542=CARTESIAN_POINT('Ctrl Pts',(4.40706218463561,-2.37717731158446,35.1986194815641));
#3543=CARTESIAN_POINT('Ctrl Pts',(4.40822006760519,-2.37868664830313,35.1922161206135));
#3544=CARTESIAN_POINT('Ctrl Pts',(3.21368046631536,-2.58467215243088,38.3907035942123));
#3545=CARTESIAN_POINT('Ctrl Pts',(3.28033663085822,-2.46202958663768,38.2080120363238));
#3546=CARTESIAN_POINT('Ctrl Pts',(3.41455536347407,-2.22424803424542,37.8746867758727));
#3547=CARTESIAN_POINT('Ctrl Pts',(3.66822404817457,-1.88537957481132,37.3979115981965));
#3548=CARTESIAN_POINT('Ctrl Pts',(3.91345104827917,-1.69917961841504,37.068437188106));
#3549=CARTESIAN_POINT('Ctrl Pts',(4.06761704394356,-1.64279492308325,36.8964173472173));
#3550=CARTESIAN_POINT('Ctrl Pts',(4.13076710958373,-1.629005009534,36.8304037724376));
#3551=CARTESIAN_POINT('Ctrl Pts',(4.15901106198684,-1.6251603122561,36.8018459407358));
#3552=CARTESIAN_POINT('Ctrl Pts',(4.17417119265104,-1.62362689233787,36.7867180844492));
#3553=CARTESIAN_POINT('Ctrl Pts',(4.18144480477924,-1.62308318561386,36.779536134556));
#3554=CARTESIAN_POINT('Ctrl Pts',(4.18500224965579,-1.62285826171498,36.7760365050028));
#3555=CARTESIAN_POINT('Ctrl Pts',(2.60819269858281,-2.30274224203414,38.8278473818751));
#3556=CARTESIAN_POINT('Ctrl Pts',(2.62481433167668,-2.17210208545236,38.7090301538193));
#3557=CARTESIAN_POINT('Ctrl Pts',(2.65828443133968,-1.90400511138146,38.4962082037128));
#3558=CARTESIAN_POINT('Ctrl Pts',(2.75132030277211,-1.45578345153673,38.2017774250477));
#3559=CARTESIAN_POINT('Ctrl Pts',(2.88699554113789,-1.08732621889342,37.9950149383023));
#3560=CARTESIAN_POINT('Ctrl Pts',(3.02374248303898,-0.838047509643673,37.867080734162));
#3561=CARTESIAN_POINT('Ctrl Pts',(3.09874407461397,-0.723409489214613,37.8106412876421));
#3562=CARTESIAN_POINT('Ctrl Pts',(3.13791487660683,-0.66867304240418,37.7841363355119));
#3563=CARTESIAN_POINT('Ctrl Pts',(3.16076655935944,-0.638110566425493,37.7694648243079));
#3564=CARTESIAN_POINT('Ctrl Pts',(3.17235114925275,-0.623071724380888,37.7622779103018));
#3565=CARTESIAN_POINT('Ctrl Pts',(3.17818306615808,-0.615611859009411,37.7587230982557));
#3566=CARTESIAN_POINT('Ctrl Pts',(2.32607094992086,-2.20319272548066,38.9886345169377));
#3567=CARTESIAN_POINT('Ctrl Pts',(2.31690315392347,-2.07187253113045,38.8912430403539));
#3568=CARTESIAN_POINT('Ctrl Pts',(2.29707314490086,-1.79597936908847,38.7159941600874));
#3569=CARTESIAN_POINT('Ctrl Pts',(2.30013449708845,-1.30570434690626,38.4668485554193));
#3570=CARTESIAN_POINT('Ctrl Pts',(2.36995927516566,-0.855322188952912,38.2770600718484));
#3571=CARTESIAN_POINT('Ctrl Pts',(2.49099632078585,-0.514047020526164,38.1421754634913));
#3572=CARTESIAN_POINT('Ctrl Pts',(2.56917407370337,-0.350524254921291,38.078374772836));
#3573=CARTESIAN_POINT('Ctrl Pts',(2.61261681448962,-0.270956841453904,38.0473782226769));
#3574=CARTESIAN_POINT('Ctrl Pts',(2.63868519107266,-0.226190634516079,38.0299392173894));
#3575=CARTESIAN_POINT('Ctrl Pts',(2.65212976387133,-0.204045890753229,38.0213090562969));
#3576=CARTESIAN_POINT('Ctrl Pts',(2.65895472750387,-0.193036452423988,38.0170170339268));
#3577=CARTESIAN_POINT('',(2.32607094992086,-2.20319272548066,38.9886345169377));
#3578=CARTESIAN_POINT('Origin',(-0.0283175077570617,-4.41548015239998,36.2272690338755));
#3579=CARTESIAN_POINT('Ctrl Pts',(2.32607094992086,-2.20319272548066,38.9886345169377));
#3580=CARTESIAN_POINT('Ctrl Pts',(2.31690315392347,-2.07187253113045,38.8912430403539));
#3581=CARTESIAN_POINT('Ctrl Pts',(2.29707314490086,-1.79597936908847,38.7159941600874));
#3582=CARTESIAN_POINT('Ctrl Pts',(2.30013449708845,-1.30570434690626,38.4668485554193));
#3583=CARTESIAN_POINT('Ctrl Pts',(2.36995927516566,-0.855322188952912,38.2770600718484));
#3584=CARTESIAN_POINT('Ctrl Pts',(2.49099632078585,-0.514047020526164,38.1421754634913));
#3585=CARTESIAN_POINT('Ctrl Pts',(2.56917407370337,-0.350524254921291,38.078374772836));
#3586=CARTESIAN_POINT('Ctrl Pts',(2.61261681448962,-0.270956841453904,38.0473782226769));
#3587=CARTESIAN_POINT('Ctrl Pts',(2.63868519107266,-0.226190634516079,38.0299392173894));
#3588=CARTESIAN_POINT('Ctrl Pts',(2.65212976387133,-0.204045890753229,38.0213090562969));
#3589=CARTESIAN_POINT('Ctrl Pts',(2.65895472750387,-0.193036452423988,38.0170170339268));
#3590=CARTESIAN_POINT('Ctrl Pts',(-4.24966698272638,-2.63445070857765,34.2840340678536));
#3591=CARTESIAN_POINT('Ctrl Pts',(-4.24974010533766,-2.63433275353455,34.2921762498586));
#3592=CARTESIAN_POINT('Ctrl Pts',(-4.24986667132307,-2.63412964366435,34.3088406962033));
#3593=CARTESIAN_POINT('Ctrl Pts',(-4.25002168980489,-2.63387875806165,34.343795967385));
#3594=CARTESIAN_POINT('Ctrl Pts',(-4.2500060463934,-2.63392019474762,34.4465905142645));
#3595=CARTESIAN_POINT('Ctrl Pts',(-4.24617727436272,-2.64006782590962,34.7015056285965));
#3596=CARTESIAN_POINT('Ctrl Pts',(-4.2143179520704,-2.69142015053547,35.2967298020625));
#3597=CARTESIAN_POINT('Ctrl Pts',(-4.09907594062109,-2.86848269799086,36.2691389547776));
#3598=CARTESIAN_POINT('Ctrl Pts',(-3.94281780165122,-3.07890432041391,37.0724820444798));
#3599=CARTESIAN_POINT('Ctrl Pts',(-3.84064292834891,-3.20147808003171,37.5));
#3600=CARTESIAN_POINT('Ctrl Pts',(-4.40822006760519,-2.37868664830313,35.1922161206135));
#3601=CARTESIAN_POINT('Ctrl Pts',(-4.40706217558689,-2.37717729978919,35.1986195316055));
#3602=CARTESIAN_POINT('Ctrl Pts',(-4.40463752454217,-2.37422585239042,35.2117548699675));
#3603=CARTESIAN_POINT('Ctrl Pts',(-4.39922920060685,-2.36855375254214,35.2393965405415));
#3604=CARTESIAN_POINT('Ctrl Pts',(-4.38226402124527,-2.35427307103592,35.321116488777));
#3605=CARTESIAN_POINT('Ctrl Pts',(-4.33259856625536,-2.33566218197408,35.5264396787498));
#3606=CARTESIAN_POINT('Ctrl Pts',(-4.19531259521463,-2.37122787590581,36.013136315871));
#3607=CARTESIAN_POINT('Ctrl Pts',(-3.958965253648,-2.57692094628924,36.8122085446007));
#3608=CARTESIAN_POINT('Ctrl Pts',(-3.76443337370428,-2.82551517831046,37.4789559991982));
#3609=CARTESIAN_POINT('Ctrl Pts',(-3.65495101090068,-2.96388114683346,37.8378494937781));
#3610=CARTESIAN_POINT('Ctrl Pts',(-4.18500224965578,-1.62285826171498,36.7760365050028));
#3611=CARTESIAN_POINT('Ctrl Pts',(-4.18144477697827,-1.62308318737161,36.7795361619051));
#3612=CARTESIAN_POINT('Ctrl Pts',(-4.17417311865469,-1.62362707892535,36.7867130503083));
#3613=CARTESIAN_POINT('Ctrl Pts',(-4.15900406591852,-1.62514747069296,36.8018466444445));
#3614=CARTESIAN_POINT('Ctrl Pts',(-4.11468371575029,-1.63124688277772,36.8466370254081));
#3615=CARTESIAN_POINT('Ctrl Pts',(-4.00775951609146,-1.65840709782354,36.960063402922));
#3616=CARTESIAN_POINT('Ctrl Pts',(-3.78022386423711,-1.78308527581089,37.2357253779781));
#3617=CARTESIAN_POINT('Ctrl Pts',(-3.48302327682893,-2.10468623563438,37.7143360107423));
#3618=CARTESIAN_POINT('Ctrl Pts',(-3.30255604691735,-2.42114745346043,38.1471129467488));
#3619=CARTESIAN_POINT('Ctrl Pts',(-3.21368046631536,-2.58467215243088,38.3907035942123));
#3620=CARTESIAN_POINT('Ctrl Pts',(-3.17818306615808,-0.615611859009413,
37.7587230982557));
#3621=CARTESIAN_POINT('Ctrl Pts',(-3.17235110367711,-0.623071782678705,
37.7622779380822));
#3622=CARTESIAN_POINT('Ctrl Pts',(-3.16076858620162,-0.638105457971444,
37.7694628468957));
#3623=CARTESIAN_POINT('Ctrl Pts',(-3.13791217445702,-0.668677701333236,
37.7841420899305));
#3624=CARTESIAN_POINT('Ctrl Pts',(-3.0764033561898,-0.754590206002459,37.8257368794929));
#3625=CARTESIAN_POINT('Ctrl Pts',(-2.9617753627517,-0.940504805267724,37.9183796690883));
#3626=CARTESIAN_POINT('Ctrl Pts',(-2.80519020874839,-1.28458847185207,38.1026768164337));
#3627=CARTESIAN_POINT('Ctrl Pts',(-2.6759323693911,-1.76634074615546,38.3952726192944));
#3628=CARTESIAN_POINT('Ctrl Pts',(-2.63035504923562,-2.12855400534542,38.6694231730804));
#3629=CARTESIAN_POINT('Ctrl Pts',(-2.60819269858281,-2.30274224203415,38.8278473818751));
#3630=CARTESIAN_POINT('Ctrl Pts',(-2.65895472750386,-0.193036452423992,
38.0170170339268));
#3631=CARTESIAN_POINT('Ctrl Pts',(-2.65212971053518,-0.20404597679047,38.0213090898385));
#3632=CARTESIAN_POINT('Ctrl Pts',(-2.63868624504167,-0.226183207200206,
38.0299354005994));
#3633=CARTESIAN_POINT('Ctrl Pts',(-2.61261525472637,-0.270970409681389,
38.0473838452064));
#3634=CARTESIAN_POINT('Ctrl Pts',(-2.54437175462551,-0.395827936996386,
38.0960073822705));
#3635=CARTESIAN_POINT('Ctrl Pts',(-2.43061359809987,-0.658365860133751,
38.1985997475581));
#3636=CARTESIAN_POINT('Ctrl Pts',(-2.31999736889248,-1.10460621360889,38.379237700492));
#3637=CARTESIAN_POINT('Ctrl Pts',(-2.28739554638753,-1.65318286157631,38.6327447333072));
#3638=CARTESIAN_POINT('Ctrl Pts',(-2.3138471263976,-2.02809776468147,38.8587782000247));
#3639=CARTESIAN_POINT('Ctrl Pts',(-2.32607094992086,-2.20319272548066,38.9886345169377));
#3640=CARTESIAN_POINT('',(-2.32607094992086,-2.20319272548066,38.9886345169377));
#3641=CARTESIAN_POINT('Ctrl Pts',(-2.65895472750386,-0.193036452423992,
38.0170170339268));
#3642=CARTESIAN_POINT('Ctrl Pts',(-2.65212971053518,-0.20404597679047,38.0213090898385));
#3643=CARTESIAN_POINT('Ctrl Pts',(-2.63868624504167,-0.226183207200206,
38.0299354005994));
#3644=CARTESIAN_POINT('Ctrl Pts',(-2.61261525472637,-0.270970409681389,
38.0473838452064));
#3645=CARTESIAN_POINT('Ctrl Pts',(-2.54437175462551,-0.395827936996386,
38.0960073822705));
#3646=CARTESIAN_POINT('Ctrl Pts',(-2.43061359809987,-0.658365860133751,
38.1985997475581));
#3647=CARTESIAN_POINT('Ctrl Pts',(-2.31999736889248,-1.10460621360889,38.379237700492));
#3648=CARTESIAN_POINT('Ctrl Pts',(-2.28739554638753,-1.65318286157631,38.6327447333072));
#3649=CARTESIAN_POINT('Ctrl Pts',(-2.3138471263976,-2.02809776468147,38.8587782000247));
#3650=CARTESIAN_POINT('Ctrl Pts',(-2.32607094992086,-2.20319272548066,38.9886345169377));
#3651=CARTESIAN_POINT('Origin',(0.0283175077570589,-4.41548015239999,36.2272690338755));
#3652=CARTESIAN_POINT('Ctrl Pts',(-3.61875774269849,3.45030323300137,38.3087914684373));
#3653=CARTESIAN_POINT('Ctrl Pts',(-3.70347276795957,3.36145215734686,38.0254116261223));
#3654=CARTESIAN_POINT('Ctrl Pts',(-3.77462105076495,3.28046952651278,37.7566759585628));
#3655=CARTESIAN_POINT('Ctrl Pts',(-3.83628444384186,3.20669949729265,37.5));
#3656=CARTESIAN_POINT('Ctrl Pts',(-3.29511131403457,3.07871306698268,38.680381634456));
#3657=CARTESIAN_POINT('Ctrl Pts',(-3.37168738594002,2.98069856301786,38.4702190789051));
#3658=CARTESIAN_POINT('Ctrl Pts',(-3.44185286460034,2.88485490729377,38.2742001111512));
#3659=CARTESIAN_POINT('Ctrl Pts',(-3.51119753773694,2.79431246536396,38.0898007790173));
#3660=CARTESIAN_POINT('Ctrl Pts',(-2.85541154019672,2.7579677246467,39.001126976792));
#3661=CARTESIAN_POINT('Ctrl Pts',(-2.90047670404241,2.65677392643278,38.8581540270584));
#3662=CARTESIAN_POINT('Ctrl Pts',(-2.94031327120598,2.55156047952865,38.7285568545647));
#3663=CARTESIAN_POINT('Ctrl Pts',(-2.9814115482765,2.4472557171765,38.6107776834665));
#3664=CARTESIAN_POINT('Ctrl Pts',(-2.34022970379939,2.51766251330414,39.2414321881345));
#3665=CARTESIAN_POINT('Ctrl Pts',(-2.34022970379939,2.42460478381178,39.1483744586422));
#3666=CARTESIAN_POINT('Ctrl Pts',(-2.33305710847404,2.32259837902045,39.0635204130523));
#3667=CARTESIAN_POINT('Ctrl Pts',(-2.32557095282199,2.21704835123221,38.9855939071977));
#3668=CARTESIAN_POINT('Origin',(-6.13116328540553E-15,5.02623032516962,
36.7328643762691));
#3669=CARTESIAN_POINT('Ctrl Pts',(-2.34022970379939,2.51766251330414,39.2414321881345));
#3670=CARTESIAN_POINT('Ctrl Pts',(-2.34022970379939,2.42460478381178,39.1483744586422));
#3671=CARTESIAN_POINT('Ctrl Pts',(-2.33305710847404,2.32259837902045,39.0635204130523));
#3672=CARTESIAN_POINT('Ctrl Pts',(-2.32557095282199,2.21704835123221,38.9855939071977));
#3673=CARTESIAN_POINT('Ctrl Pts',(-3.84064292834891,-3.20147808003171,37.5));
#3674=CARTESIAN_POINT('Ctrl Pts',(-3.77997158444005,-3.27426226349695,37.7538597609006));
#3675=CARTESIAN_POINT('Ctrl Pts',(-3.71004132676714,-3.35412352010067,38.0195147185859));
#3676=CARTESIAN_POINT('Ctrl Pts',(-3.62700965191915,-3.44162766505694,38.2992776335044));
#3677=CARTESIAN_POINT('Ctrl Pts',(-3.51568207281451,-2.78568344693476,38.0912366141116));
#3678=CARTESIAN_POINT('Ctrl Pts',(-3.44721923235488,-2.87495931413665,38.2736630082788));
#3679=CARTESIAN_POINT('Ctrl Pts',(-3.37796549709162,-2.96941603321103,38.4674568544721));
#3680=CARTESIAN_POINT('Ctrl Pts',(-3.30257476380875,-3.06601526993695,38.6748900286244));
#3681=CARTESIAN_POINT('Ctrl Pts',(-2.98435503013207,-2.43547493077213,38.6134645351249));
#3682=CARTESIAN_POINT('Ctrl Pts',(-2.94368822863874,-2.53830468143286,38.7299820655898));
#3683=CARTESIAN_POINT('Ctrl Pts',(-2.90424436400892,-2.64200275700323,38.8580603110133));
#3684=CARTESIAN_POINT('Ctrl Pts',(-2.85980326690646,-2.74182683113167,38.9990784674297));
#3685=CARTESIAN_POINT('Ctrl Pts',(-2.32607094992086,-2.20319272548066,38.9886345169377));
#3686=CARTESIAN_POINT('Ctrl Pts',(-2.33332944486085,-2.30716394893315,39.0657430760925));
#3687=CARTESIAN_POINT('Ctrl Pts',(-2.34022970379939,-2.4076563454581,39.1496154231658));
#3688=CARTESIAN_POINT('Ctrl Pts',(-2.34022970379938,-2.49947311042681,39.2414321881345));
#3689=CARTESIAN_POINT('Origin',(3.04335549816681E-15,-5.00804092229228,
36.7328643762691));
#3690=CARTESIAN_POINT('Ctrl Pts',(-2.32607094992086,-2.20319272548066,38.9886345169377));
#3691=CARTESIAN_POINT('Ctrl Pts',(-2.33332944486085,-2.30716394893315,39.0657430760925));
#3692=CARTESIAN_POINT('Ctrl Pts',(-2.34022970379939,-2.4076563454581,39.1496154231658));
#3693=CARTESIAN_POINT('Ctrl Pts',(-2.34022970379938,-2.49947311042681,39.2414321881345));
#3694=CARTESIAN_POINT('Ctrl Pts',(-3.11532176216641,3.91085288884309,39.7058289799809));
#3695=CARTESIAN_POINT('Ctrl Pts',(-3.11878544617352,3.90809377453444,39.697791202557));
#3696=CARTESIAN_POINT('Ctrl Pts',(-3.12223929957844,3.90533564747878,39.689752437879));
#3697=CARTESIAN_POINT('Ctrl Pts',(-3.319542672529,3.74725452632889,39.2286378366082));
#3698=CARTESIAN_POINT('Ctrl Pts',(-3.48029390257628,3.59552730743443,38.7719662247364));
#3699=CARTESIAN_POINT('Ctrl Pts',(-3.61875774269849,3.45030323300137,38.3087914684373));
#3700=CARTESIAN_POINT('Ctrl Pts',(-3.11532176216641,3.91085288884309,39.7058289799809));
#3701=CARTESIAN_POINT('Ctrl Pts',(-3.11645159977912,3.90630162887775,39.6995833482137));
#3702=CARTESIAN_POINT('Ctrl Pts',(-3.11757542903959,3.90178379645242,39.6933042889054));
#3703=CARTESIAN_POINT('Ctrl Pts',(-3.18197389344433,3.64054006141254,39.3353523015246));
#3704=CARTESIAN_POINT('Ctrl Pts',(-3.23844733700605,3.3690849331821,38.9984085989887));
#3705=CARTESIAN_POINT('Ctrl Pts',(-3.29511131403457,3.07871306698268,38.680381634456));
#3706=CARTESIAN_POINT('Ctrl Pts',(-3.11532176216641,3.91085288884309,39.7058289799809));
#3707=CARTESIAN_POINT('Ctrl Pts',(-3.11413207453899,3.90451822103568,39.7013667560557));
#3708=CARTESIAN_POINT('Ctrl Pts',(-3.11289329400301,3.89822870948787,39.6968593758699));
#3709=CARTESIAN_POINT('Ctrl Pts',(-3.04322446237669,3.53475790217007,39.4411344607674));
#3710=CARTESIAN_POINT('Ctrl Pts',(-2.96875974024634,3.16216118295212,39.2053323492187));
#3711=CARTESIAN_POINT('Ctrl Pts',(-2.85541154019672,2.7579677246467,39.001126976792));
#3712=CARTESIAN_POINT('Ctrl Pts',(-3.11532176216641,3.91085288884309,39.7058289799809));
#3713=CARTESIAN_POINT('Ctrl Pts',(-3.11177948068397,3.90275522004442,39.703129757047));
#3714=CARTESIAN_POINT('Ctrl Pts',(-3.10823129217,3.8946575512452,39.7004305341126));
#3715=CARTESIAN_POINT('Ctrl Pts',(-2.90300087028308,3.43026075941968,39.5456316035178));
#3716=CARTESIAN_POINT('Ctrl Pts',(-2.66631088315401,2.97396163635324,39.3935318958176));
#3717=CARTESIAN_POINT('Ctrl Pts',(-2.34022970379939,2.51766251330414,39.2414321881345));
#3718=CARTESIAN_POINT('Ctrl Pts',(-3.62700965191916,-3.44162766505694,38.2992776335044));
#3719=CARTESIAN_POINT('Ctrl Pts',(-3.48667851069134,-3.58951769071714,38.7721026029587));
#3720=CARTESIAN_POINT('Ctrl Pts',(-3.32330289112855,-3.74425438117089,39.2380809071911));
#3721=CARTESIAN_POINT('Ctrl Pts',(-3.1240717355172,-3.90386749796357,39.7036594013746));
#3722=CARTESIAN_POINT('Ctrl Pts',(-3.12264214229928,-3.90501080744654,39.7069927072968));
#3723=CARTESIAN_POINT('Ctrl Pts',(-3.121211159025,-3.90615423412566,39.7103258960341));
#3724=CARTESIAN_POINT('Ctrl Pts',(-3.30257476380875,-3.06601526993695,38.6748900286244));
#3725=CARTESIAN_POINT('Ctrl Pts',(-3.24411688041989,-3.36308072361762,38.9985395700587));
#3726=CARTESIAN_POINT('Ctrl Pts',(-3.18706186474144,-3.63925407444046,39.3430812139397));
#3727=CARTESIAN_POINT('Ctrl Pts',(-3.12214408886999,-3.90239114736292,39.7051357519751));
#3728=CARTESIAN_POINT('Ctrl Pts',(-3.12167757878271,-3.90427279581869,39.7077307189246));
#3729=CARTESIAN_POINT('Ctrl Pts',(-3.121211159025,-3.90615423412566,39.7103258960341));
#3730=CARTESIAN_POINT('Ctrl Pts',(-2.85980326690647,-2.74182683113167,38.9990784674297));
#3731=CARTESIAN_POINT('Ctrl Pts',(-2.97408090199508,-3.15549507507508,39.2061252186017));
#3732=CARTESIAN_POINT('Ctrl Pts',(-3.05008920107318,-3.53462136851577,39.4477139198817));
#3733=CARTESIAN_POINT('Ctrl Pts',(-3.12021636545551,-3.90091540403214,39.7066114953058));
#3734=CARTESIAN_POINT('Ctrl Pts',(-3.12071301526614,-3.90353478419084,39.7084687305525));
#3735=CARTESIAN_POINT('Ctrl Pts',(-3.121211159025,-3.90615423412566,39.7103258960341));
#3736=CARTESIAN_POINT('Ctrl Pts',(-2.34022970379939,-2.49947311042682,39.2414321881345));
#3737=CARTESIAN_POINT('Ctrl Pts',(-2.67291193036889,-2.96500935676357,39.3966109369137));
#3738=CARTESIAN_POINT('Ctrl Pts',(-2.91277680688544,-3.43054560293237,39.5517896854829));
#3739=CARTESIAN_POINT('Ctrl Pts',(-3.11828658036934,-3.89943931100576,39.7080875883321));
#3740=CARTESIAN_POINT('Ctrl Pts',(-3.11974845174956,-3.90279677256299,39.7092067421803));
#3741=CARTESIAN_POINT('Ctrl Pts',(-3.121211159025,-3.90615423412566,39.7103258960341));
#3742=CARTESIAN_POINT('Origin',(-4.68045940759878,0.00909470143866517,41.75));
#3743=CARTESIAN_POINT('Origin',(-4.68045940759878,0.00909470143866517,41.75));
#3744=CARTESIAN_POINT('Ctrl Pts',(4.24980343434517,2.63423058395197,34.2830585899012));
#3745=CARTESIAN_POINT('Ctrl Pts',(4.24985986928528,2.63413953747952,34.2912655476139));
#3746=CARTESIAN_POINT('Ctrl Pts',(4.24995165915838,2.63399114170222,34.3080681239166));
#3747=CARTESIAN_POINT('Ctrl Pts',(4.25003098206297,2.63386570478495,34.3432682530686));
#3748=CARTESIAN_POINT('Ctrl Pts',(4.24988899801095,2.6340854597363,34.4092311037817));
#3749=CARTESIAN_POINT('Ctrl Pts',(4.24800926425702,2.63718480613318,34.5594893567205));
#3750=CARTESIAN_POINT('Ctrl Pts',(4.23574366927262,2.65671593821392,34.9407962867341));
#3751=CARTESIAN_POINT('Ctrl Pts',(4.17914227848798,2.74747592094085,35.6361532745163));
#3752=CARTESIAN_POINT('Ctrl Pts',(4.03910008025873,2.95126113946022,36.5709800476832));
#3753=CARTESIAN_POINT('Ctrl Pts',(3.91322943349885,3.11464757066158,37.1797138789917));
#3754=CARTESIAN_POINT('Ctrl Pts',(3.83628444384186,3.20669949729265,37.5));
#3755=CARTESIAN_POINT('Ctrl Pts',(4.40725446579407,2.38021488074468,35.1908703090407));
#3756=CARTESIAN_POINT('Ctrl Pts',(4.40606890479057,2.37872931602216,35.197330338397));
#3757=CARTESIAN_POINT('Ctrl Pts',(4.40358016102467,2.37582077067349,35.210584197702));
#3758=CARTESIAN_POINT('Ctrl Pts',(4.39805787780227,2.37026837951053,35.2384382581008));
#3759=CARTESIAN_POINT('Ctrl Pts',(4.38699190452326,2.36130250415926,35.2909051364942));
#3760=CARTESIAN_POINT('Ctrl Pts',(4.35896886674939,2.347707108012,35.4113701470499));
#3761=CARTESIAN_POINT('Ctrl Pts',(4.27708977178566,2.34225164821276,35.7209544150393));
#3762=CARTESIAN_POINT('Ctrl Pts',(4.11054903135439,2.43617156114955,36.2913818414911));
#3763=CARTESIAN_POINT('Ctrl Pts',(3.88250567597714,2.67638463394727,37.0613925145465));
#3764=CARTESIAN_POINT('Ctrl Pts',(3.73280104890185,2.86709653620071,37.5681914215709));
#3765=CARTESIAN_POINT('Ctrl Pts',(3.65052049749619,2.97104976476197,37.8370290165813));
#3766=CARTESIAN_POINT('Ctrl Pts',(4.18318529989311,1.62812608352562,36.7740677630354));
#3767=CARTESIAN_POINT('Ctrl Pts',(4.17959390731624,1.62837115716538,36.7775953185309));
#3768=CARTESIAN_POINT('Ctrl Pts',(4.17225221993873,1.62895718267154,36.7848333710223));
#3769=CARTESIAN_POINT('Ctrl Pts',(4.15695678882713,1.63058157248209,36.8000720152628));
#3770=CARTESIAN_POINT('Ctrl Pts',(4.12847487633557,1.63460905847021,36.8288268915712));
#3771=CARTESIAN_POINT('Ctrl Pts',(4.06488245519048,1.64881654936111,36.8951905973181));
#3772=CARTESIAN_POINT('Ctrl Pts',(3.90991900348126,1.70639521318879,37.0678718910179));
#3773=CARTESIAN_POINT('Ctrl Pts',(3.66454646659517,1.89398296901312,37.3971130746173));
#3774=CARTESIAN_POINT('Ctrl Pts',(3.41084467899374,2.23395227236697,37.8732940820176));
#3775=CARTESIAN_POINT('Ctrl Pts',(3.27668549155242,2.47222093831879,38.206096314969));
#3776=CARTESIAN_POINT('Ctrl Pts',(3.21005269661504,2.59511498234719,38.3885401715632));
#3777=CARTESIAN_POINT('Ctrl Pts',(3.1775144462997,0.623838560280425,37.7575628120091));
#3778=CARTESIAN_POINT('Ctrl Pts',(3.17166175810574,0.631319709161005,37.7611112630687));
#3779=CARTESIAN_POINT('Ctrl Pts',(3.16003573355298,0.646402114235669,37.7682856476492));
#3780=CARTESIAN_POINT('Ctrl Pts',(3.13710231004501,0.677053548886312,37.7829317097748));
#3781=CARTESIAN_POINT('Ctrl Pts',(3.09778934583628,0.731958978186403,37.8093957333255));
#3782=CARTESIAN_POINT('Ctrl Pts',(3.02252404978262,0.846939297064597,37.8657392666123));
#3783=CARTESIAN_POINT('Ctrl Pts',(2.88529217871932,1.09714425426731,37.9935502551065));
#3784=CARTESIAN_POINT('Ctrl Pts',(2.74942194153499,1.46659715291386,38.199894325034));
#3785=CARTESIAN_POINT('Ctrl Pts',(2.656413209864,1.91601290161348,38.4938631530898));
#3786=CARTESIAN_POINT('Ctrl Pts',(2.62313483150335,2.1847284821027,38.7063145875419));
#3787=CARTESIAN_POINT('Ctrl Pts',(2.60664549373107,2.31570865092261,38.8249583827415));
#3788=CARTESIAN_POINT('Ctrl Pts',(2.65896496137527,0.202114644515731,38.0165292949506));
#3789=CARTESIAN_POINT('Ctrl Pts',(2.65212662464922,0.213146931165436,38.0208022924681));
#3790=CARTESIAN_POINT('Ctrl Pts',(2.63865553758832,0.235337896477605,38.0293944960615));
#3791=CARTESIAN_POINT('Ctrl Pts',(2.61253522599933,0.280196411789948,38.0467570665321));
#3792=CARTESIAN_POINT('Ctrl Pts',(2.56900320409233,0.359934066595041,38.0776226780098));
#3793=CARTESIAN_POINT('Ctrl Pts',(2.49065824797578,0.523781104396198,38.1411519757329));
#3794=CARTESIAN_POINT('Ctrl Pts',(2.36929668322154,0.865898345282637,38.2755832899478));
#3795=CARTESIAN_POINT('Ctrl Pts',(2.29921298149101,1.31716930755554,38.4647748460752));
#3796=CARTESIAN_POINT('Ctrl Pts',(2.29616679348465,1.80874674037285,38.7134418072047));
#3797=CARTESIAN_POINT('Ctrl Pts',(2.31622955689036,2.08534061684987,38.8883554341295));
#3798=CARTESIAN_POINT('Ctrl Pts',(2.32557095282199,2.2170483512322,38.9855939071977));
#3799=CARTESIAN_POINT('',(2.32557095282199,2.21704835123219,38.9855939071977));
#3800=CARTESIAN_POINT('Ctrl Pts',(2.65896496137527,0.202114644515731,38.0165292949506));
#3801=CARTESIAN_POINT('Ctrl Pts',(2.65212662464922,0.213146931165436,38.0208022924681));
#3802=CARTESIAN_POINT('Ctrl Pts',(2.63865553758832,0.235337896477605,38.0293944960615));
#3803=CARTESIAN_POINT('Ctrl Pts',(2.61253522599933,0.280196411789948,38.0467570665321));
#3804=CARTESIAN_POINT('Ctrl Pts',(2.56900320409233,0.359934066595041,38.0776226780098));
#3805=CARTESIAN_POINT('Ctrl Pts',(2.49065824797578,0.523781104396198,38.1411519757329));
#3806=CARTESIAN_POINT('Ctrl Pts',(2.36929668322154,0.865898345282637,38.2755832899478));
#3807=CARTESIAN_POINT('Ctrl Pts',(2.29921298149101,1.31716930755554,38.4647748460752));
#3808=CARTESIAN_POINT('Ctrl Pts',(2.29616679348465,1.80874674037285,38.7134418072047));
#3809=CARTESIAN_POINT('Ctrl Pts',(2.31622955689036,2.08534061684987,38.8883554341295));
#3810=CARTESIAN_POINT('Ctrl Pts',(2.32557095282199,2.2170483512322,38.9855939071977));
#3811=CARTESIAN_POINT('Origin',(-0.0293175019547982,4.42500200102573,36.2211878143954));
#3812=CARTESIAN_POINT('Ctrl Pts',(3.62700965191915,-3.44162766505694,38.2992776335044));
#3813=CARTESIAN_POINT('Ctrl Pts',(3.71003981728299,-3.35412511089262,38.0195198045689));
#3814=CARTESIAN_POINT('Ctrl Pts',(3.7799862240403,-3.27424470114739,37.7537985061932));
#3815=CARTESIAN_POINT('Ctrl Pts',(3.84064292834891,-3.20147808003171,37.5));
#3816=CARTESIAN_POINT('Ctrl Pts',(3.30257476380875,-3.06601526993695,38.6748900286244));
#3817=CARTESIAN_POINT('Ctrl Pts',(3.37796412651687,-2.96941778934827,38.467460625528));
#3818=CARTESIAN_POINT('Ctrl Pts',(3.44723575199251,-2.87493777245122,38.2736189899777));
#3819=CARTESIAN_POINT('Ctrl Pts',(3.51568207281451,-2.78568344693476,38.0912366141116));
#3820=CARTESIAN_POINT('Ctrl Pts',(2.85980326690646,-2.74182683113167,38.9990784674297));
#3821=CARTESIAN_POINT('Ctrl Pts',(2.90424355608674,-2.64200457176677,38.8580628746696));
#3822=CARTESIAN_POINT('Ctrl Pts',(2.94369804127316,-2.53827986928365,38.7299539506684));
#3823=CARTESIAN_POINT('Ctrl Pts',(2.98435503013207,-2.43547493077212,38.6134645351249));
#3824=CARTESIAN_POINT('Ctrl Pts',(2.34022970379938,-2.49947311042681,39.2414321881345));
#3825=CARTESIAN_POINT('Ctrl Pts',(2.34022970379939,-2.4076580146518,39.1496170923595));
#3826=CARTESIAN_POINT('Ctrl Pts',(2.33332769343329,-2.30713886135405,39.0657244702993));
#3827=CARTESIAN_POINT('Ctrl Pts',(2.32607094992086,-2.20319272548066,38.9886345169377));
#3828=CARTESIAN_POINT('Origin',(-4.60406452545969E-15,-5.00804092229225,
36.732864376269));
#3829=CARTESIAN_POINT('Ctrl Pts',(2.34022970379938,-2.49947311042681,39.2414321881345));
#3830=CARTESIAN_POINT('Ctrl Pts',(2.34022970379939,-2.4076580146518,39.1496170923595));
#3831=CARTESIAN_POINT('Ctrl Pts',(2.33332769343329,-2.30713886135405,39.0657244702993));
#3832=CARTESIAN_POINT('Ctrl Pts',(2.32607094992086,-2.20319272548066,38.9886345169377));
#3833=CARTESIAN_POINT('Ctrl Pts',(3.83628444384186,3.20669949729265,37.5));
#3834=CARTESIAN_POINT('Ctrl Pts',(3.77462104090029,3.28046953831421,37.7566759996248));
#3835=CARTESIAN_POINT('Ctrl Pts',(3.70347276956896,3.36145215565889,38.0254116207387));
#3836=CARTESIAN_POINT('Ctrl Pts',(3.6187577426985,3.45030323300137,38.3087914684373));
#3837=CARTESIAN_POINT('Ctrl Pts',(3.51119753773694,2.79431246536395,38.0898007790173));
#3838=CARTESIAN_POINT('Ctrl Pts',(3.44185285350688,2.88485492177845,38.2742001406507));
#3839=CARTESIAN_POINT('Ctrl Pts',(3.3716873873948,2.9806985611558,38.4702190749125));
#3840=CARTESIAN_POINT('Ctrl Pts',(3.29511131403457,3.07871306698268,38.680381634456));
#3841=CARTESIAN_POINT('Ctrl Pts',(2.9814115482765,2.44725571717649,38.6107776834665));
#3842=CARTESIAN_POINT('Ctrl Pts',(2.94031326463126,2.55156049621507,38.7285568734067));
#3843=CARTESIAN_POINT('Ctrl Pts',(2.90047670489854,2.65677392451032,38.8581540243422));
#3844=CARTESIAN_POINT('Ctrl Pts',(2.85541154019672,2.75796772464669,39.001126976792));
#3845=CARTESIAN_POINT('Ctrl Pts',(2.32557095282199,2.2170483512322,38.9855939071977));
#3846=CARTESIAN_POINT('Ctrl Pts',(2.33305710967166,2.32259839590619,39.0635204255189));
#3847=CARTESIAN_POINT('Ctrl Pts',(2.34022970379938,2.42460478204387,39.1483744568743));
#3848=CARTESIAN_POINT('Ctrl Pts',(2.34022970379938,2.51766251330413,39.2414321881345));
#3849=CARTESIAN_POINT('Origin',(-4.47179186041646E-15,5.0262303251696,36.7328643762691));
#3850=CARTESIAN_POINT('Ctrl Pts',(2.32557095282199,2.2170483512322,38.9855939071977));
#3851=CARTESIAN_POINT('Ctrl Pts',(2.33305710967166,2.32259839590619,39.0635204255189));
#3852=CARTESIAN_POINT('Ctrl Pts',(2.34022970379938,2.42460478204387,39.1483744568743));
#3853=CARTESIAN_POINT('Ctrl Pts',(2.34022970379938,2.51766251330413,39.2414321881345));
#3854=CARTESIAN_POINT('Ctrl Pts',(3.121211159025,-3.90615423412566,39.7103258960341));
#3855=CARTESIAN_POINT('Ctrl Pts',(3.12256840600728,-3.90506972640458,39.7071644612106));
#3856=CARTESIAN_POINT('Ctrl Pts',(3.12392442648188,-3.90398531976753,39.7040029253088));
#3857=CARTESIAN_POINT('Ctrl Pts',(3.32318224069109,-3.74436926184653,39.2384273722601));
#3858=CARTESIAN_POINT('Ctrl Pts',(3.48662636020596,-3.5895726502689,38.7722783162854));
#3859=CARTESIAN_POINT('Ctrl Pts',(3.62700965191917,-3.44162766505693,38.2992776335044));
#3860=CARTESIAN_POINT('Ctrl Pts',(3.121211159025,-3.90615423412566,39.7103258960341));
#3861=CARTESIAN_POINT('Ctrl Pts',(3.12165488721598,-3.90435850584764,39.7078756817686));
#3862=CARTESIAN_POINT('Ctrl Pts',(3.12209463852515,-3.90259550348792,39.7053927415877));
#3863=CARTESIAN_POINT('Ctrl Pts',(3.1870944565453,-3.63922329048066,39.3435733436267));
#3864=CARTESIAN_POINT('Ctrl Pts',(3.2446097067806,-3.36238018921908,38.9994707773348));
#3865=CARTESIAN_POINT('Ctrl Pts',(3.30257476380876,-3.06601526993692,38.6748900286244));
#3866=CARTESIAN_POINT('Ctrl Pts',(3.121211159025,-3.90615423412566,39.7103258960341));
#3867=CARTESIAN_POINT('Ctrl Pts',(3.12075412665413,-3.9036550102439,39.7085791773733));
#3868=CARTESIAN_POINT('Ctrl Pts',(3.12025337294367,-3.90119902023761,39.7067892248372));
#3869=CARTESIAN_POINT('Ctrl Pts',(3.05045930642562,-3.53460721343585,39.4481894207516));
#3870=CARTESIAN_POINT('Ctrl Pts',(2.97529286441891,-3.15463762238003,39.2072133441746));
#3871=CARTESIAN_POINT('Ctrl Pts',(2.85980326690646,-2.74182683113164,38.9990784674296));
#3872=CARTESIAN_POINT('Ctrl Pts',(3.12121115902499,-3.90615423412566,39.7103258960341));
#3873=CARTESIAN_POINT('Ctrl Pts',(3.11982382272923,-3.90296977721874,39.7092644103996));
#3874=CARTESIAN_POINT('Ctrl Pts',(3.11843738988066,-3.89978532031209,39.7082029247621));
#3875=CARTESIAN_POINT('Ctrl Pts',(2.91295939745731,-3.4308916122692,39.551905021919));
#3876=CARTESIAN_POINT('Ctrl Pts',(2.67303556322325,-2.96518236142151,39.3966686051328));
#3877=CARTESIAN_POINT('Ctrl Pts',(2.34022970379937,-2.49947311042677,39.2414321881345));
#3878=CARTESIAN_POINT('Ctrl Pts',(3.6187577426985,3.45030323300137,38.3087914684373));
#3879=CARTESIAN_POINT('Ctrl Pts',(3.47885231573405,3.59703927701936,38.7767884702681));
#3880=CARTESIAN_POINT('Ctrl Pts',(3.31621396281,3.75041122552499,39.2381495677328));
#3881=CARTESIAN_POINT('Ctrl Pts',(3.1181836531602,3.90857215969078,39.6991843559167));
#3882=CARTESIAN_POINT('Ctrl Pts',(3.11675340582574,3.90971246480405,39.7025067274138));
#3883=CARTESIAN_POINT('Ctrl Pts',(3.11532176216642,3.91085288884309,39.7058289799809));
#3884=CARTESIAN_POINT('Ctrl Pts',(3.29511131403457,3.07871306698267,38.680381634456));
#3885=CARTESIAN_POINT('Ctrl Pts',(3.23736611866194,3.37288222716502,39.0009455201221));
#3886=CARTESIAN_POINT('Ctrl Pts',(3.18074500911087,3.64643688159202,39.3421239116518));
#3887=CARTESIAN_POINT('Ctrl Pts',(3.11625461373912,3.90710076105325,39.7006557545547));
#3888=CARTESIAN_POINT('Ctrl Pts',(3.11578814782731,3.90897693699821,39.7032422552189));
#3889=CARTESIAN_POINT('Ctrl Pts',(3.11532176216642,3.91085288884309,39.7058289799809));
#3890=CARTESIAN_POINT('Ctrl Pts',(2.85541154019672,2.75796772464669,39.001126976792));
#3891=CARTESIAN_POINT('Ctrl Pts',(2.9688250202957,3.16733238690776,39.206495360379));
#3892=CARTESIAN_POINT('Ctrl Pts',(3.04455976796141,3.54282657941259,39.4457342138169));
#3893=CARTESIAN_POINT('Ctrl Pts',(3.11432546143278,3.90562997398347,39.702126541625));
#3894=CARTESIAN_POINT('Ctrl Pts',(3.11482288982888,3.90824140919236,39.7039777830239));
#3895=CARTESIAN_POINT('Ctrl Pts',(3.11532176216642,3.91085288884309,39.7058289799809));
#3896=CARTESIAN_POINT('Ctrl Pts',(2.34022970379938,2.51766251330413,39.2414321881345));
#3897=CARTESIAN_POINT('Ctrl Pts',(2.66970580804725,2.97871229769021,39.3951154495963));
#3898=CARTESIAN_POINT('Ctrl Pts',(2.90803609365162,3.43976208209973,39.5487987111152));
#3899=CARTESIAN_POINT('Ctrl Pts',(3.11239427011807,3.90415887392967,39.7035976416793));
#3900=CARTESIAN_POINT('Ctrl Pts',(3.11385763183046,3.90750588138651,39.704713310829));
#3901=CARTESIAN_POINT('Ctrl Pts',(3.11532176216642,3.91085288884309,39.7058289799809));
#3902=CARTESIAN_POINT('Origin',(5.06762338227519E-16,0.,25.));
#3903=CARTESIAN_POINT('Origin',(4.68045940759877,0.00909470143866331,41.75));
#3904=CARTESIAN_POINT('Origin',(4.68045940759877,0.00909470143866517,41.75));
#3905=CARTESIAN_POINT('Ctrl Pts',(2.34022970379939,-2.49947311042681,39.2414321881345));
#3906=CARTESIAN_POINT('Ctrl Pts',(1.94618134909791,-2.683275928123,39.7928406412231));
#3907=CARTESIAN_POINT('Ctrl Pts',(1.28958185455565,-2.88860000971146,40.4088128859885));
#3908=CARTESIAN_POINT('Ctrl Pts',(0.355252932351473,-2.99947365946058,40.7414338352358));
#3909=CARTESIAN_POINT('Ctrl Pts',(-0.59218249610645,-2.99976597198974,40.7423107728233));
#3910=CARTESIAN_POINT('Ctrl Pts',(-1.51967986724877,-2.83240353096528,40.2402234497499));
#3911=CARTESIAN_POINT('Ctrl Pts',(-2.14320552644865,-2.5913745192749,39.5171364146788));
#3912=CARTESIAN_POINT('Ctrl Pts',(-2.34022970379939,-2.49947311042681,39.2414321881345));
#3913=CARTESIAN_POINT('Ctrl Pts',(1.92864579612445,-1.67431856467748,38.8002421028199));
#3914=CARTESIAN_POINT('Ctrl Pts',(1.52195944798299,-1.8211689201857,39.230549169202));
#3915=CARTESIAN_POINT('Ctrl Pts',(0.926518415126664,-1.99944573172759,39.6431969690321));
#3916=CARTESIAN_POINT('Ctrl Pts',(0.244562663033378,-2.10179526819533,39.8334028220028));
#3917=CARTESIAN_POINT('Ctrl Pts',(-0.404298222560441,-2.10236120894623,
39.8333225429016));
#3918=CARTESIAN_POINT('Ctrl Pts',(-1.11377886129806,-1.94731278918697,39.5471832825567));
#3919=CARTESIAN_POINT('Ctrl Pts',(-1.72530262205372,-1.74774374243159,39.015395636011));
#3920=CARTESIAN_POINT('Ctrl Pts',(-1.92864579612446,-1.67431856467748,38.8002421028199));
#3921=CARTESIAN_POINT('Ctrl Pts',(1.58269383182031,0.1613627984877,38.4294050175987));
#3922=CARTESIAN_POINT('Ctrl Pts',(1.16035087885696,0.178340526758783,38.7545271004899));
#3923=CARTESIAN_POINT('Ctrl Pts',(0.611729985101684,0.201067312949454,38.9754672989307));
#3924=CARTESIAN_POINT('Ctrl Pts',(0.146698167180523,0.214740434654975,39.0313922535225));
#3925=CARTESIAN_POINT('Ctrl Pts',(-0.238690582189547,0.214840170962392,
39.0310077949419));
#3926=CARTESIAN_POINT('Ctrl Pts',(-0.762856645500787,0.194005598337016,
38.9495231334656));
#3927=CARTESIAN_POINT('Ctrl Pts',(-1.37152235533864,0.169851662623243,38.5919660590443));
#3928=CARTESIAN_POINT('Ctrl Pts',(-1.58269383182032,0.161362798487702,38.4294050175987));
#3929=CARTESIAN_POINT('Ctrl Pts',(2.03154177304318,1.89879660399214,38.9105396241485));
#3930=CARTESIAN_POINT('Ctrl Pts',(1.62857902128542,2.05494934168546,39.3724326652103));
#3931=CARTESIAN_POINT('Ctrl Pts',(1.01951255606648,2.23999307102918,39.836026226168));
#3932=CARTESIAN_POINT('Ctrl Pts',(0.272797977013086,2.34455979167232,40.0638649543482));
#3933=CARTESIAN_POINT('Ctrl Pts',(-0.452548036686218,2.34506300319778,40.0641397394793));
#3934=CARTESIAN_POINT('Ctrl Pts',(-1.21696126689018,2.18683591123005,39.7216419801701));
#3935=CARTESIAN_POINT('Ctrl Pts',(-1.8300603971643,1.9768729728388,39.1414861446794));
#3936=CARTESIAN_POINT('Ctrl Pts',(-2.03154177304319,1.89879660399214,38.9105396241485));
#3937=CARTESIAN_POINT('Ctrl Pts',(2.34022970379939,2.51766251330414,39.2414321881345));
#3938=CARTESIAN_POINT('Ctrl Pts',(1.94618134909791,2.70146533100033,39.7928406412231));
#3939=CARTESIAN_POINT('Ctrl Pts',(1.28958185455565,2.90678941258879,40.4088128859885));
#3940=CARTESIAN_POINT('Ctrl Pts',(0.355252932351473,3.01766306233791,40.7414338352358));
#3941=CARTESIAN_POINT('Ctrl Pts',(-0.59218249610645,3.01795537486707,40.7423107728233));
#3942=CARTESIAN_POINT('Ctrl Pts',(-1.51967986724877,2.85059293384262,40.2402234497499));
#3943=CARTESIAN_POINT('Ctrl Pts',(-2.14320552644865,2.60956392215223,39.5171364146788));
#3944=CARTESIAN_POINT('Ctrl Pts',(-2.34022970379939,2.51766251330414,39.2414321881345));
#3945=CARTESIAN_POINT('Ctrl Pts',(-14.9907596340807,-9.72922419336872,42.1985281282381));
#3946=CARTESIAN_POINT('Ctrl Pts',(-14.9904665528436,-9.71963996512396,42.2007467893712));
#3947=CARTESIAN_POINT('Ctrl Pts',(-14.9901883096655,-9.71006560022154,42.2029653964328));
#3948=CARTESIAN_POINT('Ctrl Pts',(-14.922232837811,-7.52719330675124,42.707407202514));
#3949=CARTESIAN_POINT('Ctrl Pts',(-15.1184102865278,-5.34161338662085,43.2091976632352));
#3950=CARTESIAN_POINT('Ctrl Pts',(-15.427251307956,-3.48821079538805,43.7027478005969));
#3951=CARTESIAN_POINT('Ctrl Pts',(-14.9907596340807,-9.72922419336872,42.1985281282381));
#3952=CARTESIAN_POINT('Ctrl Pts',(-14.9906770064279,-9.72319918756817,42.2016917569894));
#3953=CARTESIAN_POINT('Ctrl Pts',(-14.9901665655224,-9.7168466160887,42.2047625255924));
#3954=CARTESIAN_POINT('Ctrl Pts',(-14.9399067414164,-8.32084416116576,42.9178552451152));
#3955=CARTESIAN_POINT('Ctrl Pts',(-14.8846328706383,-6.92023350447539,43.6189613319603));
#3956=CARTESIAN_POINT('Ctrl Pts',(-14.8099458382583,-5.68536072453866,44.2423629529669));
#3957=CARTESIAN_POINT('Ctrl Pts',(-14.9907596340807,-9.72922419336872,42.1985281282381));
#3958=CARTESIAN_POINT('Ctrl Pts',(-14.9906207652836,-9.72647897890451,42.2025968252209));
#3959=CARTESIAN_POINT('Ctrl Pts',(-14.9903955654323,-9.72388431691598,42.2065978512219));
#3960=CARTESIAN_POINT('Ctrl Pts',(-14.9524429908138,-9.10978924305257,43.1271707710054));
#3961=CARTESIAN_POINT('Ctrl Pts',(-14.8090632573824,-8.49596635638702,44.035968343311));
#3962=CARTESIAN_POINT('Ctrl Pts',(-14.5899047914181,-7.97174210660691,44.870528800029));
#3963=CARTESIAN_POINT('Ctrl Pts',(-14.9907596340807,-9.72922419336872,42.1985281282381));
#3964=CARTESIAN_POINT('Ctrl Pts',(-14.9906551272715,-9.72997505682197,42.2034876620252));
#3965=CARTESIAN_POINT('Ctrl Pts',(-14.9905498933944,-9.73072564164459,42.2084469707574));
#3966=CARTESIAN_POINT('Ctrl Pts',(-14.9663348573831,-9.90155999855558,43.3361085063107));
#3967=CARTESIAN_POINT('Ctrl Pts',(-14.8973023953363,-10.0726536779808,44.4583059455775));
#3968=CARTESIAN_POINT('Ctrl Pts',(-14.7804944357842,-10.2084700038103,45.5490877643684));
#3969=CARTESIAN_POINT('',(-14.7804944357842,-10.2084700038103,45.5490877643683));
#3970=CARTESIAN_POINT('',(-15.4272513079561,-3.48821079538803,43.7027478005969));
#3971=CARTESIAN_POINT('Origin',(-34.4878203501631,-7.7979404660894,47.9596173020892));
#3972=CARTESIAN_POINT('',(-14.9907596340807,-9.72922419336861,42.1985281282381));
#3973=CARTESIAN_POINT('Ctrl Pts',(-15.427251307956,-3.48821079538805,43.7027478005969));
#3974=CARTESIAN_POINT('Ctrl Pts',(-15.1184102865278,-5.34161338662085,43.2091976632352));
#3975=CARTESIAN_POINT('Ctrl Pts',(-14.922232837811,-7.52719330675124,42.707407202514));
#3976=CARTESIAN_POINT('Ctrl Pts',(-14.9901883096655,-9.71006560022154,42.2029653964328));
#3977=CARTESIAN_POINT('Ctrl Pts',(-14.9904665528436,-9.71963996512396,42.2007467893712));
#3978=CARTESIAN_POINT('Ctrl Pts',(-14.9907596340807,-9.72922419336872,42.1985281282381));
#3979=CARTESIAN_POINT('Ctrl Pts',(-14.9907596340807,-9.72922419336872,42.1985281282381));
#3980=CARTESIAN_POINT('Ctrl Pts',(-14.9906551272715,-9.72997505682197,42.2034876620252));
#3981=CARTESIAN_POINT('Ctrl Pts',(-14.9905498933944,-9.73072564164459,42.2084469707574));
#3982=CARTESIAN_POINT('Ctrl Pts',(-14.9663348573831,-9.90155999855558,43.3361085063107));
#3983=CARTESIAN_POINT('Ctrl Pts',(-14.8973023953363,-10.0726536779808,44.4583059455775));
#3984=CARTESIAN_POINT('Ctrl Pts',(-14.7804944357842,-10.2084700038103,45.5490877643684));
#3985=CARTESIAN_POINT('Ctrl Pts',(-14.58482458724,-1.50473966914936,46.428829115271));
#3986=CARTESIAN_POINT('Ctrl Pts',(-14.5164479389232,-1.37875312692661,46.5505941751521));
#3987=CARTESIAN_POINT('Ctrl Pts',(-14.3980669815677,-1.12061161427882,46.7511686694481));
#3988=CARTESIAN_POINT('Ctrl Pts',(-14.3015876696944,-0.758169982261121,
46.9044866167468));
#3989=CARTESIAN_POINT('Ctrl Pts',(-14.271007719455,-0.580122747991853,46.9524236357628));
#3990=CARTESIAN_POINT('Ctrl Pts',(-13.516060753493,-4.26315599357454,47.60222495039));
#3991=CARTESIAN_POINT('Ctrl Pts',(-13.4201159838109,-3.89066016146657,47.7926260704461));
#3992=CARTESIAN_POINT('Ctrl Pts',(-13.2493074060707,-3.1391062242513,48.1095396400158));
#3993=CARTESIAN_POINT('Ctrl Pts',(-13.1059351622182,-2.11568855316374,48.3560816036741));
#3994=CARTESIAN_POINT('Ctrl Pts',(-13.0603539481384,-1.61800910303796,48.4335480887303));
#3995=CARTESIAN_POINT('Ctrl Pts',(-13.0891289314965,-7.08533516862959,49.2029373042327));
#3996=CARTESIAN_POINT('Ctrl Pts',(-12.8842063312258,-6.45355053623284,49.4245868270416));
#3997=CARTESIAN_POINT('Ctrl Pts',(-12.5238702408644,-5.18788655397555,49.7839510766212));
#3998=CARTESIAN_POINT('Ctrl Pts',(-12.225761810436,-3.48919546978099,50.0526134532942));
#3999=CARTESIAN_POINT('Ctrl Pts',(-12.1311399874247,-2.66713136419371,50.1362423573007));
#4000=CARTESIAN_POINT('Ctrl Pts',(-13.3510660886939,-9.66034523015282,51.054608615721));
#4001=CARTESIAN_POINT('Ctrl Pts',(-12.9626512911346,-8.81904749142412,51.2859172882691));
#4002=CARTESIAN_POINT('Ctrl Pts',(-12.2800650550001,-7.11918153303265,51.6455309481353));
#4003=CARTESIAN_POINT('Ctrl Pts',(-11.7127033502188,-4.80045655829051,51.8950708684579));
#4004=CARTESIAN_POINT('Ctrl Pts',(-11.5321018095582,-3.67246453661164,51.9712025092024));
#4005=CARTESIAN_POINT('',(-11.5321018095582,-3.67246453661164,51.9712025092024));
#4006=CARTESIAN_POINT('',(-14.271007719455,-0.580122747991846,46.9524236357628));
#4007=CARTESIAN_POINT('Origin',(-29.9650311496191,-1.21809171124478,59.3334827251698));
#4008=CARTESIAN_POINT('',(-14.58482458724,-1.50473966914936,46.428829115271));
#4009=CARTESIAN_POINT('Ctrl Pts',(-14.271007719455,-0.580122747991853,46.9524236357628));
#4010=CARTESIAN_POINT('Ctrl Pts',(-14.3015876696944,-0.758169982261121,
46.9044866167468));
#4011=CARTESIAN_POINT('Ctrl Pts',(-14.3980669815677,-1.12061161427882,46.7511686694481));
#4012=CARTESIAN_POINT('Ctrl Pts',(-14.5164479389232,-1.37875312692661,46.5505941751521));
#4013=CARTESIAN_POINT('Ctrl Pts',(-14.58482458724,-1.50473966914936,46.428829115271));
#4014=CARTESIAN_POINT('',(-13.3510660886939,-9.6603452301528,51.054608615721));
#4015=CARTESIAN_POINT('Origin',(-31.1524875402858,-3.21405194242518,57.5009019034486));
#4016=CARTESIAN_POINT('Ctrl Pts',(-13.3510660886939,-9.66034523015282,51.054608615721));
#4017=CARTESIAN_POINT('Ctrl Pts',(-12.9626512911346,-8.81904749142412,51.2859172882691));
#4018=CARTESIAN_POINT('Ctrl Pts',(-12.2800650550001,-7.11918153303265,51.6455309481353));
#4019=CARTESIAN_POINT('Ctrl Pts',(-11.7127033502188,-4.80045655829051,51.8950708684579));
#4020=CARTESIAN_POINT('Ctrl Pts',(-11.5321018095582,-3.67246453661164,51.9712025092024));
#4021=CARTESIAN_POINT('Ctrl Pts',(-14.271007719455,-0.580122747991847,46.9524236357628));
#4022=CARTESIAN_POINT('Ctrl Pts',(-14.2442338400913,-0.424235798077079,
46.9943942718869));
#4023=CARTESIAN_POINT('Ctrl Pts',(-14.20186923779,-0.0151187844081557,47.0593589587158));
#4024=CARTESIAN_POINT('Ctrl Pts',(-14.2382918274255,0.406146695375453,47.0035043995935));
#4025=CARTESIAN_POINT('Ctrl Pts',(-14.2751021638677,0.611664508536361,46.9455569665811));
#4026=CARTESIAN_POINT('Ctrl Pts',(-13.0603539481384,-1.61800910303795,48.4335480887303));
#4027=CARTESIAN_POINT('Ctrl Pts',(-13.0204459065137,-1.18227230637308,48.5013728663837));
#4028=CARTESIAN_POINT('Ctrl Pts',(-12.9565000946818,-0.0475191871700192,
48.6069340173717));
#4029=CARTESIAN_POINT('Ctrl Pts',(-13.0114871539446,1.11881328323952,48.5159807161492));
#4030=CARTESIAN_POINT('Ctrl Pts',(-13.0662143756335,1.69374544963575,48.4223315095784));
#4031=CARTESIAN_POINT('Ctrl Pts',(-12.1311399874247,-2.66713136419369,50.1362423573007));
#4032=CARTESIAN_POINT('Ctrl Pts',(-12.0482950758189,-1.94738378383569,50.2094625610513));
#4033=CARTESIAN_POINT('Ctrl Pts',(-11.9164101524833,-0.079937065906647,
50.321738366908));
#4034=CARTESIAN_POINT('Ctrl Pts',(-12.0298188734188,1.8378188884011,50.2252317885488));
#4035=CARTESIAN_POINT('Ctrl Pts',(-12.1435778397739,2.78787128602647,50.1239718665334));
#4036=CARTESIAN_POINT('Ctrl Pts',(-11.5321018095582,-3.67246453661162,51.9712025092024));
#4037=CARTESIAN_POINT('Ctrl Pts',(-11.3739784697649,-2.68486573166606,52.0378585812081));
#4038=CARTESIAN_POINT('Ctrl Pts',(-11.1221216537662,-0.112066097123114,
52.1368913140893));
#4039=CARTESIAN_POINT('Ctrl Pts',(-11.3390454324986,2.53263880283431,52.0522646605603));
#4040=CARTESIAN_POINT('Ctrl Pts',(-11.5563531310357,3.83574402833623,51.9598100282048));
#4041=CARTESIAN_POINT('',(-11.5563531310357,3.83574402833623,51.9598100282048));
#4042=CARTESIAN_POINT('',(-14.2751021638677,0.611664508536353,46.9455569665811));
#4043=CARTESIAN_POINT('Origin',(-29.9811921380252,1.28464447707117,59.3094493830339));
#4044=CARTESIAN_POINT('Ctrl Pts',(-14.2751021638677,0.611664508536361,46.9455569665811));
#4045=CARTESIAN_POINT('Ctrl Pts',(-14.2382918274255,0.406146695375453,47.0035043995935));
#4046=CARTESIAN_POINT('Ctrl Pts',(-14.20186923779,-0.0151187844081557,47.0593589587158));
#4047=CARTESIAN_POINT('Ctrl Pts',(-14.2442338400913,-0.424235798077079,
46.9943942718869));
#4048=CARTESIAN_POINT('Ctrl Pts',(-14.271007719455,-0.580122747991847,46.9524236357628));
#4049=CARTESIAN_POINT('Ctrl Pts',(-11.5321018095582,-3.67246453661162,51.9712025092024));
#4050=CARTESIAN_POINT('Ctrl Pts',(-11.3739784697649,-2.68486573166606,52.0378585812081));
#4051=CARTESIAN_POINT('Ctrl Pts',(-11.1221216537662,-0.112066097123114,
52.1368913140893));
#4052=CARTESIAN_POINT('Ctrl Pts',(-11.3390454324986,2.53263880283431,52.0522646605603));
#4053=CARTESIAN_POINT('Ctrl Pts',(-11.5563531310357,3.83574402833623,51.9598100282048));
#4054=CARTESIAN_POINT('Ctrl Pts',(-14.2751021638677,0.611664508536366,46.9455569665811));
#4055=CARTESIAN_POINT('Ctrl Pts',(-14.3473632878429,1.01510956259759,46.8318023246607));
#4056=CARTESIAN_POINT('Ctrl Pts',(-14.4675154287799,1.29664671941552,46.6367552171645));
#4057=CARTESIAN_POINT('Ctrl Pts',(-14.5849677212921,1.51288855873418,46.4273531946438));
#4058=CARTESIAN_POINT('Ctrl Pts',(-13.0662143756335,1.69374544963577,48.4223315095784));
#4059=CARTESIAN_POINT('Ctrl Pts',(-13.1736475298371,2.82237530115953,48.2384919259109));
#4060=CARTESIAN_POINT('Ctrl Pts',(-13.3508565566649,3.63433184792743,47.9270457310371));
#4061=CARTESIAN_POINT('Ctrl Pts',(-13.5155087219537,4.27379869592477,47.5995964818001));
#4062=CARTESIAN_POINT('Ctrl Pts',(-12.1435778397739,2.78787128602651,50.1239718665334));
#4063=CARTESIAN_POINT('Ctrl Pts',(-12.3668942113586,4.65288695073147,49.9251919453021));
#4064=CARTESIAN_POINT('Ctrl Pts',(-12.736946228666,6.01417988882712,49.580850823902));
#4065=CARTESIAN_POINT('Ctrl Pts',(-13.0887505919491,7.09891099360513,49.1995519677267));
#4066=CARTESIAN_POINT('Ctrl Pts',(-11.5563531310357,3.83574402833628,51.9598100282048));
#4067=CARTESIAN_POINT('Ctrl Pts',(-11.9829425095224,6.39382573456055,51.7783154726953));
#4068=CARTESIAN_POINT('Ctrl Pts',(-12.684722251202,8.23215080612816,51.4487971400815));
#4069=CARTESIAN_POINT('Ctrl Pts',(-13.3517674838795,9.67659748720684,51.0507343240745));
#4070=CARTESIAN_POINT('',(-13.3517674838795,9.67659748720684,51.0507343240745));
#4071=CARTESIAN_POINT('',(-14.5849677212921,1.51288855873418,46.4273531946438));
#4072=CARTESIAN_POINT('Origin',(-31.1541241290522,3.23159563002804,57.4957361812533));
#4073=CARTESIAN_POINT('Ctrl Pts',(-14.5849677212921,1.51288855873418,46.4273531946438));
#4074=CARTESIAN_POINT('Ctrl Pts',(-14.4675154287799,1.29664671941552,46.6367552171645));
#4075=CARTESIAN_POINT('Ctrl Pts',(-14.3473632878429,1.01510956259759,46.8318023246607));
#4076=CARTESIAN_POINT('Ctrl Pts',(-14.2751021638677,0.611664508536366,46.9455569665811));
#4077=CARTESIAN_POINT('Ctrl Pts',(-11.5563531310357,3.83574402833628,51.9598100282048));
#4078=CARTESIAN_POINT('Ctrl Pts',(-11.9829425095224,6.39382573456055,51.7783154726953));
#4079=CARTESIAN_POINT('Ctrl Pts',(-12.684722251202,8.23215080612816,51.4487971400815));
#4080=CARTESIAN_POINT('Ctrl Pts',(-13.3517674838795,9.67659748720684,51.0507343240745));
#4081=CARTESIAN_POINT('Ctrl Pts',(-15.4272513079561,-3.48821079538802,43.7027478005969));
#4082=CARTESIAN_POINT('Ctrl Pts',(-15.2989829081988,-3.0566703411766,44.7139818512582));
#4083=CARTESIAN_POINT('Ctrl Pts',(-15.0313910275891,-2.32755510507768,45.6335840910111));
#4084=CARTESIAN_POINT('Ctrl Pts',(-14.5848245872285,-1.50473966912819,46.4288291152915));
#4085=CARTESIAN_POINT('Ctrl Pts',(-14.8099458382583,-5.68536072453864,44.2423629529669));
#4086=CARTESIAN_POINT('Ctrl Pts',(-14.5334215184563,-5.49511599175685,45.5947191634947));
#4087=CARTESIAN_POINT('Ctrl Pts',(-14.1002206935179,-4.93371664939101,46.7036836892174));
#4088=CARTESIAN_POINT('Ctrl Pts',(-13.516060753478,-4.26315599355727,47.6022249504131));
#4089=CARTESIAN_POINT('Ctrl Pts',(-14.5899047914181,-7.9717421066069,44.870528800029));
#4090=CARTESIAN_POINT('Ctrl Pts',(-14.2742842400173,-8.03661526975247,46.6429540239151));
#4091=CARTESIAN_POINT('Ctrl Pts',(-13.7687470536393,-7.63448457249591,48.0646314197838));
#4092=CARTESIAN_POINT('Ctrl Pts',(-13.089128931479,-7.08533516861545,49.202937304262));
#4093=CARTESIAN_POINT('Ctrl Pts',(-14.7804944357842,-10.2084700038103,45.5490877643683));
#4094=CARTESIAN_POINT('Ctrl Pts',(-14.5411668028939,-10.4867438465622,47.7839888078578));
#4095=CARTESIAN_POINT('Ctrl Pts',(-14.0672702235657,-10.1733139424067,49.5897815496766));
#4096=CARTESIAN_POINT('Ctrl Pts',(-13.3510660886755,-9.66034523013961,51.0546086157587));
#4097=CARTESIAN_POINT('Ctrl Pts',(-14.5848245872285,-1.50473966912819,46.4288291152915));
#4098=CARTESIAN_POINT('Ctrl Pts',(-15.0313910275891,-2.32755510507768,45.6335840910111));
#4099=CARTESIAN_POINT('Ctrl Pts',(-15.2989829081988,-3.0566703411766,44.7139818512582));
#4100=CARTESIAN_POINT('Ctrl Pts',(-15.4272513079561,-3.48821079538802,43.7027478005969));
#4101=CARTESIAN_POINT('Ctrl Pts',(-14.7804944357842,-10.2084700038103,45.5490877643683));
#4102=CARTESIAN_POINT('Ctrl Pts',(-14.5411668028939,-10.4867438465622,47.7839888078578));
#4103=CARTESIAN_POINT('Ctrl Pts',(-14.0672702235657,-10.1733139424067,49.5897815496766));
#4104=CARTESIAN_POINT('Ctrl Pts',(-13.3510660886755,-9.66034523013961,51.0546086157587));
#4105=CARTESIAN_POINT('Ctrl Pts',(-15.4257947010679,3.48835521727248,43.7091112039295));
#4106=CARTESIAN_POINT('Ctrl Pts',(-15.116999030169,5.34440008855225,43.2143681262344));
#4107=CARTESIAN_POINT('Ctrl Pts',(-14.9219119012818,7.53530874916261,42.7113007151825));
#4108=CARTESIAN_POINT('Ctrl Pts',(-14.9899321087736,9.72104586921863,42.2055852046692));
#4109=CARTESIAN_POINT('Ctrl Pts',(-14.9902176234555,9.73063890112086,42.2033611882937));
#4110=CARTESIAN_POINT('Ctrl Pts',(-14.9905150907803,9.74023879949446,42.2011371452386));
#4111=CARTESIAN_POINT('Ctrl Pts',(-14.8069116019199,5.68922776493217,44.2495989714387));
#4112=CARTESIAN_POINT('Ctrl Pts',(-14.8798518396197,6.92209049785833,43.6241771469844));
#4113=CARTESIAN_POINT('Ctrl Pts',(-14.936576730874,8.3284753563687,42.921746090961));
#4114=CARTESIAN_POINT('Ctrl Pts',(-14.9900483226669,9.72794268671761,42.2074152461138));
#4115=CARTESIAN_POINT('Ctrl Pts',(-14.9902813949634,9.73408945274755,42.2042769049632));
#4116=CARTESIAN_POINT('Ctrl Pts',(-14.9905150907803,9.74023879949446,42.2011371452386));
#4117=CARTESIAN_POINT('Ctrl Pts',(-14.5866259074629,7.97964020887004,44.8792826301364));
#4118=CARTESIAN_POINT('Ctrl Pts',(-14.8074134188412,8.50633888647925,44.0423881763318));
#4119=CARTESIAN_POINT('Ctrl Pts',(-14.9510899512123,9.12050309464501,43.1317220048969));
#4120=CARTESIAN_POINT('Ctrl Pts',(-14.9901719017733,9.73484286572607,42.2092469190663));
#4121=CARTESIAN_POINT('Ctrl Pts',(-14.9903451664712,9.73754000437425,42.2051926216327));
#4122=CARTESIAN_POINT('Ctrl Pts',(-14.9905150907803,9.74023879949446,42.2011371452386));
#4123=CARTESIAN_POINT('Ctrl Pts',(-14.7783647627375,10.2199843000637,45.5597808687172));
#4124=CARTESIAN_POINT('Ctrl Pts',(-14.8960570012058,10.0841455503548,44.4664849056715));
#4125=CARTESIAN_POINT('Ctrl Pts',(-14.9657229099035,9.91277056755753,43.341493349369));
#4126=CARTESIAN_POINT('Ctrl Pts',(-14.9903020067992,9.74174212548694,42.2110794004397));
#4127=CARTESIAN_POINT('Ctrl Pts',(-14.990408937979,9.74099055600095,42.2061083383022));
#4128=CARTESIAN_POINT('Ctrl Pts',(-14.9905150907803,9.74023879949446,42.2011371452386));
#4129=CARTESIAN_POINT('',(-14.7783647627375,10.2199843000637,45.5597808687172));
#4130=CARTESIAN_POINT('',(-14.9905150907803,9.74023879949446,42.2011371452386));
#4131=CARTESIAN_POINT('Ctrl Pts',(-14.7783647627375,10.2199843000637,45.5597808687172));
#4132=CARTESIAN_POINT('Ctrl Pts',(-14.8960570012058,10.0841455503548,44.4664849056715));
#4133=CARTESIAN_POINT('Ctrl Pts',(-14.9657229099035,9.91277056755753,43.341493349369));
#4134=CARTESIAN_POINT('Ctrl Pts',(-14.9903020067992,9.74174212548694,42.2110794004397));
#4135=CARTESIAN_POINT('Ctrl Pts',(-14.990408937979,9.74099055600095,42.2061083383022));
#4136=CARTESIAN_POINT('Ctrl Pts',(-14.9905150907803,9.74023879949446,42.2011371452386));
#4137=CARTESIAN_POINT('',(-15.4257947010679,3.48835521727247,43.7091112039295));
#4138=CARTESIAN_POINT('Ctrl Pts',(-14.9905150907803,9.74023879949446,42.2011371452386));
#4139=CARTESIAN_POINT('Ctrl Pts',(-14.9902176234555,9.73063890112086,42.2033611882937));
#4140=CARTESIAN_POINT('Ctrl Pts',(-14.9899321087736,9.72104586921863,42.2055852046692));
#4141=CARTESIAN_POINT('Ctrl Pts',(-14.9219119012818,7.53530874916261,42.7113007151825));
#4142=CARTESIAN_POINT('Ctrl Pts',(-15.116999030169,5.34440008855225,43.2143681262344));
#4143=CARTESIAN_POINT('Ctrl Pts',(-15.4257947010679,3.48835521727248,43.7091112039295));
#4144=CARTESIAN_POINT('Origin',(-34.4828511130541,7.79787595502772,47.9818892137532));
#4145=CARTESIAN_POINT('Ctrl Pts',(-14.5849677212921,1.51288855873418,46.4273531946438));
#4146=CARTESIAN_POINT('Ctrl Pts',(-15.029910914708,2.33207507675503,45.6340778773612));
#4147=CARTESIAN_POINT('Ctrl Pts',(-15.2971461160834,3.05793614457642,44.7170182965));
#4148=CARTESIAN_POINT('Ctrl Pts',(-15.4257947010679,3.48835521727245,43.7091112039295));
#4149=CARTESIAN_POINT('Ctrl Pts',(-13.5155087219537,4.27379869592476,47.5995964818001));
#4150=CARTESIAN_POINT('Ctrl Pts',(-14.0977971727129,4.94094933831342,46.7031395278484));
#4151=CARTESIAN_POINT('Ctrl Pts',(-14.5302382077074,5.49927726892916,45.5971369300321));
#4152=CARTESIAN_POINT('Ctrl Pts',(-14.8069116019199,5.68922776493215,44.2495989714387));
#4153=CARTESIAN_POINT('Ctrl Pts',(-13.0887505919491,7.09891099360513,49.1995519677267));
#4154=CARTESIAN_POINT('Ctrl Pts',(-13.7662244325896,7.64472677479419,48.0636117805633));
#4155=CARTESIAN_POINT('Ctrl Pts',(-14.270834397269,8.04392036824041,46.6454672491329));
#4156=CARTESIAN_POINT('Ctrl Pts',(-14.5866259074629,7.97964020887003,44.8792826301364));
#4157=CARTESIAN_POINT('Ctrl Pts',(-13.3517674838795,9.67659748720684,51.0507343240745));
#4158=CARTESIAN_POINT('Ctrl Pts',(-14.0655563473086,10.186174801065,49.5886870833232));
#4159=CARTESIAN_POINT('Ctrl Pts',(-14.5385982106817,10.4967195298237,47.7870798550196));
#4160=CARTESIAN_POINT('Ctrl Pts',(-14.7783647627375,10.2199843000637,45.5597808687172));
#4161=CARTESIAN_POINT('Ctrl Pts',(-15.4257947010679,3.48835521727245,43.7091112039295));
#4162=CARTESIAN_POINT('Ctrl Pts',(-15.2971461160834,3.05793614457642,44.7170182965));
#4163=CARTESIAN_POINT('Ctrl Pts',(-15.029910914708,2.33207507675503,45.6340778773612));
#4164=CARTESIAN_POINT('Ctrl Pts',(-14.5849677212921,1.51288855873418,46.4273531946438));
#4165=CARTESIAN_POINT('Ctrl Pts',(-13.3517674838795,9.67659748720684,51.0507343240745));
#4166=CARTESIAN_POINT('Ctrl Pts',(-14.0655563473086,10.186174801065,49.5886870833232));
#4167=CARTESIAN_POINT('Ctrl Pts',(-14.5385982106817,10.4967195298237,47.7870798550196));
#4168=CARTESIAN_POINT('Ctrl Pts',(-14.7783647627375,10.2199843000637,45.5597808687172));
#4169=CARTESIAN_POINT('Ctrl Pts',(-14.7716999683519,-9.7346637324336,43.8698534726229));
#4170=CARTESIAN_POINT('Ctrl Pts',(-14.7388953757185,-7.63066051011737,43.789007510364));
#4171=CARTESIAN_POINT('Ctrl Pts',(-14.9574701829668,-5.52969158599738,43.7394097729858));
#4172=CARTESIAN_POINT('Ctrl Pts',(-15.4272513079559,-3.48821079538798,43.7027478005976));
#4173=CARTESIAN_POINT('Ctrl Pts',(-14.9032318824912,-9.7313976223404,43.3225248051082));
#4174=CARTESIAN_POINT('Ctrl Pts',(-14.8660336347753,-7.63828938289478,43.2360494228607));
#4175=CARTESIAN_POINT('Ctrl Pts',(-15.0805772399826,-5.54719875136146,43.1830612603048));
#4176=CARTESIAN_POINT('Ctrl Pts',(-15.5459913822177,-3.51505876724096,43.1438956009705));
#4177=CARTESIAN_POINT('Ctrl Pts',(-14.9767944838163,-9.72957096638209,42.761275706218));
#4178=CARTESIAN_POINT('Ctrl Pts',(-14.9340322499513,-7.64263104171135,42.6695566933155));
#4179=CARTESIAN_POINT('Ctrl Pts',(-15.1443697688966,-5.55640105233787,42.6134355294585));
#4180=CARTESIAN_POINT('Ctrl Pts',(-15.6060473821465,-3.52863785421491,42.5719578654555));
#4181=CARTESIAN_POINT('Ctrl Pts',(-14.9907596340807,-9.72922419336864,42.1985281282381));
#4182=CARTESIAN_POINT('Ctrl Pts',(-14.9413610705497,-7.64358996869407,42.102259672495));
#4183=CARTESIAN_POINT('Ctrl Pts',(-15.1473998841558,-5.55709044160548,42.0434553377878));
#4184=CARTESIAN_POINT('Ctrl Pts',(-15.6060473821465,-3.52863785421491,42.));
#4185=CARTESIAN_POINT('',(-15.6060541815883,-3.52859225856145,42.0000030088485));
#4186=CARTESIAN_POINT('Origin',(-7.80302369107325,-1.76431892710743,42.));
#4187=CARTESIAN_POINT('Ctrl Pts',(-15.6060473821465,-3.52863785421491,42.));
#4188=CARTESIAN_POINT('Ctrl Pts',(-15.1473998841558,-5.55709044160548,42.0434553377878));
#4189=CARTESIAN_POINT('Ctrl Pts',(-14.9413610705497,-7.64358996869407,42.102259672495));
#4190=CARTESIAN_POINT('Ctrl Pts',(-14.9907596340807,-9.72922419336864,42.1985281282381));
#4191=CARTESIAN_POINT('Ctrl Pts',(-13.9311224701776,-3.14992546775231,46.9524236357628));
#4192=CARTESIAN_POINT('Ctrl Pts',(-14.2181464282844,-1.8805094281675,46.9524236357628));
#4193=CARTESIAN_POINT('Ctrl Pts',(-14.271007719455,-0.580122747991836,46.9524236357628));
#4194=CARTESIAN_POINT('Ctrl Pts',(-15.6060473821468,-3.52863785421498,44.7739242864894));
#4195=CARTESIAN_POINT('Ctrl Pts',(-15.927579943476,-2.10660119465461,44.7739242864894));
#4196=CARTESIAN_POINT('Ctrl Pts',(-15.986796694779,-0.649870325381352,44.7739242864894));
#4197=CARTESIAN_POINT('Ctrl Pts',(-15.6060473821465,-3.52863785421491,41.9999999999992));
#4198=CARTESIAN_POINT('Ctrl Pts',(-15.9275799434757,-2.10660119465457,41.9999999999992));
#4199=CARTESIAN_POINT('Ctrl Pts',(-15.9867966947788,-0.649870325381341,
41.9999999999992));
#4200=CARTESIAN_POINT('',(-15.9867966947787,-0.649870325381341,42.));
#4201=CARTESIAN_POINT('Origin',(-7.99339834738937,-0.324935162690671,42.));
#4202=CARTESIAN_POINT('Origin',(0.,0.,42.));
#4203=CARTESIAN_POINT('Ctrl Pts',(-15.9853323484094,0.684945042244873,42.));
#4204=CARTESIAN_POINT('Ctrl Pts',(-16.0139283536092,0.0175679261808596,
42.));
#4205=CARTESIAN_POINT('Ctrl Pts',(-15.9867966947788,-0.649870325381354,
42.));
#4206=CARTESIAN_POINT('Ctrl Pts',(-15.9853323484094,0.684945042244873,44.8313704708929));
#4207=CARTESIAN_POINT('Ctrl Pts',(-16.0139283536092,0.0175679261808596,
44.8313704708929));
#4208=CARTESIAN_POINT('Ctrl Pts',(-15.9867966947788,-0.649870325381354,
44.8313704708929));
#4209=CARTESIAN_POINT('Ctrl Pts',(-14.2058974707894,0.60869920194211,47.0323831540891));
#4210=CARTESIAN_POINT('Ctrl Pts',(-14.2313102622841,0.0156123221375827,
47.0323831540891));
#4211=CARTESIAN_POINT('Ctrl Pts',(-14.2071988109137,-0.57752888776158,47.0323831540891));
#4212=CARTESIAN_POINT('',(-15.9853323484094,0.684945042244855,42.));
#4213=CARTESIAN_POINT('Origin',(-7.9926661742047,0.342472521122427,42.));
#4214=CARTESIAN_POINT('',(-16.,-1.95943487863577E-15,42.));
#4215=CARTESIAN_POINT('Origin',(0.,0.,42.));
#4216=CARTESIAN_POINT('Origin',(0.,0.,42.));
#4217=CARTESIAN_POINT('Ctrl Pts',(-14.2751021638677,0.611664508536345,46.9455569665811));
#4218=CARTESIAN_POINT('Ctrl Pts',(-14.2200342759786,1.89684570606438,46.9455569665811));
#4219=CARTESIAN_POINT('Ctrl Pts',(-13.9363038564787,3.1515250403194,46.9455569665811));
#4220=CARTESIAN_POINT('Ctrl Pts',(-15.9853323484094,0.684945042244855,44.7690299814068));
#4221=CARTESIAN_POINT('Ctrl Pts',(-15.923667046156,2.1240975144711,44.7690299814068));
#4222=CARTESIAN_POINT('Ctrl Pts',(-15.6059442725468,3.52909384434068,44.7690299814068));
#4223=CARTESIAN_POINT('Ctrl Pts',(-15.9853323484094,0.684945042244854,42.));
#4224=CARTESIAN_POINT('Ctrl Pts',(-15.923667046156,2.1240975144711,42.));
#4225=CARTESIAN_POINT('Ctrl Pts',(-15.6059442725468,3.52909384434068,42.));
#4226=CARTESIAN_POINT('',(-15.6059507102469,3.52904986919922,42.0000029372505));
#4227=CARTESIAN_POINT('Origin',(-7.80297213627341,1.76454692217034,42.));
#4228=CARTESIAN_POINT('Origin',(0.,0.,42.));
#4229=CARTESIAN_POINT('Ctrl Pts',(-15.4257947010679,3.48835521727245,43.7091112039295));
#4230=CARTESIAN_POINT('Ctrl Pts',(-14.9550209878936,5.53331027204711,43.7462732077942));
#4231=CARTESIAN_POINT('Ctrl Pts',(-14.7362071747727,7.63800641968772,43.7965681300279));
#4232=CARTESIAN_POINT('Ctrl Pts',(-14.7694937835866,9.7457992648742,43.8782748565411));
#4233=CARTESIAN_POINT('Ctrl Pts',(-15.5454301376144,3.51540931123227,43.1482373563786));
#4234=CARTESIAN_POINT('Ctrl Pts',(-15.079079481978,5.55094248171183,43.1879502855531));
#4235=CARTESIAN_POINT('Ctrl Pts',(-14.8643557035747,7.64567035166734,43.2417012468186));
#4236=CARTESIAN_POINT('Ctrl Pts',(-14.9020905430636,9.74246338880011,43.3291278420376));
#4237=CARTESIAN_POINT('Ctrl Pts',(-15.6059442725468,3.52909384434068,42.5741289354702));
#4238=CARTESIAN_POINT('Ctrl Pts',(-15.1433867041076,5.56021522052187,42.6161974273138));
#4239=CARTESIAN_POINT('Ctrl Pts',(-14.9329395254302,7.65003760282919,42.6731420369246));
#4240=CARTESIAN_POINT('Ctrl Pts',(-14.976315819797,9.740596025482,42.7658970281306));
#4241=CARTESIAN_POINT('Ctrl Pts',(-15.6059442725468,3.52909384434068,42.));
#4242=CARTESIAN_POINT('Ctrl Pts',(-15.1464721948723,5.5609172968338,42.0440823129059));
#4243=CARTESIAN_POINT('Ctrl Pts',(-14.940404003572,7.6510114241665,42.1037606750788));
#4244=CARTESIAN_POINT('Ctrl Pts',(-14.9905150907803,9.74023879949451,42.2011371452386));
#4245=CARTESIAN_POINT('Ctrl Pts',(-14.9905150907803,9.74023879949451,42.2011371452386));
#4246=CARTESIAN_POINT('Ctrl Pts',(-14.940404003572,7.6510114241665,42.1037606750788));
#4247=CARTESIAN_POINT('Ctrl Pts',(-15.1464721948723,5.5609172968338,42.0440823129059));
#4248=CARTESIAN_POINT('Ctrl Pts',(-15.6059442725468,3.52909384434068,42.));
#4249=CARTESIAN_POINT('Ctrl Pts',(14.9905150907803,9.74023879949452,42.2011371452386));
#4250=CARTESIAN_POINT('Ctrl Pts',(14.9902176234555,9.73063890112416,42.2033611882991));
#4251=CARTESIAN_POINT('Ctrl Pts',(14.9899350989701,9.72104889207128,42.2055851793577));
#4252=CARTESIAN_POINT('Ctrl Pts',(14.9209487012075,7.53433988994154,42.7113092160728));
#4253=CARTESIAN_POINT('Ctrl Pts',(15.1169990301702,5.34440008854598,43.2143681262353));
#4254=CARTESIAN_POINT('Ctrl Pts',(15.4257947010679,3.48835521727241,43.7091112039295));
#4255=CARTESIAN_POINT('Ctrl Pts',(14.9905150907803,9.74023879949452,42.2011371452386));
#4256=CARTESIAN_POINT('Ctrl Pts',(14.9904303299759,9.73420419984197,42.204308536722));
#4257=CARTESIAN_POINT('Ctrl Pts',(14.9899138742551,9.72784042839294,42.2073862155493));
#4258=CARTESIAN_POINT('Ctrl Pts',(14.9388738543079,8.32936438488862,42.922269980427));
#4259=CARTESIAN_POINT('Ctrl Pts',(14.8826595938879,6.92596983489675,43.6250435784059));
#4260=CARTESIAN_POINT('Ctrl Pts',(14.8069116019199,5.68922776493213,44.2495989714387));
#4261=CARTESIAN_POINT('Ctrl Pts',(14.9905150907803,9.74023879949452,42.2011371452386));
#4262=CARTESIAN_POINT('Ctrl Pts',(14.9903739256244,9.73748886673024,42.205215710477));
#4263=CARTESIAN_POINT('Ctrl Pts',(14.9901456418871,9.73488974772475,42.2092257176443));
#4264=CARTESIAN_POINT('Ctrl Pts',(14.9516115931866,9.11966903996451,43.1320882267641));
#4265=CARTESIAN_POINT('Ctrl Pts',(14.8071260552829,8.50459998451631,44.043060174179));
#4266=CARTESIAN_POINT('Ctrl Pts',(14.5866259074629,7.97964020887002,44.8792826301365));
#4267=CARTESIAN_POINT('Ctrl Pts',(14.9905150907803,9.74023879949452,42.2011371452386));
#4268=CARTESIAN_POINT('Ctrl Pts',(14.9904089379793,9.74099055601069,42.2061083383017));
#4269=CARTESIAN_POINT('Ctrl Pts',(14.9903020547699,9.74174203409456,42.2110793107286));
#4270=CARTESIAN_POINT('Ctrl Pts',(14.9657074313927,9.91279991945906,43.341522941997));
#4271=CARTESIAN_POINT('Ctrl Pts',(14.8960570012052,10.0841455503544,44.466484905676));
#4272=CARTESIAN_POINT('Ctrl Pts',(14.7783647627375,10.2199843000637,45.5597808687173));
#4273=CARTESIAN_POINT('',(14.7783647627374,10.2199843000637,45.5597808687173));
#4274=CARTESIAN_POINT('',(15.4257947010679,3.48835521727242,43.7091112039295));
#4275=CARTESIAN_POINT('Origin',(34.4828511130541,7.79787595502768,47.9818892137533));
#4276=CARTESIAN_POINT('',(14.9905150907803,9.74023879949445,42.2011371452385));
#4277=CARTESIAN_POINT('Ctrl Pts',(15.4257947010679,3.48835521727241,43.7091112039295));
#4278=CARTESIAN_POINT('Ctrl Pts',(15.1169990301702,5.34440008854598,43.2143681262353));
#4279=CARTESIAN_POINT('Ctrl Pts',(14.9209487012075,7.53433988994154,42.7113092160728));
#4280=CARTESIAN_POINT('Ctrl Pts',(14.9899350989701,9.72104889207128,42.2055851793577));
#4281=CARTESIAN_POINT('Ctrl Pts',(14.9902176234555,9.73063890112416,42.2033611882991));
#4282=CARTESIAN_POINT('Ctrl Pts',(14.9905150907803,9.74023879949452,42.2011371452386));
#4283=CARTESIAN_POINT('Ctrl Pts',(14.9905150907803,9.74023879949452,42.2011371452386));
#4284=CARTESIAN_POINT('Ctrl Pts',(14.9904089379793,9.74099055601069,42.2061083383017));
#4285=CARTESIAN_POINT('Ctrl Pts',(14.9903020547699,9.74174203409456,42.2110793107286));
#4286=CARTESIAN_POINT('Ctrl Pts',(14.9657074313927,9.91279991945906,43.341522941997));
#4287=CARTESIAN_POINT('Ctrl Pts',(14.8960570012052,10.0841455503544,44.466484905676));
#4288=CARTESIAN_POINT('Ctrl Pts',(14.7783647627375,10.2199843000637,45.5597808687173));
#4289=CARTESIAN_POINT('Ctrl Pts',(14.5849677212921,1.51288855873418,46.4273531946438));
#4290=CARTESIAN_POINT('Ctrl Pts',(14.4675154287799,1.29664671941552,46.6367552171645));
#4291=CARTESIAN_POINT('Ctrl Pts',(14.3473632878429,1.01510956259759,46.8318023246607));
#4292=CARTESIAN_POINT('Ctrl Pts',(14.2751021638677,0.611664508536367,46.9455569665811));
#4293=CARTESIAN_POINT('Ctrl Pts',(13.5155087219537,4.27379869592477,47.5995964818001));
#4294=CARTESIAN_POINT('Ctrl Pts',(13.3508565566646,3.63433184792709,47.9270457310377));
#4295=CARTESIAN_POINT('Ctrl Pts',(13.1736475298372,2.82237530115996,48.2384919259107));
#4296=CARTESIAN_POINT('Ctrl Pts',(13.0662143756335,1.69374544963576,48.4223315095784));
#4297=CARTESIAN_POINT('Ctrl Pts',(13.0887505919491,7.09891099360513,49.1995519677267));
#4298=CARTESIAN_POINT('Ctrl Pts',(12.7369462286654,6.01417988882644,49.580850823903));
#4299=CARTESIAN_POINT('Ctrl Pts',(12.3668942113589,4.65288695073231,49.9251919453017));
#4300=CARTESIAN_POINT('Ctrl Pts',(12.1435778397739,2.78787128602649,50.1239718665334));
#4301=CARTESIAN_POINT('Ctrl Pts',(13.3517674838795,9.67659748720683,51.0507343240745));
#4302=CARTESIAN_POINT('Ctrl Pts',(12.6847222512011,8.23215080612717,51.448797140083));
#4303=CARTESIAN_POINT('Ctrl Pts',(11.9829425095228,6.3938257345618,51.7783154726947));
#4304=CARTESIAN_POINT('Ctrl Pts',(11.5563531310357,3.83574402833625,51.9598100282048));
#4305=CARTESIAN_POINT('',(11.5563531310357,3.83574402833627,51.9598100282048));
#4306=CARTESIAN_POINT('',(14.2751021638677,0.611664508536357,46.9455569665811));
#4307=CARTESIAN_POINT('Origin',(29.9811921380252,1.28464447707119,59.3094493830339));
#4308=CARTESIAN_POINT('',(14.5849677212921,1.51288855873418,46.4273531946438));
#4309=CARTESIAN_POINT('Ctrl Pts',(14.2751021638677,0.611664508536367,46.9455569665811));
#4310=CARTESIAN_POINT('Ctrl Pts',(14.3473632878429,1.01510956259759,46.8318023246607));
#4311=CARTESIAN_POINT('Ctrl Pts',(14.4675154287799,1.29664671941552,46.6367552171645));
#4312=CARTESIAN_POINT('Ctrl Pts',(14.5849677212921,1.51288855873418,46.4273531946438));
#4313=CARTESIAN_POINT('',(13.3517674838795,9.67659748720683,51.0507343240745));
#4314=CARTESIAN_POINT('Origin',(31.1541241290522,3.23159563002805,57.4957361812532));
#4315=CARTESIAN_POINT('Ctrl Pts',(13.3517674838795,9.67659748720683,51.0507343240745));
#4316=CARTESIAN_POINT('Ctrl Pts',(12.6847222512011,8.23215080612717,51.448797140083));
#4317=CARTESIAN_POINT('Ctrl Pts',(11.9829425095228,6.3938257345618,51.7783154726947));
#4318=CARTESIAN_POINT('Ctrl Pts',(11.5563531310357,3.83574402833625,51.9598100282048));
#4319=CARTESIAN_POINT('Ctrl Pts',(14.2751021638677,0.611664508536361,46.9455569665811));
#4320=CARTESIAN_POINT('Ctrl Pts',(14.2474943654197,0.457525891190662,46.9890176139376));
#4321=CARTESIAN_POINT('Ctrl Pts',(14.2021878560293,0.0522769521229931,47.0588583131143));
#4322=CARTESIAN_POINT('Ctrl Pts',(14.2353091540054,-0.372273134244309,47.0083845774061));
#4323=CARTESIAN_POINT('Ctrl Pts',(14.271007719455,-0.580122747991853,46.9524236357628));
#4324=CARTESIAN_POINT('Ctrl Pts',(13.0662143756335,1.69374544963575,48.4223315095784));
#4325=CARTESIAN_POINT('Ctrl Pts',(13.0251688908038,1.26254560455686,48.4925685318314));
#4326=CARTESIAN_POINT('Ctrl Pts',(12.9569796943042,0.137842303242879,48.6061099553025));
#4327=CARTESIAN_POINT('Ctrl Pts',(13.0071431370882,-1.03702573700326,48.5239812766621));
#4328=CARTESIAN_POINT('Ctrl Pts',(13.0603539481384,-1.61800910303796,48.4335480887303));
#4329=CARTESIAN_POINT('Ctrl Pts',(12.1435778397739,2.78787128602646,50.1239718665334));
#4330=CARTESIAN_POINT('Ctrl Pts',(12.0582584724889,2.07533079757064,50.1999169349048));
#4331=CARTESIAN_POINT('Ctrl Pts',(11.9174024965017,0.22387164961674,50.3208682745748));
#4332=CARTESIAN_POINT('Ctrl Pts',(12.0206799207699,-1.70746632068047,50.2338694587123));
#4333=CARTESIAN_POINT('Ctrl Pts',(12.1311399874247,-2.66713136419371,50.1362423573007));
#4334=CARTESIAN_POINT('Ctrl Pts',(11.5563531310357,3.83574402833622,51.9598100282048));
#4335=CARTESIAN_POINT('Ctrl Pts',(11.3933720848872,2.85841347666421,52.0291511183));
#4336=CARTESIAN_POINT('Ctrl Pts',(11.1240388105403,0.308374033435601,52.1361394064486));
#4337=CARTESIAN_POINT('Ctrl Pts',(11.3212703376584,-2.3556639304182,52.0600774203343));
#4338=CARTESIAN_POINT('Ctrl Pts',(11.5321018095582,-3.67246453661165,51.9712025092024));
#4339=CARTESIAN_POINT('',(11.5321018095582,-3.67246453661165,51.9712025092024));
#4340=CARTESIAN_POINT('',(14.271007719455,-0.580122747991844,46.9524236357628));
#4341=CARTESIAN_POINT('Origin',(29.9650311496191,-1.21809171124479,59.3334827251698));
#4342=CARTESIAN_POINT('Ctrl Pts',(14.271007719455,-0.580122747991853,46.9524236357628));
#4343=CARTESIAN_POINT('Ctrl Pts',(14.2353091540054,-0.372273134244309,47.0083845774061));
#4344=CARTESIAN_POINT('Ctrl Pts',(14.2021878560293,0.0522769521229931,47.0588583131143));
#4345=CARTESIAN_POINT('Ctrl Pts',(14.2474943654197,0.457525891190662,46.9890176139376));
#4346=CARTESIAN_POINT('Ctrl Pts',(14.2751021638677,0.611664508536361,46.9455569665811));
#4347=CARTESIAN_POINT('Ctrl Pts',(11.5563531310357,3.83574402833622,51.9598100282048));
#4348=CARTESIAN_POINT('Ctrl Pts',(11.3933720848872,2.85841347666421,52.0291511183));
#4349=CARTESIAN_POINT('Ctrl Pts',(11.1240388105403,0.308374033435601,52.1361394064486));
#4350=CARTESIAN_POINT('Ctrl Pts',(11.3212703376584,-2.3556639304182,52.0600774203343));
#4351=CARTESIAN_POINT('Ctrl Pts',(11.5321018095582,-3.67246453661165,51.9712025092024));
#4352=CARTESIAN_POINT('Ctrl Pts',(14.271007719455,-0.580122747991853,46.9524236357628));
#4353=CARTESIAN_POINT('Ctrl Pts',(14.3015876696944,-0.758169982261123,46.9044866167468));
#4354=CARTESIAN_POINT('Ctrl Pts',(14.3980669815677,-1.12061161427882,46.7511686694481));
#4355=CARTESIAN_POINT('Ctrl Pts',(14.5164479389232,-1.37875312692662,46.5505941751521));
#4356=CARTESIAN_POINT('Ctrl Pts',(14.58482458724,-1.50473966914936,46.428829115271));
#4357=CARTESIAN_POINT('Ctrl Pts',(13.0603539481384,-1.61800910303796,48.4335480887303));
#4358=CARTESIAN_POINT('Ctrl Pts',(13.1059351622186,-2.11568855316517,48.3560816036735));
#4359=CARTESIAN_POINT('Ctrl Pts',(13.2493074060707,-3.13910622425126,48.1095396400158));
#4360=CARTESIAN_POINT('Ctrl Pts',(13.4201159838108,-3.89066016146649,47.7926260704462));
#4361=CARTESIAN_POINT('Ctrl Pts',(13.516060753493,-4.26315599357454,47.60222495039));
#4362=CARTESIAN_POINT('Ctrl Pts',(12.1311399874247,-2.66713136419371,50.1362423573007));
#4363=CARTESIAN_POINT('Ctrl Pts',(12.2257618104368,-3.48919546978386,50.0526134532929));
#4364=CARTESIAN_POINT('Ctrl Pts',(12.5238702408644,-5.18788655397547,49.7839510766212));
#4365=CARTESIAN_POINT('Ctrl Pts',(12.8842063312257,-6.45355053623269,49.4245868270419));
#4366=CARTESIAN_POINT('Ctrl Pts',(13.0891289314965,-7.08533516862961,49.2029373042327));
#4367=CARTESIAN_POINT('Ctrl Pts',(11.5321018095582,-3.67246453661165,51.9712025092024));
#4368=CARTESIAN_POINT('Ctrl Pts',(11.7127033502201,-4.80045655829473,51.895070868456));
#4369=CARTESIAN_POINT('Ctrl Pts',(12.2800650550001,-7.11918153303253,51.6455309481354));
#4370=CARTESIAN_POINT('Ctrl Pts',(12.9626512911344,-8.8190474914239,51.2859172882695));
#4371=CARTESIAN_POINT('Ctrl Pts',(13.3510660886939,-9.66034523015284,51.054608615721));
#4372=CARTESIAN_POINT('',(13.3510660886939,-9.66034523015281,51.054608615721));
#4373=CARTESIAN_POINT('',(14.58482458724,-1.50473966914936,46.428829115271));
#4374=CARTESIAN_POINT('Origin',(31.1524875402858,-3.21405194242518,57.5009019034486));
#4375=CARTESIAN_POINT('Ctrl Pts',(14.58482458724,-1.50473966914936,46.428829115271));
#4376=CARTESIAN_POINT('Ctrl Pts',(14.5164479389232,-1.37875312692662,46.5505941751521));
#4377=CARTESIAN_POINT('Ctrl Pts',(14.3980669815677,-1.12061161427882,46.7511686694481));
#4378=CARTESIAN_POINT('Ctrl Pts',(14.3015876696944,-0.758169982261123,46.9044866167468));
#4379=CARTESIAN_POINT('Ctrl Pts',(14.271007719455,-0.580122747991853,46.9524236357628));
#4380=CARTESIAN_POINT('Ctrl Pts',(11.5321018095582,-3.67246453661165,51.9712025092024));
#4381=CARTESIAN_POINT('Ctrl Pts',(11.7127033502201,-4.80045655829473,51.895070868456));
#4382=CARTESIAN_POINT('Ctrl Pts',(12.2800650550001,-7.11918153303253,51.6455309481354));
#4383=CARTESIAN_POINT('Ctrl Pts',(12.9626512911344,-8.8190474914239,51.2859172882695));
#4384=CARTESIAN_POINT('Ctrl Pts',(13.3510660886939,-9.66034523015284,51.054608615721));
#4385=CARTESIAN_POINT('Ctrl Pts',(15.4257947010679,3.48835521727244,43.7091112039295));
#4386=CARTESIAN_POINT('Ctrl Pts',(15.2971324601852,3.05789045609061,44.71712528467));
#4387=CARTESIAN_POINT('Ctrl Pts',(15.0299305243078,2.33211118005772,45.6340429160232));
#4388=CARTESIAN_POINT('Ctrl Pts',(14.5849677212846,1.51288855872043,46.4273531946571));
#4389=CARTESIAN_POINT('Ctrl Pts',(14.8069116019199,5.68922776493214,44.2495989714387));
#4390=CARTESIAN_POINT('Ctrl Pts',(14.5302088391472,5.49925710590409,45.597279969625));
#4391=CARTESIAN_POINT('Ctrl Pts',(14.0978228354114,4.94097874107004,46.7031000190764));
#4392=CARTESIAN_POINT('Ctrl Pts',(13.5155087219439,4.27379869591356,47.5995964818152));
#4393=CARTESIAN_POINT('Ctrl Pts',(14.5866259074629,7.97964020887003,44.8792826301365));
#4394=CARTESIAN_POINT('Ctrl Pts',(14.2708008763661,8.0439271915048,46.6456547275837));
#4395=CARTESIAN_POINT('Ctrl Pts',(13.7662542903118,7.64475083006431,48.0635617172544));
#4396=CARTESIAN_POINT('Ctrl Pts',(13.0887505919377,7.09891099359596,49.1995519677458));
#4397=CARTESIAN_POINT('Ctrl Pts',(14.7783647627375,10.2199843000637,45.5597808687173));
#4398=CARTESIAN_POINT('Ctrl Pts',(14.53857275974,10.4967489049477,47.7873162802262));
#4399=CARTESIAN_POINT('Ctrl Pts',(14.065587805512,10.1861972592288,49.5886226477801));
#4400=CARTESIAN_POINT('Ctrl Pts',(13.3517674838675,9.67659748719828,51.050734324099));
#4401=CARTESIAN_POINT('Ctrl Pts',(14.5849677212846,1.51288855872043,46.4273531946571));
#4402=CARTESIAN_POINT('Ctrl Pts',(15.0299305243078,2.33211118005772,45.6340429160232));
#4403=CARTESIAN_POINT('Ctrl Pts',(15.2971324601852,3.05789045609061,44.71712528467));
#4404=CARTESIAN_POINT('Ctrl Pts',(15.4257947010679,3.48835521727244,43.7091112039295));
#4405=CARTESIAN_POINT('Ctrl Pts',(14.7783647627375,10.2199843000637,45.5597808687173));
#4406=CARTESIAN_POINT('Ctrl Pts',(14.53857275974,10.4967489049477,47.7873162802262));
#4407=CARTESIAN_POINT('Ctrl Pts',(14.065587805512,10.1861972592288,49.5886226477801));
#4408=CARTESIAN_POINT('Ctrl Pts',(13.3517674838675,9.67659748719828,51.050734324099));
#4409=CARTESIAN_POINT('Ctrl Pts',(15.427251307956,-3.4882107953881,43.7027478005969));
#4410=CARTESIAN_POINT('Ctrl Pts',(15.1184102865266,-5.34161338662795,43.2091976632334));
#4411=CARTESIAN_POINT('Ctrl Pts',(14.9231870583228,-7.52815792092756,42.707398715022));
#4412=CARTESIAN_POINT('Ctrl Pts',(14.9901853469741,-9.71006259026039,42.202965421742));
#4413=CARTESIAN_POINT('Ctrl Pts',(14.9904665528418,-9.71963996505759,42.2007467893743));
#4414=CARTESIAN_POINT('Ctrl Pts',(14.9907596340807,-9.72922419336861,42.1985281282381));
#4415=CARTESIAN_POINT('Ctrl Pts',(14.8099458382583,-5.6853607245387,44.2423629529669));
#4416=CARTESIAN_POINT('Ctrl Pts',(14.8818513325403,-6.91638225320045,43.6181035976712));
#4417=CARTESIAN_POINT('Ctrl Pts',(14.9376284507998,-8.3199559145374,42.9173360232315));
#4418=CARTESIAN_POINT('Ctrl Pts',(14.9902998068343,-9.71694838417488,42.2047912923688));
#4419=CARTESIAN_POINT('Ctrl Pts',(14.9905294109847,-9.7230849956408,42.2016604136019));
#4420=CARTESIAN_POINT('Ctrl Pts',(14.9907596340807,-9.72922419336861,42.1985281282381));
#4421=CARTESIAN_POINT('Ctrl Pts',(14.5899047914181,-7.97174210660692,44.870528800029));
#4422=CARTESIAN_POINT('Ctrl Pts',(14.80935013018,-8.49769415532725,44.0353043036608));
#4423=CARTESIAN_POINT('Ctrl Pts',(14.9519262193655,-9.11062471264957,43.1268086785178));
#4424=CARTESIAN_POINT('Ctrl Pts',(14.9904215846953,-9.72383751283897,42.2066187769509));
#4425=CARTESIAN_POINT('Ctrl Pts',(14.9905922691275,-9.72653002622401,42.2025740378295));
#4426=CARTESIAN_POINT('Ctrl Pts',(14.9907596340807,-9.72922419336861,42.1985281282381));
#4427=CARTESIAN_POINT('Ctrl Pts',(14.7804944357842,-10.2084700038103,45.5490877643683));
#4428=CARTESIAN_POINT('Ctrl Pts',(14.8973023953367,-10.0726536779802,44.4583059455735));
#4429=CARTESIAN_POINT('Ctrl Pts',(14.9663501764954,-9.90153074327452,43.3360789804685));
#4430=CARTESIAN_POINT('Ctrl Pts',(14.9905498459053,-9.73072573274859,42.2084470603484));
#4431=CARTESIAN_POINT('Ctrl Pts',(14.9906551272704,-9.72997505680721,42.2034876620571));
#4432=CARTESIAN_POINT('Ctrl Pts',(14.9907596340807,-9.72922419336861,42.1985281282381));
#4433=CARTESIAN_POINT('',(14.7804944357842,-10.2084700038103,45.5490877643683));
#4434=CARTESIAN_POINT('',(14.9907596340807,-9.72922419336862,42.1985281282381));
#4435=CARTESIAN_POINT('Ctrl Pts',(14.7804944357842,-10.2084700038103,45.5490877643683));
#4436=CARTESIAN_POINT('Ctrl Pts',(14.8973023953367,-10.0726536779802,44.4583059455735));
#4437=CARTESIAN_POINT('Ctrl Pts',(14.9663501764954,-9.90153074327452,43.3360789804685));
#4438=CARTESIAN_POINT('Ctrl Pts',(14.9905498459053,-9.73072573274859,42.2084470603484));
#4439=CARTESIAN_POINT('Ctrl Pts',(14.9906551272704,-9.72997505680721,42.2034876620571));
#4440=CARTESIAN_POINT('Ctrl Pts',(14.9907596340807,-9.72922419336861,42.1985281282381));
#4441=CARTESIAN_POINT('',(15.4272513079561,-3.48821079538806,43.7027478005969));
#4442=CARTESIAN_POINT('Ctrl Pts',(14.9907596340807,-9.72922419336861,42.1985281282381));
#4443=CARTESIAN_POINT('Ctrl Pts',(14.9904665528418,-9.71963996505759,42.2007467893743));
#4444=CARTESIAN_POINT('Ctrl Pts',(14.9901853469741,-9.71006259026039,42.202965421742));
#4445=CARTESIAN_POINT('Ctrl Pts',(14.9231870583228,-7.52815792092756,42.707398715022));
#4446=CARTESIAN_POINT('Ctrl Pts',(15.1184102865266,-5.34161338662795,43.2091976632334));
#4447=CARTESIAN_POINT('Ctrl Pts',(15.427251307956,-3.4882107953881,43.7027478005969));
#4448=CARTESIAN_POINT('Origin',(34.4878203501631,-7.79794046608942,47.9596173020892));
#4449=CARTESIAN_POINT('Ctrl Pts',(14.58482458724,-1.50473966914936,46.428829115271));
#4450=CARTESIAN_POINT('Ctrl Pts',(15.031371674049,-2.32751944545666,45.6336185557666));
#4451=CARTESIAN_POINT('Ctrl Pts',(15.2989973023076,-3.05671876807129,44.7138683719206));
#4452=CARTESIAN_POINT('Ctrl Pts',(15.4272513079561,-3.48821079538804,43.7027478005969));
#4453=CARTESIAN_POINT('Ctrl Pts',(13.516060753493,-4.26315599357453,47.60222495039));
#4454=CARTESIAN_POINT('Ctrl Pts',(14.1001953768767,-4.93368758826916,46.7037226306797));
#4455=CARTESIAN_POINT('Ctrl Pts',(14.5334525496469,-5.49513734076725,45.594567403883));
#4456=CARTESIAN_POINT('Ctrl Pts',(14.8099458382583,-5.68536072453865,44.2423629529668));
#4457=CARTESIAN_POINT('Ctrl Pts',(13.0891289314965,-7.08533516862958,49.2029373042327));
#4458=CARTESIAN_POINT('Ctrl Pts',(13.7687175999794,-7.63446077315942,48.0646807522936));
#4459=CARTESIAN_POINT('Ctrl Pts',(14.274319658535,-8.03660798977258,46.6427551247185));
#4460=CARTESIAN_POINT('Ctrl Pts',(14.5899047914181,-7.97174210660689,44.8705288000289));
#4461=CARTESIAN_POINT('Ctrl Pts',(13.3510660886939,-9.66034523015281,51.054608615721));
#4462=CARTESIAN_POINT('Ctrl Pts',(14.0672391843202,-10.1732917110874,49.5898450331365));
#4463=CARTESIAN_POINT('Ctrl Pts',(14.5411936599219,-10.4867126190424,47.783738010241));
#4464=CARTESIAN_POINT('Ctrl Pts',(14.7804944357842,-10.2084700038103,45.5490877643682));
#4465=CARTESIAN_POINT('Ctrl Pts',(15.4272513079561,-3.48821079538804,43.7027478005969));
#4466=CARTESIAN_POINT('Ctrl Pts',(15.2989973023076,-3.05671876807129,44.7138683719206));
#4467=CARTESIAN_POINT('Ctrl Pts',(15.031371674049,-2.32751944545666,45.6336185557666));
#4468=CARTESIAN_POINT('Ctrl Pts',(14.58482458724,-1.50473966914936,46.428829115271));
#4469=CARTESIAN_POINT('Ctrl Pts',(13.3510660886939,-9.66034523015281,51.054608615721));
#4470=CARTESIAN_POINT('Ctrl Pts',(14.0672391843202,-10.1732917110874,49.5898450331365));
#4471=CARTESIAN_POINT('Ctrl Pts',(14.5411936599219,-10.4867126190424,47.783738010241));
#4472=CARTESIAN_POINT('Ctrl Pts',(14.7804944357842,-10.2084700038103,45.5490877643682));
#4473=CARTESIAN_POINT('Ctrl Pts',(14.7694937835865,9.74579926487421,43.8782748565412));
#4474=CARTESIAN_POINT('Ctrl Pts',(14.7362071747727,7.63800641968708,43.7965681300279));
#4475=CARTESIAN_POINT('Ctrl Pts',(14.9550209878935,5.53331027204733,43.7462732077942));
#4476=CARTESIAN_POINT('Ctrl Pts',(15.4257947010679,3.48835521727243,43.7091112039295));
#4477=CARTESIAN_POINT('Ctrl Pts',(14.9020905430636,9.74246338880013,43.3291278420377));
#4478=CARTESIAN_POINT('Ctrl Pts',(14.8643557035747,7.64567035166668,43.2417012468187));
#4479=CARTESIAN_POINT('Ctrl Pts',(15.0790794819779,5.55094248171204,43.1879502855531));
#4480=CARTESIAN_POINT('Ctrl Pts',(15.5454301376144,3.51540931123226,43.1482373563787));
#4481=CARTESIAN_POINT('Ctrl Pts',(14.976315819797,9.74059602548202,42.7658970281306));
#4482=CARTESIAN_POINT('Ctrl Pts',(14.9329395254301,7.65003760282853,42.6731420369246));
#4483=CARTESIAN_POINT('Ctrl Pts',(15.1433867041075,5.56021522052208,42.6161974273138));
#4484=CARTESIAN_POINT('Ctrl Pts',(15.6059442725468,3.52909384434067,42.5741289354702));
#4485=CARTESIAN_POINT('Ctrl Pts',(14.9905150907803,9.74023879949453,42.2011371452386));
#4486=CARTESIAN_POINT('Ctrl Pts',(14.9404040035719,7.65101142416584,42.1037606750788));
#4487=CARTESIAN_POINT('Ctrl Pts',(15.1464721948722,5.56091729683401,42.0440823129059));
#4488=CARTESIAN_POINT('Ctrl Pts',(15.6059442725468,3.52909384434067,42.));
#4489=CARTESIAN_POINT('',(15.6060240923544,3.5289778897429,42.0000086711106));
#4490=CARTESIAN_POINT('Origin',(7.80297213627341,1.76454692217033,42.));
#4491=CARTESIAN_POINT('Ctrl Pts',(15.6059442725468,3.52909384434067,42.));
#4492=CARTESIAN_POINT('Ctrl Pts',(15.1464721948722,5.56091729683401,42.0440823129059));
#4493=CARTESIAN_POINT('Ctrl Pts',(14.9404040035719,7.65101142416584,42.1037606750788));
#4494=CARTESIAN_POINT('Ctrl Pts',(14.9905150907803,9.74023879949453,42.2011371452386));
#4495=CARTESIAN_POINT('Ctrl Pts',(13.9363038564787,3.15152504031938,46.9455569665811));
#4496=CARTESIAN_POINT('Ctrl Pts',(14.2200342759786,1.89684570606437,46.9455569665811));
#4497=CARTESIAN_POINT('Ctrl Pts',(14.2751021638677,0.611664508536348,46.9455569665811));
#4498=CARTESIAN_POINT('Ctrl Pts',(15.6059442725468,3.52909384434067,44.7690299814068));
#4499=CARTESIAN_POINT('Ctrl Pts',(15.923667046156,2.12409751447109,44.7690299814068));
#4500=CARTESIAN_POINT('Ctrl Pts',(15.9853323484094,0.684945042244858,44.7690299814068));
#4501=CARTESIAN_POINT('Ctrl Pts',(15.6059442725468,3.52909384434067,42.));
#4502=CARTESIAN_POINT('Ctrl Pts',(15.923667046156,2.12409751447109,42.));
#4503=CARTESIAN_POINT('Ctrl Pts',(15.9853323484094,0.684945042244858,42.));
#4504=CARTESIAN_POINT('',(15.9853323484094,0.684945042244855,42.));
#4505=CARTESIAN_POINT('Origin',(7.9926661742047,0.342472521122427,42.));
#4506=CARTESIAN_POINT('Origin',(0.,0.,42.));
#4507=CARTESIAN_POINT('Ctrl Pts',(15.9867966947787,-0.64987032538136,42.));
#4508=CARTESIAN_POINT('Ctrl Pts',(16.0139283536092,0.0175679261808525,42.));
#4509=CARTESIAN_POINT('Ctrl Pts',(15.9853323484094,0.684945042244872,42.));
#4510=CARTESIAN_POINT('Ctrl Pts',(15.9867966947787,-0.64987032538136,44.8312834549585));
#4511=CARTESIAN_POINT('Ctrl Pts',(16.0139283536092,0.0175679261808525,44.8312834549585));
#4512=CARTESIAN_POINT('Ctrl Pts',(15.9853323484094,0.684945042244872,44.8312834549585));
#4513=CARTESIAN_POINT('Ctrl Pts',(14.2072960178532,-0.577532839266482,47.0322629258408));
#4514=CARTESIAN_POINT('Ctrl Pts',(14.2314076341964,0.0156124289584968,47.0322629258408));
#4515=CARTESIAN_POINT('Ctrl Pts',(14.2059946688251,0.608703366717117,47.0322629258408));
#4516=CARTESIAN_POINT('',(15.9867966947787,-0.649870325381341,42.));
#4517=CARTESIAN_POINT('Origin',(7.99339834738937,-0.32493516269067,42.));
#4518=CARTESIAN_POINT('Origin',(0.,0.,42.));
#4519=CARTESIAN_POINT('Ctrl Pts',(14.271007719455,-0.580122747991836,46.9524236357628));
#4520=CARTESIAN_POINT('Ctrl Pts',(14.2181464282844,-1.88050942816751,46.9524236357628));
#4521=CARTESIAN_POINT('Ctrl Pts',(13.9311224701776,-3.14992546775233,46.9524236357628));
#4522=CARTESIAN_POINT('Ctrl Pts',(15.986796694779,-0.649870325381353,44.7739242864893));
#4523=CARTESIAN_POINT('Ctrl Pts',(15.927579943476,-2.10660119465462,44.7739242864893));
#4524=CARTESIAN_POINT('Ctrl Pts',(15.6060473821468,-3.52863785421499,44.7739242864893));
#4525=CARTESIAN_POINT('Ctrl Pts',(15.9867966947788,-0.649870325381341,41.9999999999992));
#4526=CARTESIAN_POINT('Ctrl Pts',(15.9275799434757,-2.10660119465458,41.9999999999992));
#4527=CARTESIAN_POINT('Ctrl Pts',(15.6060473821465,-3.52863785421493,41.9999999999992));
#4528=CARTESIAN_POINT('',(15.6061242250835,-3.52853410077659,42.0000077394011));
#4529=CARTESIAN_POINT('Origin',(7.80302369107325,-1.76431892710743,42.));
#4530=CARTESIAN_POINT('Origin',(0.,0.,42.));
#4531=CARTESIAN_POINT('Ctrl Pts',(15.4272513079559,-3.48821079538798,43.7027478005976));
#4532=CARTESIAN_POINT('Ctrl Pts',(14.9574701829668,-5.52969158599738,43.7394097729858));
#4533=CARTESIAN_POINT('Ctrl Pts',(14.7388953757185,-7.6306605101173,43.789007510364));
#4534=CARTESIAN_POINT('Ctrl Pts',(14.7716999683519,-9.7346637324336,43.8698534726229));
#4535=CARTESIAN_POINT('Ctrl Pts',(15.5459913822177,-3.51505876724096,43.1438956009705));
#4536=CARTESIAN_POINT('Ctrl Pts',(15.0805772399826,-5.54719875136145,43.1830612603048));
#4537=CARTESIAN_POINT('Ctrl Pts',(14.8660336347753,-7.6382893828947,43.2360494228607));
#4538=CARTESIAN_POINT('Ctrl Pts',(14.9032318824912,-9.7313976223404,43.3225248051082));
#4539=CARTESIAN_POINT('Ctrl Pts',(15.6060473821465,-3.52863785421491,42.5719578654555));
#4540=CARTESIAN_POINT('Ctrl Pts',(15.1443697688966,-5.55640105233787,42.6134355294585));
#4541=CARTESIAN_POINT('Ctrl Pts',(14.9340322499513,-7.64263104171128,42.6695566933156));
#4542=CARTESIAN_POINT('Ctrl Pts',(14.9767944838163,-9.7295709663821,42.761275706218));
#4543=CARTESIAN_POINT('Ctrl Pts',(15.6060473821465,-3.52863785421491,42.));
#4544=CARTESIAN_POINT('Ctrl Pts',(15.1473998841558,-5.55709044160547,42.0434553377878));
#4545=CARTESIAN_POINT('Ctrl Pts',(14.9413610705497,-7.64358996869399,42.102259672495));
#4546=CARTESIAN_POINT('Ctrl Pts',(14.9907596340807,-9.72922419336864,42.1985281282381));
#4547=CARTESIAN_POINT('Ctrl Pts',(14.9907596340807,-9.72922419336864,42.1985281282381));
#4548=CARTESIAN_POINT('Ctrl Pts',(14.9413610705497,-7.64358996869399,42.102259672495));
#4549=CARTESIAN_POINT('Ctrl Pts',(15.1473998841558,-5.55709044160547,42.0434553377878));
#4550=CARTESIAN_POINT('Ctrl Pts',(15.6060473821465,-3.52863785421491,42.));
#4551=CARTESIAN_POINT('Ctrl Pts',(13.3517674838795,-9.65840808432953,51.0507343240745));
#4552=CARTESIAN_POINT('Ctrl Pts',(12.8158266848731,-11.1387814738243,54.011481103064));
#4553=CARTESIAN_POINT('Ctrl Pts',(11.9363193772866,-12.9930511903047,57.7200205360249));
#4554=CARTESIAN_POINT('Ctrl Pts',(10.3358889929331,-15.4340461036223,62.6020103626601));
#4555=CARTESIAN_POINT('Ctrl Pts',(8.83939239162138,-17.2372041831252,66.2083265216658));
#4556=CARTESIAN_POINT('Ctrl Pts',(6.82657240936896,-18.977730088407,69.6893783322294));
#4557=CARTESIAN_POINT('Ctrl Pts',(4.64629056513826,-20.2523582371999,72.2386346298152));
#4558=CARTESIAN_POINT('Ctrl Pts',(2.35199697246272,-21.0299171187024,73.7937523928202));
#4559=CARTESIAN_POINT('Ctrl Pts',(-5.7856306522363E-7,-21.291230659938,
74.3163794752913));
#4560=CARTESIAN_POINT('Ctrl Pts',(-2.35200469220213,-21.02994113677,73.7938004289553));
#4561=CARTESIAN_POINT('Ctrl Pts',(-4.64629322656563,-20.2523733141492,72.2386647837137));
#4562=CARTESIAN_POINT('Ctrl Pts',(-6.82659010206688,-18.9777395770903,69.6893973095959));
#4563=CARTESIAN_POINT('Ctrl Pts',(-8.83936933875392,-17.2371733535218,66.208264862459));
#4564=CARTESIAN_POINT('Ctrl Pts',(-10.6353028082741,-15.0735380571361,61.8809942696875));
#4565=CARTESIAN_POINT('Ctrl Pts',(-12.1702196415528,-12.539724701993,56.8133675594014));
#4566=CARTESIAN_POINT('Ctrl Pts',(-12.9944736178752,-10.6453236773261,53.0245655100675));
#4567=CARTESIAN_POINT('Ctrl Pts',(-13.3517674838795,-9.65840808432954,51.0507343240745));
#4568=CARTESIAN_POINT('Ctrl Pts',(12.7836680333603,-7.88353669220552,50.845064811513));
#4569=CARTESIAN_POINT('Ctrl Pts',(12.0831389770141,-9.11346308212987,53.7064684593983));
#4570=CARTESIAN_POINT('Ctrl Pts',(10.9595593067852,-10.6753623804153,57.2197237237103));
#4571=CARTESIAN_POINT('Ctrl Pts',(9.05684559226711,-12.7796352775351,61.6672899848626));
#4572=CARTESIAN_POINT('Ctrl Pts',(7.378366720098,-14.3652744862308,64.8301544406532));
#4573=CARTESIAN_POINT('Ctrl Pts',(5.34721800379192,-15.9398849999433,67.693294755727));
#4574=CARTESIAN_POINT('Ctrl Pts',(3.41850955110357,-17.124495753801,69.6361492948534));
#4575=CARTESIAN_POINT('Ctrl Pts',(1.64847556555167,-17.863335754085,70.7343026590098));
#4576=CARTESIAN_POINT('Ctrl Pts',(-1.7140223209467E-5,-18.1148814269548,
71.08516283704));
#4577=CARTESIAN_POINT('Ctrl Pts',(-1.64837584316553,-17.8633793119169,70.7342212998642));
#4578=CARTESIAN_POINT('Ctrl Pts',(-3.4184189428026,-17.1244923387623,69.636257918272));
#4579=CARTESIAN_POINT('Ctrl Pts',(-5.34736763790568,-15.9396171315524,67.6935272124093));
#4580=CARTESIAN_POINT('Ctrl Pts',(-7.37831923077962,-14.3654770788908,64.82981864861));
#4581=CARTESIAN_POINT('Ctrl Pts',(-9.39294719682663,-12.4623016568475,61.0355446956014));
#4582=CARTESIAN_POINT('Ctrl Pts',(-11.2571317966402,-10.2913602408157,56.367997120381));
#4583=CARTESIAN_POINT('Ctrl Pts',(-12.3166486624628,-8.70348761882176,52.7526672434366));
#4584=CARTESIAN_POINT('Ctrl Pts',(-12.7836680333603,-7.88353669220553,50.845064811513));
#4585=CARTESIAN_POINT('Ctrl Pts',(11.9612974032567,-4.22023108235299,50.5473412941188));
#4586=CARTESIAN_POINT('Ctrl Pts',(11.0191954665312,-4.8955857296382,53.2637539907495));
#4587=CARTESIAN_POINT('Ctrl Pts',(9.53171716283204,-5.76993922725906,56.489580911806));
#4588=CARTESIAN_POINT('Ctrl Pts',(7.16412556930471,-6.98493282393667,60.2845775584385));
#4589=CARTESIAN_POINT('Ctrl Pts',(5.19385071627602,-7.92484387180489,62.77186971007));
#4590=CARTESIAN_POINT('Ctrl Pts',(3.10757732153746,-8.89213492760664,64.6754551000272));
#4591=CARTESIAN_POINT('Ctrl Pts',(1.53914582154461,-9.64490142449617,65.6585271720013));
#4592=CARTESIAN_POINT('Ctrl Pts',(0.563831136113638,-10.1271672274229,66.0230282933964));
#4593=CARTESIAN_POINT('Ctrl Pts',(6.92293184235725E-5,-10.2937135553148,
66.0961275788509));
#4594=CARTESIAN_POINT('Ctrl Pts',(-0.563415109894364,-10.1272126630234,
66.0227222033557));
#4595=CARTESIAN_POINT('Ctrl Pts',(-1.53891141914946,-9.64489967163228,65.6587689301277));
#4596=CARTESIAN_POINT('Ctrl Pts',(-3.10793767110312,-8.89217790568737,64.6755259823266));
#4597=CARTESIAN_POINT('Ctrl Pts',(-5.19390254542687,-7.92481735529514,62.7714817324531));
#4598=CARTESIAN_POINT('Ctrl Pts',(-7.55896864803762,-6.79685214831568,59.7884962572842));
#4599=CARTESIAN_POINT('Ctrl Pts',(-9.9249247225284,-5.55320181118628,55.7189049116858));
#4600=CARTESIAN_POINT('Ctrl Pts',(-11.3332294454397,-4.67046751387647,52.3582830918726));
#4601=CARTESIAN_POINT('Ctrl Pts',(-11.9612974032567,-4.22023108235299,50.5473412941188));
#4602=CARTESIAN_POINT('Ctrl Pts',(11.7123318424883,1.42302692479713,50.4572080868413));
#4603=CARTESIAN_POINT('Ctrl Pts',(10.6963670926927,1.65012460339284,53.1294611658886));
#4604=CARTESIAN_POINT('Ctrl Pts',(9.09658380704093,1.94558120825728,56.2673815180343));
#4605=CARTESIAN_POINT('Ctrl Pts',(6.58234511742991,2.35903106762288,59.8597321415403));
#4606=CARTESIAN_POINT('Ctrl Pts',(4.51763165031872,2.68085381361896,62.1353027854328));
#4607=CARTESIAN_POINT('Ctrl Pts',(2.40829764166472,3.0146333236164,63.7341287319971));
#4608=CARTESIAN_POINT('Ctrl Pts',(0.94797137626609,3.27643153376564,64.4086296533509));
#4609=CARTESIAN_POINT('Ctrl Pts',(0.220900521873872,3.44516488084122,64.535022006478));
#4610=CARTESIAN_POINT('Ctrl Pts',(0.000102805984425254,3.50357973240483,
64.5175462221323));
#4611=CARTESIAN_POINT('Ctrl Pts',(-0.220374172058559,3.44518211679236,64.5346431399249));
#4612=CARTESIAN_POINT('Ctrl Pts',(-0.947689998844408,3.27643427259444,64.4089146121815));
#4613=CARTESIAN_POINT('Ctrl Pts',(-2.40871587851748,3.01475134411509,63.7341103084538));
#4614=CARTESIAN_POINT('Ctrl Pts',(-4.51772176036695,2.68076514759795,62.134909920704));
#4615=CARTESIAN_POINT('Ctrl Pts',(-6.99621215925496,2.29468931439543,59.4061527143175));
#4616=CARTESIAN_POINT('Ctrl Pts',(-9.51943422427452,1.87216846642163,55.5215041421445));
#4617=CARTESIAN_POINT('Ctrl Pts',(-11.0350220092912,1.57442537719428,52.2387101395395));
#4618=CARTESIAN_POINT('Ctrl Pts',(-11.7123318424883,1.42302692479713,50.4572080868413));
#4619=CARTESIAN_POINT('Ctrl Pts',(12.3328013369979,6.08438898432248,50.6818371696163));
#4620=CARTESIAN_POINT('Ctrl Pts',(11.5003014200737,7.04382047721084,53.4639217028517));
#4621=CARTESIAN_POINT('Ctrl Pts',(10.1785321168991,8.27513870359665,56.8201120639465));
#4622=CARTESIAN_POINT('Ctrl Pts',(8.02470453890037,9.96263770095068,60.9131106368166));
#4623=CARTESIAN_POINT('Ctrl Pts',(6.19007865651886,11.2529121054848,63.7101097871691));
#4624=CARTESIAN_POINT('Ctrl Pts',(4.13275498030389,12.5601525127288,66.0561823766077));
#4625=CARTESIAN_POINT('Ctrl Pts',(2.40213243810498,13.5625499649952,67.4841178107967));
#4626=CARTESIAN_POINT('Ctrl Pts',(1.06302838827536,14.1973499800608,68.190022535893));
#4627=CARTESIAN_POINT('Ctrl Pts',(3.97090948898759E-5,14.4152642428207,
68.3926775454313));
#4628=CARTESIAN_POINT('Ctrl Pts',(-1.06274994225121,14.1974002306439,68.1898222810703));
#4629=CARTESIAN_POINT('Ctrl Pts',(-2.40196242892355,13.5625454476187,67.4842934662693));
#4630=CARTESIAN_POINT('Ctrl Pts',(-4.13301507095203,12.5600311708491,66.0562866108837));
#4631=CARTESIAN_POINT('Ctrl Pts',(-6.19010014843372,11.2530090213187,63.709783251464));
#4632=CARTESIAN_POINT('Ctrl Pts',(-8.39221315713269,9.70439699852658,60.3548111370298));
#4633=CARTESIAN_POINT('Ctrl Pts',(-10.5281191547098,7.97105657082689,56.0126886375899));
#4634=CARTESIAN_POINT('Ctrl Pts',(-11.7778013923818,6.72400997958139,52.5365601917732));
#4635=CARTESIAN_POINT('Ctrl Pts',(-12.3328013369979,6.08438898432248,50.6818371696163));
#4636=CARTESIAN_POINT('Ctrl Pts',(13.0677177586199,8.78916179114482,50.9478995677937));
#4637=CARTESIAN_POINT('Ctrl Pts',(12.4495579894107,10.1442770360765,53.8590107494204));
#4638=CARTESIAN_POINT('Ctrl Pts',(11.4478041686931,11.8526142022429,57.4696418300517));
#4639=CARTESIAN_POINT('Ctrl Pts',(9.69644160499142,14.1252030152719,62.1344638795665));
#4640=CARTESIAN_POINT('Ctrl Pts',(8.10893485935915,15.8196460482731,65.5190064300908));
#4641=CARTESIAN_POINT('Ctrl Pts',(6.08726171836324,17.4768503045921,68.6914865434385));
#4642=CARTESIAN_POINT('Ctrl Pts',(4.03267320172341,18.7063604859966,70.9376636110635));
#4643=CARTESIAN_POINT('Ctrl Pts',(2.00066779642968,19.4645251636566,72.2643396334874));
#4644=CARTESIAN_POINT('Ctrl Pts',(5.5802737280202E-5,19.7208283435502,72.701223604963));
#4645=CARTESIAN_POINT('Ctrl Pts',(-2.00055149498006,19.4645591121035,72.2643232038758));
#4646=CARTESIAN_POINT('Ctrl Pts',(-4.03262253473195,18.7063767293092,70.9377214223708));
#4647=CARTESIAN_POINT('Ctrl Pts',(-6.08732886326715,17.4769836345598,68.6913315598892));
#4648=CARTESIAN_POINT('Ctrl Pts',(-8.10898729690453,15.8195266878082,65.5190255336285));
#4649=CARTESIAN_POINT('Ctrl Pts',(-10.0141074959295,13.7864369027565,61.4579195733422));
#4650=CARTESIAN_POINT('Ctrl Pts',(-11.7136464800136,11.4337836858605,56.5906278001859));
#4651=CARTESIAN_POINT('Ctrl Pts',(-12.6556112458137,9.69257195443262,52.8886403555449));
#4652=CARTESIAN_POINT('Ctrl Pts',(-13.0677177586199,8.78916179114482,50.9478995677937));
#4653=CARTESIAN_POINT('Ctrl Pts',(13.3517674838795,9.67659748720682,51.0507343240745));
#4654=CARTESIAN_POINT('Ctrl Pts',(12.815826684873,11.1569708767016,54.011481103064));
#4655=CARTESIAN_POINT('Ctrl Pts',(11.9363193772866,13.011240593182,57.7200205360249));
#4656=CARTESIAN_POINT('Ctrl Pts',(10.3358889929331,15.4522355064996,62.6020103626601));
#4657=CARTESIAN_POINT('Ctrl Pts',(8.83939239162138,17.2553935860025,66.2083265216658));
#4658=CARTESIAN_POINT('Ctrl Pts',(6.82657240936896,18.9959194912843,69.6893783322295));
#4659=CARTESIAN_POINT('Ctrl Pts',(4.64629056513826,20.2705476400772,72.2386346298152));
#4660=CARTESIAN_POINT('Ctrl Pts',(2.35199697246272,21.0481065215797,73.7937523928202));
#4661=CARTESIAN_POINT('Ctrl Pts',(-5.78563065107237E-7,21.3094200628153,
74.3163794752913));
#4662=CARTESIAN_POINT('Ctrl Pts',(-2.35200469220213,21.0481305396472,73.7938004289553));
#4663=CARTESIAN_POINT('Ctrl Pts',(-4.64629322656563,20.2705627170265,72.2386647837137));
#4664=CARTESIAN_POINT('Ctrl Pts',(-6.82659010206688,18.9959289799676,69.689397309596));
#4665=CARTESIAN_POINT('Ctrl Pts',(-8.83936933875391,17.2553627563991,66.208264862459));
#4666=CARTESIAN_POINT('Ctrl Pts',(-10.6353028082741,15.0917274600134,61.8809942696876));
#4667=CARTESIAN_POINT('Ctrl Pts',(-12.1702196415528,12.5579141048703,56.8133675594014));
#4668=CARTESIAN_POINT('Ctrl Pts',(-12.9944736178752,10.6635130802034,53.0245655100675));
#4669=CARTESIAN_POINT('Ctrl Pts',(-13.3517674838795,9.67659748720683,51.0507343240745));
#4670=CARTESIAN_POINT('Origin',(0.,0.00909470143864555,31.7157287525381));
#4671=CARTESIAN_POINT('Origin',(0.,0.00909470143864555,31.7157287525381));
#4672=CARTESIAN_POINT('Origin',(0.,0.00909470143864777,31.7157287525381));
#4673=CARTESIAN_POINT('Origin',(0.,0.00909470143864777,31.7157287525381));
#4674=CARTESIAN_POINT('Origin',(0.,-11.4553713926286,43.1801948466054));
#4675=CARTESIAN_POINT('Ctrl Pts',(14.9907596340807,-9.72922419336861,42.1985281282381));
#4676=CARTESIAN_POINT('Ctrl Pts',(15.0040592397985,-9.12724652401566,41.0609522863089));
#4677=CARTESIAN_POINT('Ctrl Pts',(15.0065819744867,-8.35630753407521,39.3918314422655));
#4678=CARTESIAN_POINT('Ctrl Pts',(14.9287425681116,-8.00682880259829,37.5555776275566));
#4679=CARTESIAN_POINT('Ctrl Pts',(14.778138822793,-8.21417444609078,36.1369413742919));
#4680=CARTESIAN_POINT('Ctrl Pts',(14.4480200182156,-9.2903174888832,35.1290218062936));
#4681=CARTESIAN_POINT('Ctrl Pts',(13.6633427175847,-11.6417228803142,34.3428213747777));
#4682=CARTESIAN_POINT('Ctrl Pts',(12.2287187775366,-14.8706459015139,33.9905103621534));
#4683=CARTESIAN_POINT('Ctrl Pts',(9.08043764708117,-19.5336881093224,33.8136814668403));
#4684=CARTESIAN_POINT('Ctrl Pts',(3.7050907664844,-23.5174661534366,33.8354178176905));
#4685=CARTESIAN_POINT('Ctrl Pts',(-3.7058080456219,-23.5198365012036,33.8362419274517));
#4686=CARTESIAN_POINT('Ctrl Pts',(-9.07994456998106,-19.5338310751851,33.8133510143598));
#4687=CARTESIAN_POINT('Ctrl Pts',(-12.2285879086091,-14.8700794285695,33.9901697836846));
#4688=CARTESIAN_POINT('Ctrl Pts',(-13.663328836635,-11.640653891809,34.3414662175597));
#4689=CARTESIAN_POINT('Ctrl Pts',(-14.4479923346749,-9.29064849574242,35.1295002006386));
#4690=CARTESIAN_POINT('Ctrl Pts',(-14.7781803564254,-8.21383695489139,36.1364197589789));
#4691=CARTESIAN_POINT('Ctrl Pts',(-14.928649653759,-8.00732626419508,37.5563548318516));
#4692=CARTESIAN_POINT('Ctrl Pts',(-14.9872948647119,-8.26796026639691,38.9311623228276));
#4693=CARTESIAN_POINT('Ctrl Pts',(-15.004379778637,-8.87310352345885,40.5090704208312));
#4694=CARTESIAN_POINT('Ctrl Pts',(-14.9974094369396,-9.42823535869213,41.6297402072735));
#4695=CARTESIAN_POINT('Ctrl Pts',(-14.9907596340807,-9.7292241933686,42.1985281282381));
#4696=CARTESIAN_POINT('Ctrl Pts',(-15.5998856229258,3.55577959829226,42.8296907241091));
#4697=CARTESIAN_POINT('Ctrl Pts',(-15.6068877822959,3.52505978502307,42.0377588322151));
#4698=CARTESIAN_POINT('Ctrl Pts',(-15.6143252964841,3.49152528889906,40.4461481208541));
#4699=CARTESIAN_POINT('Ctrl Pts',(-15.5969898357347,3.56973094481781,38.0577552413412));
#4700=CARTESIAN_POINT('Ctrl Pts',(-15.5365526716949,3.82807818656605,35.7510335862686));
#4701=CARTESIAN_POINT('Ctrl Pts',(-15.3807868660679,4.4352215147488,32.9702635282376));
#4702=CARTESIAN_POINT('Ctrl Pts',(-15.0382342660354,5.5318588103755,30.221854402167));
#4703=CARTESIAN_POINT('Ctrl Pts',(-14.222096530284,7.47108520147763,26.812239882131));
#4704=CARTESIAN_POINT('Ctrl Pts',(-12.7294359617136,9.89738683510953,23.4740271228863));
#4705=CARTESIAN_POINT('Ctrl Pts',(-9.45278582871608,13.2938623381918,19.2601291163536));
#4706=CARTESIAN_POINT('Ctrl Pts',(-3.85815211142851,16.1406997312941,15.9775485965841));
#4707=CARTESIAN_POINT('Ctrl Pts',(3.85740708994003,16.1392762043122,15.978006424677));
#4708=CARTESIAN_POINT('Ctrl Pts',(9.45332512788455,13.2936254918338,19.2608854024559));
#4709=CARTESIAN_POINT('Ctrl Pts',(12.7295485080492,9.8977033690155,23.4741635271407));
#4710=CARTESIAN_POINT('Ctrl Pts',(14.2220632130656,7.47149295807995,26.8137268342129));
#4711=CARTESIAN_POINT('Ctrl Pts',(15.0382726139352,5.53175665933156,30.2212853398614));
#4712=CARTESIAN_POINT('Ctrl Pts',(15.3807380933102,4.4353082350846,32.970914577973));
#4713=CARTESIAN_POINT('Ctrl Pts',(15.5366520159611,3.82795760492908,35.7500677171245));
#4714=CARTESIAN_POINT('Ctrl Pts',(15.6168560541136,3.48393172810488,38.8297431031175));
#4715=CARTESIAN_POINT('Ctrl Pts',(15.6138899412968,3.49433997337315,41.2458269820644));
#4716=CARTESIAN_POINT('Ctrl Pts',(15.5998856229258,3.55577959829227,42.8296907241091));
#4717=CARTESIAN_POINT('Ctrl Pts',(-15.3361576557394,4.71280466408971,42.7087048915566));
#4718=CARTESIAN_POINT('Ctrl Pts',(-15.3569367326779,4.63220456339172,41.9597924160479));
#4719=CARTESIAN_POINT('Ctrl Pts',(-15.3883894458277,4.50188277323736,40.4587051855225));
#4720=CARTESIAN_POINT('Ctrl Pts',(-15.3947341308366,4.451566768881,38.2252817932371));
#4721=CARTESIAN_POINT('Ctrl Pts',(-15.3433339669038,4.6096229376101,36.0961143335057));
#4722=CARTESIAN_POINT('Ctrl Pts',(-15.1780683387581,5.13394627689277,33.5751559486125));
#4723=CARTESIAN_POINT('Ctrl Pts',(-14.7912990576859,6.2059152865959,31.1626960476105));
#4724=CARTESIAN_POINT('Ctrl Pts',(-13.8642785172599,8.15981631385527,28.2680562269645));
#4725=CARTESIAN_POINT('Ctrl Pts',(-12.2107187104254,10.5731257025925,25.5423426100586));
#4726=CARTESIAN_POINT('Ctrl Pts',(-8.73738035321276,13.7925675756463,22.2087913366536));
#4727=CARTESIAN_POINT('Ctrl Pts',(-3.37458432881925,16.1203420074923,19.756961748277));
#4728=CARTESIAN_POINT('Ctrl Pts',(3.37534361253097,16.1194705751218,19.7570054092027));
#4729=CARTESIAN_POINT('Ctrl Pts',(8.73694627847937,13.7943337286927,22.2088921722806));
#4730=CARTESIAN_POINT('Ctrl Pts',(12.2104168865892,10.5733003777518,25.5425595742494));
#4731=CARTESIAN_POINT('Ctrl Pts',(13.8644153276039,8.16052870467556,28.2694786146126));
#4732=CARTESIAN_POINT('Ctrl Pts',(14.791287635748,6.2057279519907,31.1621537849256));
#4733=CARTESIAN_POINT('Ctrl Pts',(15.178030191863,5.13409514880402,33.5757789827854));
#4734=CARTESIAN_POINT('Ctrl Pts',(15.3434357858467,4.60944055511126,36.0951834412398));
#4735=CARTESIAN_POINT('Ctrl Pts',(15.4115550337118,4.39939884992731,38.9379579161695));
#4736=CARTESIAN_POINT('Ctrl Pts',(15.3777158085211,4.55160446694224,41.2108799800151));
#4737=CARTESIAN_POINT('Ctrl Pts',(15.3361576557394,4.71280466408972,42.7087048915566));
#4738=CARTESIAN_POINT('Ctrl Pts',(-15.0205711724451,6.77084853303137,42.4969811194546));
#4739=CARTESIAN_POINT('Ctrl Pts',(-15.0518169516119,6.59955148658289,41.8233512365545));
#4740=CARTESIAN_POINT('Ctrl Pts',(-15.1015604827924,6.29430050964037,40.4806795209681));
#4741=CARTESIAN_POINT('Ctrl Pts',(-15.1260773687205,6.01433239808473,38.5184533121882));
#4742=CARTESIAN_POINT('Ctrl Pts',(-15.0820106715303,5.99631336485832,36.7000053096531));
#4743=CARTESIAN_POINT('Ctrl Pts',(-14.9106406769568,6.38126813519639,34.6337210795128));
#4744=CARTESIAN_POINT('Ctrl Pts',(-14.4926745577885,7.43256473073881,32.8091618519775));
#4745=CARTESIAN_POINT('Ctrl Pts',(-13.4865163516262,9.48325010030139,30.8157382198885));
#4746=CARTESIAN_POINT('Ctrl Pts',(-11.7191067571546,12.0553257626928,29.1617035781436));
#4747=CARTESIAN_POINT('Ctrl Pts',(-8.1116082463581,15.4194578055016,27.36797974053));
#4748=CARTESIAN_POINT('Ctrl Pts',(-2.96243394698,17.6134618000041,26.3663457365491));
#4749=CARTESIAN_POINT('Ctrl Pts',(2.96422978635653,17.6122458188265,26.3658072989112));
#4750=CARTESIAN_POINT('Ctrl Pts',(8.11054268803339,15.4226201941006,27.367034869932));
#4751=CARTESIAN_POINT('Ctrl Pts',(11.7185820291575,12.0557624012246,29.1619703138556));
#4752=CARTESIAN_POINT('Ctrl Pts',(13.4867345274644,9.48421717903095,30.8170806917476));
#4753=CARTESIAN_POINT('Ctrl Pts',(14.4926352468426,7.43230002904403,32.8086566970401));
#4754=CARTESIAN_POINT('Ctrl Pts',(14.9106101619128,6.38150303311844,34.6342987033076));
#4755=CARTESIAN_POINT('Ctrl Pts',(15.0821142669015,5.99601151596993,36.6991353006362));
#4756=CARTESIAN_POINT('Ctrl Pts',(15.1404478825765,6.02123506876373,39.1273359807039));
#4757=CARTESIAN_POINT('Ctrl Pts',(15.0830627291317,6.42825444916364,41.1497213891619));
#4758=CARTESIAN_POINT('Ctrl Pts',(15.0205711724451,6.77084853303138,42.4969811194546));
#4759=CARTESIAN_POINT('Ctrl Pts',(-14.9659136030568,8.8502687743636,42.2890444386898));
#4760=CARTESIAN_POINT('Ctrl Pts',(-14.9831314911037,8.58738110220602,41.6889976988635));
#4761=CARTESIAN_POINT('Ctrl Pts',(-15.0085206223749,8.10568250292855,40.5020391602407));
#4762=CARTESIAN_POINT('Ctrl Pts',(-15.0095711013691,7.59508411693376,38.8083852837503));
#4763=CARTESIAN_POINT('Ctrl Pts',(-14.9576516592976,7.40311303859715,37.2981214770429));
#4764=CARTESIAN_POINT('Ctrl Pts',(-14.7990410960612,7.65789583821318,35.6814638921463));
#4765=CARTESIAN_POINT('Ctrl Pts',(-14.4325892969937,8.72107198299512,34.4295170856137));
#4766=CARTESIAN_POINT('Ctrl Pts',(-13.555346992222,10.9709562957377,33.2885694776509));
#4767=CARTESIAN_POINT('Ctrl Pts',(-11.9825796980423,13.9759119385473,32.5744808451106));
#4768=CARTESIAN_POINT('Ctrl Pts',(-8.64864654269029,18.179618534226,31.9846968931859));
#4769=CARTESIAN_POINT('Ctrl Pts',(-3.38529302080933,21.5075878661943,31.8235404329141));
#4770=CARTESIAN_POINT('Ctrl Pts',(3.38564762334724,21.5057006836082,31.8226573465625));
#4771=CARTESIAN_POINT('Ctrl Pts',(8.64848594277151,18.1807264068051,31.9843506462089));
#4772=CARTESIAN_POINT('Ctrl Pts',(11.9824107434237,13.9764328633085,32.5748415533777));
#4773=CARTESIAN_POINT('Ctrl Pts',(13.5554245994652,10.972101173482,33.2898870284443));
#4774=CARTESIAN_POINT('Ctrl Pts',(14.4325931829137,8.72073607305986,34.4290412544601));
#4775=CARTESIAN_POINT('Ctrl Pts',(14.7990010858088,7.65821749065521,35.6819970236482));
#4776=CARTESIAN_POINT('Ctrl Pts',(14.9577504128401,7.4026649463242,37.2973256393931));
#4777=CARTESIAN_POINT('Ctrl Pts',(15.0265860994213,7.66040264584616,39.3142915143375));
#4778=CARTESIAN_POINT('Ctrl Pts',(15.000349378243,8.32449344390548,41.088950990666));
#4779=CARTESIAN_POINT('Ctrl Pts',(14.9659136030568,8.85026877436362,42.2890444386898));
#4780=CARTESIAN_POINT('Ctrl Pts',(-14.9905150907803,9.74023879949446,42.2011371452386));
#4781=CARTESIAN_POINT('Ctrl Pts',(-14.9972437282999,9.43864041224475,41.632084119092));
#4782=CARTESIAN_POINT('Ctrl Pts',(-15.0043907145902,8.88218371435095,40.510997959307));
#4783=CARTESIAN_POINT('Ctrl Pts',(-14.9877324202763,8.27358730989131,38.9316034775455));
#4784=CARTESIAN_POINT('Ctrl Pts',(-14.9296560829568,8.00787197247976,37.5526119668644));
#4785=CARTESIAN_POINT('Ctrl Pts',(-14.7799748791121,8.20849711454206,36.1270215452393));
#4786=CARTESIAN_POINT('Ctrl Pts',(-14.4508032400184,9.28158574829974,35.1156568554544));
#4787=CARTESIAN_POINT('Ctrl Pts',(-13.6665458845698,11.632452704488,34.3244430064294));
#4788=CARTESIAN_POINT('Ctrl Pts',(-12.2321923694592,14.863722298349,33.9723585895055));
#4789=CARTESIAN_POINT('Ctrl Pts',(-9.08353638228187,19.5305137490033,33.7951376089669));
#4790=CARTESIAN_POINT('Ctrl Pts',(-3.70744304457582,23.5200341502047,33.8180575078205));
#4791=CARTESIAN_POINT('Ctrl Pts',(3.70672712548925,23.5176693673086,33.8172323309184));
#4792=CARTESIAN_POINT('Ctrl Pts',(9.08405461507657,19.5303328317405,33.7954678935395));
#4793=CARTESIAN_POINT('Ctrl Pts',(12.2323005194535,14.8643225683957,33.9727058418473));
#4794=CARTESIAN_POINT('Ctrl Pts',(13.6665138688052,11.6336357294654,34.3257918098273));
#4795=CARTESIAN_POINT('Ctrl Pts',(14.4508400899533,9.28122795491988,35.1151838244786));
#4796=CARTESIAN_POINT('Ctrl Pts',(14.7799280115402,8.20885334442601,36.1275385859512));
#4797=CARTESIAN_POINT('Ctrl Pts',(14.9297515465876,8.00735770744143,37.5518513723139));
#4798=CARTESIAN_POINT('Ctrl Pts',(15.0068226144998,8.36367942787787,39.3936387285084));
#4799=CARTESIAN_POINT('Ctrl Pts',(15.0039723654649,9.13704204089254,41.0630311229406));
#4800=CARTESIAN_POINT('Ctrl Pts',(14.9905150907803,9.74023879949448,42.2011371452386));
#4801=CARTESIAN_POINT('Ctrl Pts',(15.6060240923544,3.5289778897429,42.0000086711106));
#4802=CARTESIAN_POINT('Ctrl Pts',(15.6137277057261,3.49554218426712,40.6861514036324));
#4803=CARTESIAN_POINT('Ctrl Pts',(15.6098711099468,3.51389283226996,38.5615351535116));
#4804=CARTESIAN_POINT('Ctrl Pts',(15.5366520159611,3.82795760492908,35.7500677171245));
#4805=CARTESIAN_POINT('Ctrl Pts',(15.3807380933102,4.4353082350846,32.970914577973));
#4806=CARTESIAN_POINT('Ctrl Pts',(15.0382726139352,5.53175665933156,30.2212853398614));
#4807=CARTESIAN_POINT('Ctrl Pts',(14.2220632130656,7.47149295807995,26.8137268342129));
#4808=CARTESIAN_POINT('Ctrl Pts',(12.7295485080492,9.8977033690155,23.4741635271407));
#4809=CARTESIAN_POINT('Ctrl Pts',(9.45332512788455,13.2936254918338,19.2608854024559));
#4810=CARTESIAN_POINT('Ctrl Pts',(3.85740708994003,16.1392762043122,15.978006424677));
#4811=CARTESIAN_POINT('Ctrl Pts',(-3.85815211142851,16.1406997312941,15.9775485965841));
#4812=CARTESIAN_POINT('Ctrl Pts',(-9.45278582871608,13.2938623381918,19.2601291163536));
#4813=CARTESIAN_POINT('Ctrl Pts',(-12.7294359617136,9.89738683510953,23.4740271228863));
#4814=CARTESIAN_POINT('Ctrl Pts',(-14.222096530284,7.47108520147763,26.812239882131));
#4815=CARTESIAN_POINT('Ctrl Pts',(-15.0382342660354,5.5318588103755,30.221854402167));
#4816=CARTESIAN_POINT('Ctrl Pts',(-15.3807868660679,4.4352215147488,32.9702635282376));
#4817=CARTESIAN_POINT('Ctrl Pts',(-15.5365526716949,3.82807818656605,35.7510335862686));
#4818=CARTESIAN_POINT('Ctrl Pts',(-15.5969898357347,3.56973094481781,38.0577552413412));
#4819=CARTESIAN_POINT('Ctrl Pts',(-15.6123103569651,3.50061530784907,40.1685398548049));
#4820=CARTESIAN_POINT('Ctrl Pts',(-15.6089038370462,3.51597060561207,41.4827495793204));
#4821=CARTESIAN_POINT('Ctrl Pts',(-15.6059507102469,3.52904986919922,42.0000029372505));
#4822=CARTESIAN_POINT('Ctrl Pts',(-14.9905150907803,9.74023879949446,42.2011371452386));
#4823=CARTESIAN_POINT('Ctrl Pts',(-14.9972437282999,9.43864041224475,41.632084119092));
#4824=CARTESIAN_POINT('Ctrl Pts',(-15.0043907145902,8.88218371435095,40.510997959307));
#4825=CARTESIAN_POINT('Ctrl Pts',(-14.9877324202763,8.27358730989131,38.9316034775455));
#4826=CARTESIAN_POINT('Ctrl Pts',(-14.9296560829568,8.00787197247976,37.5526119668644));
#4827=CARTESIAN_POINT('Ctrl Pts',(-14.7799748791121,8.20849711454206,36.1270215452393));
#4828=CARTESIAN_POINT('Ctrl Pts',(-14.4508032400184,9.28158574829974,35.1156568554544));
#4829=CARTESIAN_POINT('Ctrl Pts',(-13.6665458845698,11.632452704488,34.3244430064294));
#4830=CARTESIAN_POINT('Ctrl Pts',(-12.2321923694592,14.863722298349,33.9723585895055));
#4831=CARTESIAN_POINT('Ctrl Pts',(-9.08353638228187,19.5305137490033,33.7951376089669));
#4832=CARTESIAN_POINT('Ctrl Pts',(-3.70744304457582,23.5200341502047,33.8180575078205));
#4833=CARTESIAN_POINT('Ctrl Pts',(3.70672712548925,23.5176693673086,33.8172323309184));
#4834=CARTESIAN_POINT('Ctrl Pts',(9.08405461507657,19.5303328317405,33.7954678935395));
#4835=CARTESIAN_POINT('Ctrl Pts',(12.2323005194535,14.8643225683957,33.9727058418473));
#4836=CARTESIAN_POINT('Ctrl Pts',(13.6665138688052,11.6336357294654,34.3257918098273));
#4837=CARTESIAN_POINT('Ctrl Pts',(14.4508400899533,9.28122795491988,35.1151838244786));
#4838=CARTESIAN_POINT('Ctrl Pts',(14.7799280115402,8.20885334442601,36.1275385859512));
#4839=CARTESIAN_POINT('Ctrl Pts',(14.9297515465876,8.00735770744143,37.5518513723139));
#4840=CARTESIAN_POINT('Ctrl Pts',(15.0068226144998,8.36367942787787,39.3936387285084));
#4841=CARTESIAN_POINT('Ctrl Pts',(15.0039723654649,9.13704204089254,41.0630311229406));
#4842=CARTESIAN_POINT('Ctrl Pts',(14.9905150907803,9.74023879949448,42.2011371452386));
#4843=CARTESIAN_POINT('Origin',(0.,0.,0.));
#4844=CARTESIAN_POINT('Ctrl Pts',(-15.6060541815883,-3.52859225856145,42.0000030088485));
#4845=CARTESIAN_POINT('Ctrl Pts',(-15.6089908460787,-3.5155835950032,41.4790900917745));
#4846=CARTESIAN_POINT('Ctrl Pts',(-15.6122743112216,-3.50077047938262,40.1610161529379));
#4847=CARTESIAN_POINT('Ctrl Pts',(-15.5965344933587,-3.57176381047881,38.0464778248726));
#4848=CARTESIAN_POINT('Ctrl Pts',(-15.535505330741,-3.832385822229,35.7431924265848));
#4849=CARTESIAN_POINT('Ctrl Pts',(-15.3789193953045,-4.44190081162899,32.967885884071));
#4850=CARTESIAN_POINT('Ctrl Pts',(-15.035309096247,-5.53975607934031,30.2245237430715));
#4851=CARTESIAN_POINT('Ctrl Pts',(-14.2187487080429,-7.47733196695837,26.821456944038));
#4852=CARTESIAN_POINT('Ctrl Pts',(-12.7256849780648,-9.90205802053495,23.4862255346333));
#4853=CARTESIAN_POINT('Ctrl Pts',(-9.44904800778506,-13.2962279040729,19.2755980853581));
#4854=CARTESIAN_POINT('Ctrl Pts',(-3.85645064910259,-16.1405599444465,15.9958935710112));
#4855=CARTESIAN_POINT('Ctrl Pts',(3.85570421227654,-16.1391320890559,15.9963579929214));
#4856=CARTESIAN_POINT('Ctrl Pts',(9.44956112866972,-13.296018155332,19.2763230531247));
#4857=CARTESIAN_POINT('Ctrl Pts',(12.7258211668675,-9.9023525447655,23.4863778677055));
#4858=CARTESIAN_POINT('Ctrl Pts',(14.2187631532589,-7.4776560702082,26.8230505751833));
#4859=CARTESIAN_POINT('Ctrl Pts',(15.0353379051349,-5.53967483682154,30.2239225258216));
#4860=CARTESIAN_POINT('Ctrl Pts',(15.378876173313,-4.44197263775112,32.9685609361455));
#4861=CARTESIAN_POINT('Ctrl Pts',(15.5356020220999,-3.8322826641094,35.7421821033745));
#4862=CARTESIAN_POINT('Ctrl Pts',(15.6096431602463,-3.51499657082933,38.5530908451145));
#4863=CARTESIAN_POINT('Ctrl Pts',(15.6137496768005,-3.49544905483203,40.6823490601115));
#4864=CARTESIAN_POINT('Ctrl Pts',(15.6061242250835,-3.52853410077659,42.0000077394011));
#4865=CARTESIAN_POINT('',(-16.,-1.95943487863577E-15,0.));
#4866=CARTESIAN_POINT('Ctrl Pts',(-14.9907596340807,-9.7292241933686,42.1985281282381));
#4867=CARTESIAN_POINT('Ctrl Pts',(-14.9974094369396,-9.42823535869213,41.6297402072735));
#4868=CARTESIAN_POINT('Ctrl Pts',(-15.004379778637,-8.87310352345885,40.5090704208312));
#4869=CARTESIAN_POINT('Ctrl Pts',(-14.9872948647119,-8.26796026639691,38.9311623228276));
#4870=CARTESIAN_POINT('Ctrl Pts',(-14.928649653759,-8.00732626419508,37.5563548318516));
#4871=CARTESIAN_POINT('Ctrl Pts',(-14.7781803564254,-8.21383695489139,36.1364197589789));
#4872=CARTESIAN_POINT('Ctrl Pts',(-14.4479923346749,-9.29064849574242,35.1295002006386));
#4873=CARTESIAN_POINT('Ctrl Pts',(-13.663328836635,-11.640653891809,34.3414662175597));
#4874=CARTESIAN_POINT('Ctrl Pts',(-12.2285879086091,-14.8700794285695,33.9901697836846));
#4875=CARTESIAN_POINT('Ctrl Pts',(-9.07994456998106,-19.5338310751851,33.8133510143598));
#4876=CARTESIAN_POINT('Ctrl Pts',(-3.7058080456219,-23.5198365012036,33.8362419274517));
#4877=CARTESIAN_POINT('Ctrl Pts',(3.7050907664844,-23.5174661534366,33.8354178176905));
#4878=CARTESIAN_POINT('Ctrl Pts',(9.08043764708117,-19.5336881093224,33.8136814668403));
#4879=CARTESIAN_POINT('Ctrl Pts',(12.2287187775366,-14.8706459015139,33.9905103621534));
#4880=CARTESIAN_POINT('Ctrl Pts',(13.6633427175847,-11.6417228803142,34.3428213747777));
#4881=CARTESIAN_POINT('Ctrl Pts',(14.4480200182156,-9.2903174888832,35.1290218062936));
#4882=CARTESIAN_POINT('Ctrl Pts',(14.778138822793,-8.21417444609078,36.1369413742919));
#4883=CARTESIAN_POINT('Ctrl Pts',(14.9287425681116,-8.00682880259829,37.5555776275566));
#4884=CARTESIAN_POINT('Ctrl Pts',(15.0065819744867,-8.35630753407521,39.3918314422655));
#4885=CARTESIAN_POINT('Ctrl Pts',(15.0040592397985,-9.12724652401566,41.0609522863089));
#4886=CARTESIAN_POINT('Ctrl Pts',(14.9907596340807,-9.72922419336861,42.1985281282381));
#4887=CARTESIAN_POINT('Ctrl Pts',(-14.9584680379858,-8.54448352006108,42.3142259961263));
#4888=CARTESIAN_POINT('Ctrl Pts',(-14.9790662185789,-8.29506062404554,41.7040530366967));
#4889=CARTESIAN_POINT('Ctrl Pts',(-15.0102696312251,-7.8395088066875,40.4953996892093));
#4890=CARTESIAN_POINT('Ctrl Pts',(-15.016627421032,-7.36474300050236,38.7648261032773));
#4891=CARTESIAN_POINT('Ctrl Pts',(-14.9659791071356,-7.20187766310542,37.214850166985));
#4892=CARTESIAN_POINT('Ctrl Pts',(-14.8033671946651,-7.47988386011379,35.5401429713942));
#4893=CARTESIAN_POINT('Ctrl Pts',(-14.4232803282816,-8.54290521042753,34.212617572908));
#4894=CARTESIAN_POINT('Ctrl Pts',(-13.5146162082688,-10.7580210061204,32.9589721621106));
#4895=CARTESIAN_POINT('Ctrl Pts',(-11.8954622634808,-13.6856928624271,32.1254622831455));
#4896=CARTESIAN_POINT('Ctrl Pts',(-8.49998769647118,-17.7320209392549,31.3991651309778));
#4897=CARTESIAN_POINT('Ctrl Pts',(-3.27634349493001,-20.8363516012357,31.1770187073434));
#4898=CARTESIAN_POINT('Ctrl Pts',(3.27712916898276,-20.8348016282355,31.1760366132216));
#4899=CARTESIAN_POINT('Ctrl Pts',(8.49950658528283,-17.733677506149,31.3985513733365));
#4900=CARTESIAN_POINT('Ctrl Pts',(11.8951789679862,-13.6860439874806,32.1258741876618));
#4901=CARTESIAN_POINT('Ctrl Pts',(13.5148076313882,-10.7590909979008,32.9602838540286));
#4902=CARTESIAN_POINT('Ctrl Pts',(14.4232569586189,-8.54258921205525,34.2121362031188));
#4903=CARTESIAN_POINT('Ctrl Pts',(14.80333660356,-7.48018066178386,35.5406875171939));
#4904=CARTESIAN_POINT('Ctrl Pts',(14.9660752673917,-7.20146802712351,37.2140208218659));
#4905=CARTESIAN_POINT('Ctrl Pts',(15.0332137128158,-7.42024671202869,39.2840477218743));
#4906=CARTESIAN_POINT('Ctrl Pts',(14.999664399172,-8.04563772803,41.0938800772671));
#4907=CARTESIAN_POINT('Ctrl Pts',(14.9584680379858,-8.54448352006108,42.3142259961263));
#4908=CARTESIAN_POINT('Ctrl Pts',(-15.0510316387683,-6.46749960556105,42.5203975931836));
#4909=CARTESIAN_POINT('Ctrl Pts',(-15.0821018265133,-6.30999216686743,41.8361213443927));
#4910=CARTESIAN_POINT('Ctrl Pts',(-15.1314733334141,-6.03137012600395,40.4708283155347));
#4911=CARTESIAN_POINT('Ctrl Pts',(-15.1551770538231,-5.78737181348679,38.4704787464385));
#4912=CARTESIAN_POINT('Ctrl Pts',(-15.1100379330182,-5.79811864145475,36.6114415002285));
#4913=CARTESIAN_POINT('Ctrl Pts',(-14.9371917920373,-6.20633569822404,34.4857846461924));
#4914=CARTESIAN_POINT('Ctrl Pts',(-14.5173099071954,-7.26034951607466,32.5820905705361));
#4915=CARTESIAN_POINT('Ctrl Pts',(-13.5094301290744,-9.28806470509158,30.4649615580083));
#4916=CARTESIAN_POINT('Ctrl Pts',(-11.7393570767793,-11.8153831350197,28.6601452765313));
#4917=CARTESIAN_POINT('Ctrl Pts',(-8.12681535742885,-15.1053438955708,26.6492618175891));
#4918=CARTESIAN_POINT('Ctrl Pts',(-2.96934078509062,-17.2247939820069,25.4453246383709));
#4919=CARTESIAN_POINT('Ctrl Pts',(2.97112710295086,-17.2236414394871,25.4449034956255));
#4920=CARTESIAN_POINT('Ctrl Pts',(8.12572559262826,-15.1085654331897,26.6484379643243));
#4921=CARTESIAN_POINT('Ctrl Pts',(11.7388598368043,-11.815778883344,28.660390522515));
#4922=CARTESIAN_POINT('Ctrl Pts',(13.5097054807356,-9.28890863719034,30.4663774678531));
#4923=CARTESIAN_POINT('Ctrl Pts',(14.5172590040505,-7.26011836570415,32.581559368246));
#4924=CARTESIAN_POINT('Ctrl Pts',(14.9371681697602,-6.20654206158204,34.4863839369252));
#4925=CARTESIAN_POINT('Ctrl Pts',(15.1101378357161,-5.79785282537093,36.610531328205));
#4926=CARTESIAN_POINT('Ctrl Pts',(15.1699156667778,-5.78457979936751,39.0929865499925));
#4927=CARTESIAN_POINT('Ctrl Pts',(15.1131720142582,-6.15248472817382,41.1518450956019));
#4928=CARTESIAN_POINT('Ctrl Pts',(15.0510316387683,-6.46749960556105,42.5203975931836));
#4929=CARTESIAN_POINT('Ctrl Pts',(-15.4027209821455,-4.42106464080762,42.7293693764511));
#4930=CARTESIAN_POINT('Ctrl Pts',(-15.4199338353725,-4.35331533479789,41.9697187169075));
#4931=CARTESIAN_POINT('Ctrl Pts',(-15.4451333415169,-4.24806488487687,40.4457647570083));
#4932=CARTESIAN_POINT('Ctrl Pts',(-15.444987107142,-4.23205469615062,38.17367808268));
#4933=CARTESIAN_POINT('Ctrl Pts',(-15.390585718871,-4.41782906979827,36.0036670894322));
#4934=CARTESIAN_POINT('Ctrl Pts',(-15.2267071903548,-4.96568237775237,33.4232556518745));
#4935=CARTESIAN_POINT('Ctrl Pts',(-14.8497912627726,-6.04530319608832,30.9317930782286));
#4936=CARTESIAN_POINT('Ctrl Pts',(-13.9500628455992,-7.99388967154861,27.914507290834));
#4937=CARTESIAN_POINT('Ctrl Pts',(-12.3363618069203,-10.4086847843531,25.0383831509601));
#4938=CARTESIAN_POINT('Ctrl Pts',(-8.91257139257424,-13.6699602867556,21.4876085261045));
#4939=CARTESIAN_POINT('Ctrl Pts',(-3.49414409258496,-16.1254856170306,18.8303537499922));
#4940=CARTESIAN_POINT('Ctrl Pts',(3.49446603763378,-16.1243334031964,18.8305603058125));
#4941=CARTESIAN_POINT('Ctrl Pts',(8.9124049393818,-13.6711796291325,21.4878746899072));
#4942=CARTESIAN_POINT('Ctrl Pts',(12.3362233594819,-10.4089620258858,25.0385581878242));
#4943=CARTESIAN_POINT('Ctrl Pts',(13.9501905438832,-7.99440933437263,27.9160495007499));
#4944=CARTESIAN_POINT('Ctrl Pts',(14.8497860052296,-6.04516776449584,30.9312123078693));
#4945=CARTESIAN_POINT('Ctrl Pts',(15.2266719508279,-4.96579734145853,33.423908183398));
#4946=CARTESIAN_POINT('Ctrl Pts',(15.3906840465858,-4.41767990137938,36.0026867943148));
#4947=CARTESIAN_POINT('Ctrl Pts',(15.4628309788047,-4.17054990154676,38.9000866836459));
#4948=CARTESIAN_POINT('Ctrl Pts',(15.4371466885994,-4.28556602878817,41.210068057364));
#4949=CARTESIAN_POINT('Ctrl Pts',(15.4027209821455,-4.42106464080762,42.7293693764511));
#4950=CARTESIAN_POINT('Ctrl Pts',(-15.6001401070109,-3.55466294346329,42.818928528982));
#4951=CARTESIAN_POINT('Ctrl Pts',(-15.6070602270591,-3.52429301978079,42.0269747027772));
#4952=CARTESIAN_POINT('Ctrl Pts',(-15.61431391598,-3.49157098691222,40.4350232903274));
#4953=CARTESIAN_POINT('Ctrl Pts',(-15.5965344933587,-3.57176381047881,38.0464778248726));
#4954=CARTESIAN_POINT('Ctrl Pts',(-15.535505330741,-3.832385822229,35.7431924265848));
#4955=CARTESIAN_POINT('Ctrl Pts',(-15.3789193953045,-4.44190081162899,32.967885884071));
#4956=CARTESIAN_POINT('Ctrl Pts',(-15.035309096247,-5.53975607934031,30.2245237430715));
#4957=CARTESIAN_POINT('Ctrl Pts',(-14.2187487080429,-7.47733196695837,26.821456944038));
#4958=CARTESIAN_POINT('Ctrl Pts',(-12.7256849780648,-9.90205802053495,23.4862255346333));
#4959=CARTESIAN_POINT('Ctrl Pts',(-9.44904800778506,-13.2962279040729,19.2755980853581));
#4960=CARTESIAN_POINT('Ctrl Pts',(-3.85645064910259,-16.1405599444465,15.9958935710112));
#4961=CARTESIAN_POINT('Ctrl Pts',(3.85570421227654,-16.1391320890559,15.9963579929214));
#4962=CARTESIAN_POINT('Ctrl Pts',(9.44956112866972,-13.296018155332,19.2763230531247));
#4963=CARTESIAN_POINT('Ctrl Pts',(12.7258211668675,-9.9023525447655,23.4863778677055));
#4964=CARTESIAN_POINT('Ctrl Pts',(14.2187631532589,-7.4776560702082,26.8230505751833));
#4965=CARTESIAN_POINT('Ctrl Pts',(15.0353379051349,-5.53967483682154,30.2239225258216));
#4966=CARTESIAN_POINT('Ctrl Pts',(15.378876173313,-4.44197263775112,32.9685609361455));
#4967=CARTESIAN_POINT('Ctrl Pts',(15.5356020220999,-3.8322826641094,35.7421821033745));
#4968=CARTESIAN_POINT('Ctrl Pts',(15.6166056319862,-3.48516051599235,38.8174151541105));
#4969=CARTESIAN_POINT('Ctrl Pts',(15.6139803471074,-3.4939230960983,41.2350208765726));
#4970=CARTESIAN_POINT('Ctrl Pts',(15.6001401070109,-3.55466294346329,42.818928528982));
#4971=CARTESIAN_POINT('Origin',(0.,11.4735607955059,43.1801948466054));
#4972=CARTESIAN_POINT('',(0.,0.,0.));
#4973=CARTESIAN_POINT('Origin',(0.,0.,3.5));
#4974=CARTESIAN_POINT('',(-10.,1.22464679914735E-15,3.));
#4975=CARTESIAN_POINT('Origin',(0.,0.,3.));
#4976=CARTESIAN_POINT('',(-11.,-1.34711147906209E-15,4.));
#4977=CARTESIAN_POINT('',(-10.5,1.28587913910472E-15,3.5));
#4978=CARTESIAN_POINT('Origin',(0.,0.,4.));
#4979=CARTESIAN_POINT('Origin',(0.,0.,0.));
#4980=CARTESIAN_POINT('',(-11.,-1.34711147906209E-15,18.2));
#4981=CARTESIAN_POINT('Origin',(0.,0.,18.2));
#4982=CARTESIAN_POINT('',(-11.,-1.34711147906209E-15,0.));
#4983=CARTESIAN_POINT('Origin',(0.,0.,3.));
#4984=CARTESIAN_POINT('Origin',(0.,0.,17.3958099048089));
#4985=CARTESIAN_POINT('',(-12.,1.46957615897682E-15,18.2));
#4986=CARTESIAN_POINT('Origin',(0.,0.,18.2));
#4987=CARTESIAN_POINT('',(-12.75,-1.56142466891288E-15,16.5916198096178));
#4988=CARTESIAN_POINT('',(-12.375,-1.51550041394485E-15,17.3958099048089));
#4989=CARTESIAN_POINT('Origin',(0.,0.,16.5916198096178));
#4990=CARTESIAN_POINT('Origin',(0.,0.,0.));
#4991=CARTESIAN_POINT('',(-12.75,1.56142466891288E-15,3.));
#4992=CARTESIAN_POINT('',(-12.75,-1.56142466891288E-15,0.));
#4993=CARTESIAN_POINT('Origin',(0.,0.,3.));
#4994=CARTESIAN_POINT('Origin',(0.,0.,18.2));
#4995=CARTESIAN_POINT('Origin',(0.,0.,3.));
#4996=CARTESIAN_POINT('',(-16.,-1.95943487863577E-15,3.));
#4997=CARTESIAN_POINT('Origin',(0.,0.,3.));
#4998=CARTESIAN_POINT('Origin',(0.,0.,0.));
#4999=CARTESIAN_POINT('',(-16.,-1.95943487863577E-15,0.));
#5000=CARTESIAN_POINT('',(-16.,-1.95943487863577E-15,0.));
#5001=CARTESIAN_POINT('Origin',(0.,0.,0.));
#5002=CARTESIAN_POINT('Origin',(0.,0.,0.));
#5003=CARTESIAN_POINT('',(0.,0.,0.));
#5004=CARTESIAN_POINT('',(0.,0.,0.));
#5005=CARTESIAN_POINT('Origin',(0.,0.,0.));
#5006=UNCERTAINTY_MEASURE_WITH_UNIT(LENGTH_MEASURE(0.01),#5014,
'DISTANCE_ACCURACY_VALUE',
'Maximum model space distance between geometric entities at asserted c
onnectivities');
#5007=UNCERTAINTY_MEASURE_WITH_UNIT(LENGTH_MEASURE(0.01),#5014,
'DISTANCE_ACCURACY_VALUE',
'Maximum model space distance between geometric entities at asserted c
onnectivities');
#5008=UNCERTAINTY_MEASURE_WITH_UNIT(LENGTH_MEASURE(0.01),#5014,
'DISTANCE_ACCURACY_VALUE',
'Maximum model space distance between geometric entities at asserted c
onnectivities');
#5009=UNCERTAINTY_MEASURE_WITH_UNIT(LENGTH_MEASURE(0.01),#5014,
'DISTANCE_ACCURACY_VALUE',
'Maximum model space distance between geometric entities at asserted c
onnectivities');
#5010=(
GEOMETRIC_REPRESENTATION_CONTEXT(3)
GLOBAL_UNCERTAINTY_ASSIGNED_CONTEXT((#5006))
GLOBAL_UNIT_ASSIGNED_CONTEXT((#5014,#5016,#5017))
REPRESENTATION_CONTEXT('','3D')
);
#5011=(
GEOMETRIC_REPRESENTATION_CONTEXT(3)
GLOBAL_UNCERTAINTY_ASSIGNED_CONTEXT((#5007))
GLOBAL_UNIT_ASSIGNED_CONTEXT((#5014,#5016,#5017))
REPRESENTATION_CONTEXT('','3D')
);
#5012=(
GEOMETRIC_REPRESENTATION_CONTEXT(3)
GLOBAL_UNCERTAINTY_ASSIGNED_CONTEXT((#5008))
GLOBAL_UNIT_ASSIGNED_CONTEXT((#5014,#5016,#5017))
REPRESENTATION_CONTEXT('','3D')
);
#5013=(
GEOMETRIC_REPRESENTATION_CONTEXT(3)
GLOBAL_UNCERTAINTY_ASSIGNED_CONTEXT((#5009))
GLOBAL_UNIT_ASSIGNED_CONTEXT((#5014,#5016,#5017))
REPRESENTATION_CONTEXT('','3D')
);
#5014=(
LENGTH_UNIT()
NAMED_UNIT(*)
SI_UNIT(.MILLI.,.METRE.)
);
#5015=(
LENGTH_UNIT()
NAMED_UNIT(*)
SI_UNIT($,.METRE.)
);
#5016=(
NAMED_UNIT(*)
PLANE_ANGLE_UNIT()
SI_UNIT($,.RADIAN.)
);
#5017=(
NAMED_UNIT(*)
SI_UNIT($,.STERADIAN.)
SOLID_ANGLE_UNIT()
);
#5018=SHAPE_DEFINITION_REPRESENTATION(#5021,#5026);
#5019=SHAPE_DEFINITION_REPRESENTATION(#5022,#5027);
#5020=SHAPE_DEFINITION_REPRESENTATION(#5023,#5028);
#5021=PRODUCT_DEFINITION_SHAPE('',$,#5030);
#5022=PRODUCT_DEFINITION_SHAPE('',$,#5031);
#5023=PRODUCT_DEFINITION_SHAPE('',$,#5032);
#5024=PRODUCT_DEFINITION_SHAPE($,$,#20);
#5025=PRODUCT_DEFINITION_SHAPE($,$,#21);
#5026=SHAPE_REPRESENTATION('',(#1357,#1478,#1479),#5010);
#5027=SHAPE_REPRESENTATION('',(#1358),#5011);
#5028=SHAPE_REPRESENTATION('',(#1460),#5012);
#5029=PRODUCT_DEFINITION_CONTEXT('part definition',#5040,'design');
#5030=PRODUCT_DEFINITION('Y_Maze_Smooth (Assembly)',
'Y_Maze_Smooth (Assembly) v1',#5033,#5029);
#5031=PRODUCT_DEFINITION('Y_Maze_Smooth','Y_Maze_Smooth v5',#5034,#5029);
#5032=PRODUCT_DEFINITION('YMaze_LoadingCup','YMaze_LoadingCup v2',#5035,
#5029);
#5033=PRODUCT_DEFINITION_FORMATION('',$,#5042);
#5034=PRODUCT_DEFINITION_FORMATION('',$,#5043);
#5035=PRODUCT_DEFINITION_FORMATION('',$,#5044);
#5036=PRODUCT_RELATED_PRODUCT_CATEGORY('Y_Maze_Smooth (Assembly) v1',
'Y_Maze_Smooth (Assembly) v1',(#5042));
#5037=PRODUCT_RELATED_PRODUCT_CATEGORY('Y_Maze_Smooth v5',
'Y_Maze_Smooth v5',(#5043));
#5038=PRODUCT_RELATED_PRODUCT_CATEGORY('YMaze_LoadingCup v2',
'YMaze_LoadingCup v2',(#5044));
#5039=APPLICATION_PROTOCOL_DEFINITION('international standard',
'automotive_design',2009,#5040);
#5040=APPLICATION_CONTEXT(
'Core Data for Automotive Mechanical Design Process');
#5041=PRODUCT_CONTEXT('part definition',#5040,'mechanical');
#5042=PRODUCT('Y_Maze_Smooth (Assembly)','Y_Maze_Smooth (Assembly) v1',
$,(#5041));
#5043=PRODUCT('Y_Maze_Smooth','Y_Maze_Smooth v5',$,(#5041));
#5044=PRODUCT('YMaze_LoadingCup','YMaze_LoadingCup v2',$,(#5041));
#5045=PRESENTATION_STYLE_ASSIGNMENT((#5048));
#5046=PRESENTATION_STYLE_ASSIGNMENT((#5049));
#5047=PRESENTATION_STYLE_ASSIGNMENT((NULL_STYLE(.NULL.)));
#5048=SURFACE_STYLE_USAGE(.BOTH.,#5050);
#5049=SURFACE_STYLE_USAGE(.BOTH.,#5051);
#5050=SURFACE_SIDE_STYLE('',(#5052));
#5051=SURFACE_SIDE_STYLE('',(#5053));
#5052=SURFACE_STYLE_FILL_AREA(#5054);
#5053=SURFACE_STYLE_FILL_AREA(#5055);
#5054=FILL_AREA_STYLE('ABS (White)',(#5056));
#5055=FILL_AREA_STYLE('Nylon 12 (with Formlabs Fuse 1 3D Printer)',(#5057));
#5056=FILL_AREA_STYLE_COLOUR('ABS (White)',#5058);
#5057=FILL_AREA_STYLE_COLOUR(
'Nylon 12 (with Formlabs Fuse 1 3D Printer)',#5059);
#5058=COLOUR_RGB('ABS (White)',0.964705882352941,0.964705882352941,0.952941176470588);
#5059=COLOUR_RGB('Nylon 12 (with Formlabs Fuse 1 3D Printer)',0.247058823529412,
0.247058823529412,0.247058823529412);
ENDSEC;
END-ISO-10303-21;
